path	stem	backend	timestamp	last_update_date	n_qubits	rejection_reason	mean_T1	mean_T2	mean_readout_error	T1_n_usable	T1_qubit_std	T1_qubit_p10	T1_qubit_p50	T1_qubit_p90	T2_n_usable	T2_qubit_std	T2_qubit_p10	T2_qubit_p50	T2_qubit_p90	readout_error_n_usable	readout_error_qubit_std	readout_error_qubit_p10	readout_error_qubit_p50	readout_error_qubit_p90
snapshots/2026-05/ibm_fez/20260513T121322000000Z.json	20260513T121322000000Z	ibm_fez	2026-05-13T12:13:22+00:00	2026-05-13T12:13:22+00:00	156		155.1924205171878	109.59537464376824	0.03532605293469551	155	45.48468407945548	99.71925737730025	153.81085994432257	211.30507603001988	155	60.1104392374406	32.381052699489636	110.84705545110917	184.0975492116777	156	0.04693599459834519	0.010986328125	0.02191162109375	0.07049560546875
snapshots/2026-05/ibm_fez/20260513T143529000000Z.json	20260513T143529000000Z	ibm_fez	2026-05-13T14:35:29+00:00	2026-05-13T14:35:29+00:00	156		155.1924205171878	109.59537464376824	0.03582294170673077	155	45.48468407945548	99.71925737730025	153.81085994432257	211.30507603001988	155	60.1104392374406	32.381052699489636	110.84705545110917	184.0975492116777	156	0.055700233826292044	0.01092529296875	0.0216064453125	0.068603515625
snapshots/2026-05/ibm_fez/20260513T152118000000Z.json	20260513T152118000000Z	ibm_fez	2026-05-13T15:21:18+00:00	2026-05-13T15:21:18+00:00	156		155.1924205171878	109.59537464376824	0.033059927133413464	155	45.48468407945548	99.71925737730025	153.81085994432257	211.30507603001988	155	60.1104392374406	32.381052699489636	110.84705545110917	184.0975492116777	156	0.04377071172386156	0.01025390625	0.0206298828125	0.068359375
snapshots/2026-05/ibm_fez/20260513T184440000000Z.json	20260513T184440000000Z	ibm_fez	2026-05-13T18:44:40+00:00	2026-05-13T18:44:40+00:00	156		155.1924205171878	109.59537464376824	0.0345458984375	155	45.48468407945548	99.71925737730025	153.81085994432257	211.30507603001988	155	60.1104392374406	32.381052699489636	110.84705545110917	184.0975492116777	156	0.04635741676512981	0.01043701171875	0.02093505859375	0.06976318359375
snapshots/2026-05/ibm_fez/20260513T202707000000Z.json	20260513T202707000000Z	ibm_fez	2026-05-13T20:27:07+00:00	2026-05-13T20:27:07+00:00	156		155.1924205171878	109.59537464376824	0.0345458984375	155	45.48468407945548	99.71925737730025	153.81085994432257	211.30507603001988	155	60.1104392374406	32.381052699489636	110.84705545110917	184.0975492116777	156	0.04635741676512981	0.01043701171875	0.02093505859375	0.06976318359375
snapshots/2026-05/ibm_fez/20260513T215706000000Z.json	20260513T215706000000Z	ibm_fez	2026-05-13T21:57:06+00:00	2026-05-13T21:57:06+00:00	156		157.87940215127074	111.854512351671	0.034206292568108976	155	49.67982316309966	102.18747466010001	156.5043100051284	215.16594993223234	155	64.3244657931406	31.3720974645571	112.25488640789864	187.93911270735822	156	0.041901856973533796	0.0107421875	0.02197265625	0.0670166015625
snapshots/2026-05/ibm_fez/20260513T235420000000Z.json	20260513T235420000000Z	ibm_fez	2026-05-13T23:54:20+00:00	2026-05-13T23:54:20+00:00	156		157.87940215127074	111.854512351671	0.034206292568108976	155	49.67982316309966	102.18747466010001	156.5043100051284	215.16594993223234	155	64.3244657931406	31.3720974645571	112.25488640789864	187.93911270735822	156	0.041901856973533796	0.0107421875	0.02197265625	0.0670166015625
snapshots/2026-05/ibm_fez/20260514T042803000000Z.json	20260514T042803000000Z	ibm_fez	2026-05-14T04:28:03+00:00	2026-05-14T04:28:03+00:00	156		157.87940215127074	111.854512351671	0.03393711187900641	155	49.67982316309966	102.18747466010001	156.5043100051284	215.16594993223234	155	64.3244657931406	31.3720974645571	112.25488640789864	187.93911270735822	156	0.04214769941862422	0.010009765625	0.02117919921875	0.076416015625
snapshots/2026-05/ibm_fez/20260514T070546000000Z.json	20260514T070546000000Z	ibm_fez	2026-05-14T07:05:46+00:00	2026-05-14T07:05:46+00:00	156		143.69742593153495	105.27349806697968	0.03629713792067308	155	46.32774357657504	80.65122476770972	147.49666490371942	199.73932104563943	155	58.809238902613195	32.490575406701325	107.76105203061614	182.61171391360472	156	0.052560434462906355	0.0107421875	0.021484375	0.076171875
snapshots/2026-05/ibm_fez/20260514T094643000000Z.json	20260514T094643000000Z	ibm_fez	2026-05-14T09:46:43+00:00	2026-05-14T09:46:43+00:00	156		143.69742593153495	105.27349806697968	0.037820669320913464	155	46.32774357657504	80.65122476770972	147.49666490371942	199.73932104563943	155	58.809238902613195	32.490575406701325	107.76105203061614	182.61171391360472	156	0.054332305976271186	0.01104736328125	0.0213623046875	0.076904296875
snapshots/2026-05/ibm_fez/20260514T123242000000Z.json	20260514T123242000000Z	ibm_fez	2026-05-14T12:32:42+00:00	2026-05-14T12:32:42+00:00	156		143.69742593153495	105.27349806697968	0.036856626852964744	155	46.32774357657504	80.65122476770972	147.49666490371942	199.73932104563943	155	58.809238902613195	32.490575406701325	107.76105203061614	182.61171391360472	156	0.05514802725241327	0.0113525390625	0.020751953125	0.0689697265625
snapshots/2026-05/ibm_fez/20260514T150000000000Z.json	20260514T150000000000Z	ibm_fez	2026-05-14T15:00:00+00:00	2026-05-14T15:00:00+00:00	156		143.69742593153495	105.27349806697968	0.03816027519030449	155	46.32774357657504	80.65122476770972	147.49666490371942	199.73932104563943	155	58.809238902613195	32.490575406701325	107.76105203061614	182.61171391360472	156	0.05903242497206095	0.011962890625	0.02301025390625	0.07623291015625
snapshots/2026-05/ibm_fez/20260514T165538000000Z.json	20260514T165538000000Z	ibm_fez	2026-05-14T16:55:38+00:00	2026-05-14T16:55:38+00:00	156		143.69742593153495	105.27349806697968	0.03816027519030449	155	46.32774357657504	80.65122476770972	147.49666490371942	199.73932104563943	155	58.809238902613195	32.490575406701325	107.76105203061614	182.61171391360472	156	0.05903242497206095	0.011962890625	0.02301025390625	0.07623291015625
snapshots/2026-05/ibm_fez/20260514T191202000000Z.json	20260514T191202000000Z	ibm_fez	2026-05-14T19:12:02+00:00	2026-05-14T19:12:02+00:00	156		143.69742593153495	105.27349806697968	0.03652797601161859	155	46.32774357657504	80.65122476770972	147.49666490371942	199.73932104563943	155	58.809238902613195	32.490575406701325	107.76105203061614	182.61171391360472	156	0.05593235251387042	0.0115966796875	0.02154541015625	0.067626953125
snapshots/2026-05/ibm_fez/20260514T195201000000Z.json	20260514T195201000000Z	ibm_fez	2026-05-14T19:52:01+00:00	2026-05-14T19:52:01+00:00	156		143.69742593153495	105.27349806697968	0.03652797601161859	155	46.32774357657504	80.65122476770972	147.49666490371942	199.73932104563943	155	58.809238902613195	32.490575406701325	107.76105203061614	182.61171391360472	156	0.05593235251387042	0.0115966796875	0.02154541015625	0.067626953125
snapshots/2026-05/ibm_fez/20260514T223551000000Z.json	20260514T223551000000Z	ibm_fez	2026-05-14T22:35:51+00:00	2026-05-14T22:35:51+00:00	156		143.69742593153495	105.27349806697968	0.036061604817708336	155	46.32774357657504	80.65122476770972	147.49666490371942	199.73932104563943	155	58.809238902613195	32.490575406701325	107.76105203061614	182.61171391360472	156	0.05367437906515879	0.0111083984375	0.02178955078125	0.06512451171875
snapshots/2026-05/ibm_fez/20260514T234626000000Z.json	20260514T234626000000Z	ibm_fez	2026-05-14T23:46:26+00:00	2026-05-14T23:46:26+00:00	156		143.69742593153495	105.27349806697968	0.036061604817708336	155	46.32774357657504	80.65122476770972	147.49666490371942	199.73932104563943	155	58.809238902613195	32.490575406701325	107.76105203061614	182.61171391360472	156	0.05367437906515879	0.0111083984375	0.02178955078125	0.06512451171875
snapshots/2026-05/ibm_fez/20260515T034827000000Z.json	20260515T034827000000Z	ibm_fez	2026-05-15T03:48:27+00:00	2026-05-15T03:48:27+00:00	156		143.69742593153495	105.27349806697968	0.03361785106169872	155	46.32774357657504	80.65122476770972	147.49666490371942	199.73932104563943	155	58.809238902613195	32.490575406701325	107.76105203061614	182.61171391360472	156	0.042010976171203654	0.01092529296875	0.02203369140625	0.0673828125
snapshots/2026-05/ibm_fez/20260515T093453000000Z.json	20260515T093453000000Z	ibm_fez	2026-05-15T09:34:53+00:00	2026-05-15T09:34:53+00:00	156		102.68356699387384	80.56068018770581	0.032958984375	155	20.808153621713572	79.27887249188515	101.90756583106445	124.88610385671512	155	35.46929667316516	29.17987877416465	87.09098702670953	124.54686637037811	156	0.041344905647096745	0.01220703125	0.021240234375	0.063232421875
snapshots/2026-05/ibm_fez/20260515T113710000000Z.json	20260515T113710000000Z	ibm_fez	2026-05-15T11:37:10+00:00	2026-05-15T11:37:10+00:00	156		102.68356699387384	80.56068018770581	0.035386305588942304	155	20.808153621713572	79.27887249188515	101.90756583106445	124.88610385671512	155	35.46929667316516	29.17987877416465	87.09098702670953	124.54686637037811	156	0.052856884486499923	0.011962890625	0.02142333984375	0.06268310546875
snapshots/2026-05/ibm_fez/20260515T183744000000Z.json	20260515T183744000000Z	ibm_fez	2026-05-15T18:37:44+00:00	2026-05-15T18:37:44+00:00	156		102.68356699387384	80.56068018770581	0.035386305588942304	155	20.808153621713572	79.27887249188515	101.90756583106445	124.88610385671512	155	35.46929667316516	29.17987877416465	87.09098702670953	124.54686637037811	156	0.052856884486499923	0.011962890625	0.02142333984375	0.06268310546875
snapshots/2026-05/ibm_fez/20260515T205538000000Z.json	20260515T205538000000Z	ibm_fez	2026-05-15T20:55:38+00:00	2026-05-15T20:55:38+00:00	156		102.68356699387384	80.56068018770581	0.03643251076722757	155	20.808153621713572	79.27887249188515	101.90756583106445	124.88610385671512	155	35.46929667316516	29.17987877416465	87.09098702670953	124.54686637037811	156	0.05621995592346497	0.01129150390625	0.02081298828125	0.0677490234375
snapshots/2026-05/ibm_fez/20260515T222515000000Z.json	20260515T222515000000Z	ibm_fez	2026-05-15T22:25:15+00:00	2026-05-15T22:25:15+00:00	156		102.57073000477699	80.56848925048772	0.03688244941907051	155	21.96936000540265	78.16045752258381	102.11133655043825	123.52045357801626	155	36.83546319262617	28.444776818349624	90.21296467245217	125.4489149778874	156	0.04685831993203316	0.0118408203125	0.023681640625	0.0748291015625
snapshots/2026-05/ibm_fez/20260515T233546000000Z.json	20260515T233546000000Z	ibm_fez	2026-05-15T23:35:46+00:00	2026-05-15T23:35:46+00:00	156		102.57073000477699	80.56848925048772	0.03688244941907051	155	21.96936000540265	78.16045752258381	102.11133655043825	123.52045357801626	155	36.83546319262617	28.444776818349624	90.21296467245217	125.4489149778874	156	0.04685831993203316	0.0118408203125	0.023681640625	0.0748291015625
snapshots/2026-05/ibm_fez/20260516T025420000000Z.json	20260516T025420000000Z	ibm_fez	2026-05-16T02:54:20+00:00	2026-05-16T02:54:20+00:00	156		102.57073000477699	80.56848925048772	0.037282307942708336	155	21.96936000540265	78.16045752258381	102.11133655043825	123.52045357801626	155	36.83546319262617	28.444776818349624	90.21296467245217	125.4489149778874	156	0.05360167717896539	0.01141357421875	0.02264404296875	0.07305908203125
snapshots/2026-05/ibm_fez/20260516T054344000000Z.json	20260516T054344000000Z	ibm_fez	2026-05-16T05:43:44+00:00	2026-05-16T05:43:44+00:00	156		102.57073000477699	80.56848925048772	0.03407639723557692	155	21.96936000540265	78.16045752258381	102.11133655043825	123.52045357801626	155	36.83546319262617	28.444776818349624	90.21296467245217	125.4489149778874	156	0.043199344757004265	0.0120849609375	0.0198974609375	0.06494140625
snapshots/2026-05/ibm_fez/20260516T075732000000Z.json	20260516T075732000000Z	ibm_fez	2026-05-16T07:57:32+00:00	2026-05-16T07:57:32+00:00	156		102.57073000477699	80.56848925048772	0.03458424103565705	155	21.96936000540265	78.16045752258381	102.11133655043825	123.52045357801626	155	36.83546319262617	28.444776818349624	90.21296467245217	125.4489149778874	156	0.044587804602584456	0.0123291015625	0.021484375	0.0704345703125
snapshots/2026-05/ibm_fez/20260516T093915000000Z.json	20260516T093915000000Z	ibm_fez	2026-05-16T09:39:15+00:00	2026-05-16T09:39:15+00:00	156		102.57073000477699	80.56848925048772	0.03458424103565705	155	21.96936000540265	78.16045752258381	102.11133655043825	123.52045357801626	155	36.83546319262617	28.444776818349624	90.21296467245217	125.4489149778874	156	0.044587804602584456	0.0123291015625	0.021484375	0.0704345703125
snapshots/2026-05/ibm_fez/20260516T111002000000Z.json	20260516T111002000000Z	ibm_fez	2026-05-16T11:10:02+00:00	2026-05-16T11:10:02+00:00	156		102.57073000477699	80.56848925048772	0.04007662259615385	155	21.96936000540265	78.16045752258381	102.11133655043825	123.52045357801626	155	36.83546319262617	28.444776818349624	90.21296467245217	125.4489149778874	156	0.06393697074020656	0.0108642578125	0.02264404296875	0.07098388671875
snapshots/2026-05/ibm_fez/20260516T130539000000Z.json	20260516T130539000000Z	ibm_fez	2026-05-16T13:05:39+00:00	2026-05-16T13:05:39+00:00	156		102.57073000477699	80.56848925048772	0.04007662259615385	155	21.96936000540265	78.16045752258381	102.11133655043825	123.52045357801626	155	36.83546319262617	28.444776818349624	90.21296467245217	125.4489149778874	156	0.06393697074020656	0.0108642578125	0.02264404296875	0.07098388671875
snapshots/2026-05/ibm_fez/20260516T142521000000Z.json	20260516T142521000000Z	ibm_fez	2026-05-16T14:25:21+00:00	2026-05-16T14:25:21+00:00	156		102.57073000477699	80.56848925048772	0.039956899789663464	155	21.96936000540265	78.16045752258381	102.11133655043825	123.52045357801626	155	36.83546319262617	28.444776818349624	90.21296467245217	125.4489149778874	156	0.06134453025759949	0.01104736328125	0.02239990234375	0.07623291015625
snapshots/2026-05/ibm_fez/20260516T155022000000Z.json	20260516T155022000000Z	ibm_fez	2026-05-16T15:50:22+00:00	2026-05-16T15:50:22+00:00	156		102.57073000477699	80.56848925048772	0.039956899789663464	155	21.96936000540265	78.16045752258381	102.11133655043825	123.52045357801626	155	36.83546319262617	28.444776818349624	90.21296467245217	125.4489149778874	156	0.06134453025759949	0.01104736328125	0.02239990234375	0.07623291015625
snapshots/2026-05/ibm_fez/20260516T163304000000Z.json	20260516T163304000000Z	ibm_fez	2026-05-16T16:33:04+00:00	2026-05-16T16:33:04+00:00	156		102.57073000477699	80.56848925048772	0.039956899789663464	155	21.96936000540265	78.16045752258381	102.11133655043825	123.52045357801626	155	36.83546319262617	28.444776818349624	90.21296467245217	125.4489149778874	156	0.06134453025759949	0.01104736328125	0.02239990234375	0.07623291015625
snapshots/2026-05/ibm_fez/20260516T182525000000Z.json	20260516T182525000000Z	ibm_fez	2026-05-16T18:25:25+00:00	2026-05-16T18:25:25+00:00	156		102.57073000477699	80.56848925048772	0.03446060571915064	155	21.96936000540265	78.16045752258381	102.11133655043825	123.52045357801626	155	36.83546319262617	28.444776818349624	90.21296467245217	125.4489149778874	156	0.0432894963612755	0.01165771484375	0.02197265625	0.06951904296875
snapshots/2026-05/ibm_fez/20260516T194530000000Z.json	20260516T194530000000Z	ibm_fez	2026-05-16T19:45:30+00:00	2026-05-16T19:45:30+00:00	156		102.57073000477699	80.56848925048772	0.03446060571915064	155	21.96936000540265	78.16045752258381	102.11133655043825	123.52045357801626	155	36.83546319262617	28.444776818349624	90.21296467245217	125.4489149778874	156	0.0432894963612755	0.01165771484375	0.02197265625	0.06951904296875
snapshots/2026-05/ibm_fez/20260516T210531000000Z.json	20260516T210531000000Z	ibm_fez	2026-05-16T21:05:31+00:00	2026-05-16T21:05:31+00:00	156		102.57073000477699	80.56848925048772	0.03446060571915064	155	21.96936000540265	78.16045752258381	102.11133655043825	123.52045357801626	155	36.83546319262617	28.444776818349624	90.21296467245217	125.4489149778874	156	0.0432894963612755	0.01165771484375	0.02197265625	0.06951904296875
snapshots/2026-05/ibm_fez/20260516T222522000000Z.json	20260516T222522000000Z	ibm_fez	2026-05-16T22:25:22+00:00	2026-05-16T22:25:22+00:00	156		102.48640410931236	81.25064194156012	0.03581042167467949	156	21.993524949065648	79.17437493555816	101.81551447768695	123.14319327030316	155	36.603498514067894	31.21700037563035	87.62304517319045	126.24530091781838	156	0.042593571436976195	0.0118408203125	0.023193359375	0.07470703125
snapshots/2026-05/ibm_fez/20260516T234529000000Z.json	20260516T234529000000Z	ibm_fez	2026-05-16T23:45:29+00:00	2026-05-16T23:45:29+00:00	156		102.48640410931236	81.25064194156012	0.03581042167467949	156	21.993524949065648	79.17437493555816	101.81551447768695	123.14319327030316	155	36.603498514067894	31.21700037563035	87.62304517319045	126.24530091781838	156	0.042593571436976195	0.0118408203125	0.023193359375	0.07470703125
snapshots/2026-05/ibm_fez/20260517T030217000000Z.json	20260517T030217000000Z	ibm_fez	2026-05-17T03:02:17+00:00	2026-05-17T03:02:17+00:00	156		102.48640410931236	81.25064194156012	0.034988794571314104	156	21.993524949065648	79.17437493555816	101.81551447768695	123.14319327030316	155	36.603498514067894	31.21700037563035	87.62304517319045	126.24530091781838	156	0.04927703878387519	0.011474609375	0.02142333984375	0.07244873046875
snapshots/2026-05/ibm_fez/20260517T062608000000Z.json	20260517T062608000000Z	ibm_fez	2026-05-17T06:26:08+00:00	2026-05-17T06:26:08+00:00	156		102.19946575358152	81.36260748866825	0.03727526542467949	156	21.317479237996242	81.45601320499841	102.16354491226636	120.98251561392865	155	36.23125314364836	29.110399810539075	89.87845479730156	122.65364875570158	156	0.05130284496338998	0.011962890625	0.0220947265625	0.0755615234375
snapshots/2026-05/ibm_fez/20260517T074536000000Z.json	20260517T074536000000Z	ibm_fez	2026-05-17T07:45:36+00:00	2026-05-17T07:45:36+00:00	156		102.19946575358152	81.36260748866825	0.040069580078125	156	21.317479237996242	81.45601320499841	102.16354491226636	120.98251561392865	155	36.23125314364836	29.110399810539075	89.87845479730156	122.65364875570158	156	0.0610604906232362	0.01171875	0.02166748046875	0.08111572265625
snapshots/2026-05/ibm_fez/20260517T103619000000Z.json	20260517T103619000000Z	ibm_fez	2026-05-17T10:36:19+00:00	2026-05-17T10:36:19+00:00	156		102.19946575358152	81.36260748866825	0.040069580078125	156	21.317479237996242	81.45601320499841	102.16354491226636	120.98251561392865	155	36.23125314364836	29.110399810539075	89.87845479730156	122.65364875570158	156	0.0610604906232362	0.01171875	0.02166748046875	0.08111572265625
snapshots/2026-05/ibm_fez/20260517T115525000000Z.json	20260517T115525000000Z	ibm_fez	2026-05-17T11:55:25+00:00	2026-05-17T11:55:25+00:00	156		102.19946575358152	81.36260748866825	0.03425872020232372	156	21.317479237996242	81.45601320499841	102.16354491226636	120.98251561392865	155	36.23125314364836	29.110399810539075	89.87845479730156	122.65364875570158	156	0.042749468044692804	0.010986328125	0.021728515625	0.06939697265625
snapshots/2026-05/ibm_fez/20260517T141453000000Z.json	20260517T141453000000Z	ibm_fez	2026-05-17T14:14:53+00:00	2026-05-17T14:14:53+00:00	156		102.19946575358152	81.36260748866825	0.029037866836939104	156	21.317479237996242	81.45601320499841	102.16354491226636	120.98251561392865	155	36.23125314364836	29.110399810539075	89.87845479730156	122.65364875570158	156	0.043964365651975916	0.0064697265625	0.013427734375	0.06951904296875
snapshots/2026-05/ibm_fez/20260517T155532000000Z.json	20260517T155532000000Z	ibm_fez	2026-05-17T15:55:32+00:00	2026-05-17T15:55:32+00:00	156		102.19946575358152	81.36260748866825	0.029037866836939104	156	21.317479237996242	81.45601320499841	102.16354491226636	120.98251561392865	155	36.23125314364836	29.110399810539075	89.87845479730156	122.65364875570158	156	0.043964365651975916	0.0064697265625	0.013427734375	0.06951904296875
snapshots/2026-05/ibm_fez/20260517T172002000000Z.json	20260517T172002000000Z	ibm_fez	2026-05-17T17:20:02+00:00	2026-05-17T17:20:02+00:00	156		102.19946575358152	81.36260748866825	0.030777368790064104	156	21.317479237996242	81.45601320499841	102.16354491226636	120.98251561392865	155	36.23125314364836	29.110399810539075	89.87845479730156	122.65364875570158	156	0.055472095459586326	0.0074462890625	0.01446533203125	0.06231689453125
snapshots/2026-05/ibm_fez/20260517T182525000000Z.json	20260517T182525000000Z	ibm_fez	2026-05-17T18:25:25+00:00	2026-05-17T18:25:25+00:00	156		102.19946575358152	81.36260748866825	0.030777368790064104	156	21.317479237996242	81.45601320499841	102.16354491226636	120.98251561392865	155	36.23125314364836	29.110399810539075	89.87845479730156	122.65364875570158	156	0.055472095459586326	0.0074462890625	0.01446533203125	0.06231689453125
snapshots/2026-05/ibm_fez/20260517T194548000000Z.json	20260517T194548000000Z	ibm_fez	2026-05-17T19:45:48+00:00	2026-05-17T19:45:48+00:00	156		102.19946575358152	81.36260748866825	0.030777368790064104	156	21.317479237996242	81.45601320499841	102.16354491226636	120.98251561392865	155	36.23125314364836	29.110399810539075	89.87845479730156	122.65364875570158	156	0.055472095459586326	0.0074462890625	0.01446533203125	0.06231689453125
snapshots/2026-05/ibm_fez/20260517T210633000000Z.json	20260517T210633000000Z	ibm_fez	2026-05-17T21:06:33+00:00	2026-05-17T21:06:33+00:00	156		102.19946575358152	81.36260748866825	0.03130477514022436	156	21.317479237996242	81.45601320499841	102.16354491226636	120.98251561392865	155	36.23125314364836	29.110399810539075	89.87845479730156	122.65364875570158	156	0.05519864560833283	0.00732421875	0.01519775390625	0.06402587890625
snapshots/2026-05/ibm_fez/20260517T214659000000Z.json	20260517T214659000000Z	ibm_fez	2026-05-17T21:46:59+00:00	2026-05-17T21:46:59+00:00	156		102.19946575358152	81.36260748866825	0.03130477514022436	156	21.317479237996242	81.45601320499841	102.16354491226636	120.98251561392865	155	36.23125314364836	29.110399810539075	89.87845479730156	122.65364875570158	156	0.05519864560833283	0.00732421875	0.01519775390625	0.06402587890625
snapshots/2026-05/ibm_fez/20260517T230556000000Z.json	20260517T230556000000Z	ibm_fez	2026-05-17T23:05:56+00:00	2026-05-17T23:05:56+00:00	156		102.19946575358152	81.36260748866825	0.03130477514022436	156	21.317479237996242	81.45601320499841	102.16354491226636	120.98251561392865	155	36.23125314364836	29.110399810539075	89.87845479730156	122.65364875570158	156	0.05519864560833283	0.00732421875	0.01519775390625	0.06402587890625
snapshots/2026-05/ibm_fez/20260518T010531000000Z.json	20260518T010531000000Z	ibm_fez	2026-05-18T01:05:31+00:00	2026-05-18T01:05:31+00:00	156		102.19946575358152	81.36260748866825	0.030725723657852564	156	21.317479237996242	81.45601320499841	102.16354491226636	120.98251561392865	155	36.23125314364836	29.110399810539075	89.87845479730156	122.65364875570158	156	0.05825704527389044	0.0069580078125	0.0135498046875	0.0650634765625
snapshots/2026-05/ibm_fez/20260518T050826000000Z.json	20260518T050826000000Z	ibm_fez	2026-05-18T05:08:26+00:00	2026-05-18T05:08:26+00:00	156		102.34174992189568	80.33167897566342	0.028248322315705128	156	22.040883354015932	79.81278530020757	100.96625718266009	123.1642281501399	155	36.05165564385906	29.79156497670777	86.42088401580155	122.29006220261978	156	0.046211437138686536	0.0068359375	0.013671875	0.0594482421875
snapshots/2026-05/ibm_fez/20260518T102517000000Z.json	20260518T102517000000Z	ibm_fez	2026-05-18T10:25:17+00:00	2026-05-18T10:25:17+00:00	156		102.34174992189568	80.33167897566342	0.028070694360977564	156	22.040883354015932	79.81278530020757	100.96625718266009	123.1642281501399	155	36.05165564385906	29.79156497670777	86.42088401580155	122.29006220261978	156	0.04533243630339039	0.0072021484375	0.01361083984375	0.05963134765625
snapshots/2026-05/ibm_fez/20260518T121242000000Z.json	20260518T121242000000Z	ibm_fez	2026-05-18T12:12:42+00:00	2026-05-18T12:12:42+00:00	156		102.34174992189568	80.33167897566342	0.03073433117988782	156	22.040883354015932	79.81278530020757	100.96625718266009	123.1642281501399	155	36.05165564385906	29.79156497670777	86.42088401580155	122.29006220261978	156	0.0527392797774992	0.00714111328125	0.014404296875	0.07379150390625
snapshots/2026-05/ibm_fez/20260518T164841000000Z.json	20260518T164841000000Z	ibm_fez	2026-05-18T16:48:41+00:00	2026-05-18T16:48:41+00:00	156		102.34174992189568	80.33167897566342	0.03073433117988782	156	22.040883354015932	79.81278530020757	100.96625718266009	123.1642281501399	155	36.05165564385906	29.79156497670777	86.42088401580155	122.29006220261978	156	0.0527392797774992	0.00714111328125	0.014404296875	0.07379150390625
snapshots/2026-05/ibm_fez/20260518T185131000000Z.json	20260518T185131000000Z	ibm_fez	2026-05-18T18:51:31+00:00	2026-05-18T18:51:31+00:00	156		102.34174992189568	80.33167897566342	0.03031334510216346	156	22.040883354015932	79.81278530020757	100.96625718266009	123.1642281501399	155	36.05165564385906	29.79156497670777	86.42088401580155	122.29006220261978	156	0.0489368457176462	0.0074462890625	0.013916015625	0.0670166015625
snapshots/2026-05/ibm_fez/20260518T231840000000Z.json	20260518T231840000000Z	ibm_fez	2026-05-18T23:18:40+00:00	2026-05-18T23:18:40+00:00	156		102.34174992189568	80.33167897566342	0.03031334510216346	156	22.040883354015932	79.81278530020757	100.96625718266009	123.1642281501399	155	36.05165564385906	29.79156497670777	86.42088401580155	122.29006220261978	156	0.0489368457176462	0.0074462890625	0.013916015625	0.0670166015625
snapshots/2026-05/ibm_fez/20260519T041218000000Z.json	20260519T041218000000Z	ibm_fez	2026-05-19T04:12:18+00:00	2026-05-19T04:12:18+00:00	156		99.04080988806218	67.83589732198095	0.033682016225961536	156	21.35873163868153	78.31473024814511	100.32932637013936	118.46954750820946	155	31.078276426103415	22.66195930403095	71.72621823826987	106.88174305226833	156	0.06605935384269306	0.0064697265625	0.0130615234375	0.072998046875
snapshots/2026-05/ibm_fez/20260519T075820000000Z.json	20260519T075820000000Z	ibm_fez	2026-05-19T07:58:20+00:00	2026-05-19T07:58:20+00:00	156		99.04080988806218	67.83589732198095	0.030299260066105768	156	21.35873163868153	78.31473024814511	100.32932637013936	118.46954750820946	155	31.078276426103415	22.66195930403095	71.72621823826987	106.88174305226833	156	0.055105915114056936	0.00726318359375	0.013427734375	0.06597900390625
snapshots/2026-05/ibm_fez/20260519T111927000000Z.json	20260519T111927000000Z	ibm_fez	2026-05-19T11:19:27+00:00	2026-05-19T11:19:27+00:00	156		99.04080988806218	67.83589732198095	0.03166003104967949	156	21.35873163868153	78.31473024814511	100.32932637013936	118.46954750820946	155	31.078276426103415	22.66195930403095	71.72621823826987	106.88174305226833	156	0.05817843671318797	0.00726318359375	0.014892578125	0.06378173828125
snapshots/2026-05/ibm_fez/20260519T153114000000Z.json	20260519T153114000000Z	ibm_fez	2026-05-19T15:31:14+00:00	2026-05-19T15:31:14+00:00	156		99.04080988806218	67.83589732198095	0.03236115284455128	156	21.35873163868153	78.31473024814511	100.32932637013936	118.46954750820946	155	31.078276426103415	22.66195930403095	71.72621823826987	106.88174305226833	156	0.05838262472425322	0.00775146484375	0.0145263671875	0.06915283203125
snapshots/2026-05/ibm_fez/20260519T175643000000Z.json	20260519T175643000000Z	ibm_fez	2026-05-19T17:56:43+00:00	2026-05-19T17:56:43+00:00	156		99.04080988806218	67.83589732198095	0.03236115284455128	156	21.35873163868153	78.31473024814511	100.32932637013936	118.46954750820946	155	31.078276426103415	22.66195930403095	71.72621823826987	106.88174305226833	156	0.05838262472425322	0.00775146484375	0.0145263671875	0.06915283203125
snapshots/2026-05/ibm_fez/20260519T193356000000Z.json	20260519T193356000000Z	ibm_fez	2026-05-19T19:33:56+00:00	2026-05-19T19:33:56+00:00	156		99.04080988806218	67.83589732198095	0.032271947616185896	156	21.35873163868153	78.31473024814511	100.32932637013936	118.46954750820946	155	31.078276426103415	22.66195930403095	71.72621823826987	106.88174305226833	156	0.05747492278483698	0.00750732421875	0.01519775390625	0.06890869140625
snapshots/2026-05/ibm_fez/20260519T213134000000Z.json	20260519T213134000000Z	ibm_fez	2026-05-19T21:31:34+00:00	2026-05-19T21:31:34+00:00	156		98.856620005592	67.25387204976623	0.029522235576923076	156	21.95282254244576	79.60939981290652	98.05371519001329	119.47584836685905	155	31.21171375052274	24.70498903381522	67.10037580819531	110.3703124915661	156	0.045943243488982675	0.0067138671875	0.0146484375	0.070556640625
snapshots/2026-05/ibm_fez/20260519T231626000000Z.json	20260519T231626000000Z	ibm_fez	2026-05-19T23:16:26+00:00	2026-05-19T23:16:26+00:00	156		98.856620005592	67.25387204976623	0.029522235576923076	156	21.95282254244576	79.60939981290652	98.05371519001329	119.47584836685905	155	31.21171375052274	24.70498903381522	67.10037580819531	110.3703124915661	156	0.045943243488982675	0.0067138671875	0.0146484375	0.070556640625
snapshots/2026-05/ibm_fez/20260520T043645000000Z.json	20260520T043645000000Z	ibm_fez	2026-05-20T04:36:45+00:00	2026-05-20T04:36:45+00:00	156		98.856620005592	67.25387204976623	0.032339242788461536	156	21.95282254244576	79.60939981290652	98.05371519001329	119.47584836685905	155	31.21171375052274	24.70498903381522	67.10037580819531	110.3703124915661	156	0.05794248616076378	0.00775146484375	0.01513671875	0.06951904296875
snapshots/2026-05/ibm_fez/20260520T073739000000Z.json	20260520T073739000000Z	ibm_fez	2026-05-20T07:37:39+00:00	2026-05-20T07:37:39+00:00	156		98.856620005592	67.25387204976623	0.032228910006009616	156	21.95282254244576	79.60939981290652	98.05371519001329	119.47584836685905	155	31.21171375052274	24.70498903381522	67.10037580819531	110.3703124915661	156	0.0570244948569198	0.0076904296875	0.01373291015625	0.06646728515625
snapshots/2026-05/ibm_fez/20260520T112727000000Z.json	20260520T112727000000Z	ibm_fez	2026-05-20T11:27:27+00:00	2026-05-20T11:27:27+00:00	156		98.856620005592	67.25387204976623	0.029898619040464744	156	21.95282254244576	79.60939981290652	98.05371519001329	119.47584836685905	155	31.21171375052274	24.70498903381522	67.10037580819531	110.3703124915661	156	0.04852363817123234	0.00701904296875	0.01385498046875	0.06085205078125
snapshots/2026-05/ibm_fez/20260520T151529000000Z.json	20260520T151529000000Z	ibm_fez	2026-05-20T15:15:29+00:00	2026-05-20T15:15:29+00:00	156		98.856620005592	67.25387204976623	0.034841684194711536	156	21.95282254244576	79.60939981290652	98.05371519001329	119.47584836685905	155	31.21171375052274	24.70498903381522	67.10037580819531	110.3703124915661	156	0.062436605479019705	0.00750732421875	0.014892578125	0.07568359375
snapshots/2026-05/ibm_fez/20260520T183005000000Z.json	20260520T183005000000Z	ibm_fez	2026-05-20T18:30:05+00:00	2026-05-20T18:30:05+00:00	156		98.856620005592	67.25387204976623	0.03061852088341346	156	21.95282254244576	79.60939981290652	98.05371519001329	119.47584836685905	155	31.21171375052274	24.70498903381522	67.10037580819531	110.3703124915661	156	0.0479773392932484	0.0076904296875	0.014404296875	0.07421875
snapshots/2026-05/ibm_fez/20260520T203531000000Z.json	20260520T203531000000Z	ibm_fez	2026-05-20T20:35:31+00:00	2026-05-20T20:35:31+00:00	156		98.856620005592	67.25387204976623	0.03047767052283654	156	21.95282254244576	79.60939981290652	98.05371519001329	119.47584836685905	155	31.21171375052274	24.70498903381522	67.10037580819531	110.3703124915661	156	0.05198953600923789	0.0074462890625	0.014404296875	0.0614013671875
snapshots/2026-05/ibm_fez/20260520T224238000000Z.json	20260520T224238000000Z	ibm_fez	2026-05-20T22:42:38+00:00	2026-05-20T22:42:38+00:00	156		98.26278058936451	67.4410579288897	0.030239007411858976	156	21.056727731773165	77.97599023881912	98.0472861492092	118.26734124545405	155	30.686183362077582	26.855348165727275	69.2854199513676	111.23604580171053	156	0.05195048137412894	0.00732421875	0.0140380859375	0.063720703125
snapshots/2026-05/ibm_fez/20260521T012049000000Z.json	20260521T012049000000Z	ibm_fez	2026-05-21T01:20:49+00:00	2026-05-21T01:20:49+00:00	156		98.26278058936451	67.4410579288897	0.030239007411858976	156	21.056727731773165	77.97599023881912	98.0472861492092	118.26734124545405	155	30.686183362077582	26.855348165727275	69.2854199513676	111.23604580171053	156	0.05195048137412894	0.00732421875	0.0140380859375	0.063720703125
snapshots/2026-05/ibm_fez/20260521T052635000000Z.json	20260521T052635000000Z	ibm_fez	2026-05-21T05:26:35+00:00	2026-05-21T05:26:35+00:00	156		98.26278058936451	67.4410579288897	0.030468280498798076	156	21.056727731773165	77.97599023881912	98.0472861492092	118.26734124545405	155	30.686183362077582	26.855348165727275	69.2854199513676	111.23604580171053	156	0.04788574400007479	0.0072021484375	0.01373291015625	0.06878662109375
snapshots/2026-05/ibm_fez/20260521T084522000000Z.json	20260521T084522000000Z	ibm_fez	2026-05-21T08:45:22+00:00	2026-05-21T08:45:22+00:00	156		98.26278058936451	67.4410579288897	0.03151683318309295	156	21.056727731773165	77.97599023881912	98.0472861492092	118.26734124545405	155	30.686183362077582	26.855348165727275	69.2854199513676	111.23604580171053	156	0.05680990043181173	0.00714111328125	0.0135498046875	0.06207275390625
snapshots/2026-05/ibm_fez/20260521T114222000000Z.json	20260521T114222000000Z	ibm_fez	2026-05-21T11:42:22+00:00	2026-05-21T11:42:22+00:00	156		98.26278058936451	67.4410579288897	0.03151683318309295	156	21.056727731773165	77.97599023881912	98.0472861492092	118.26734124545405	155	30.686183362077582	26.855348165727275	69.2854199513676	111.23604580171053	156	0.05680990043181173	0.00714111328125	0.0135498046875	0.06207275390625
snapshots/2026-05/ibm_fez/20260521T170657000000Z.json	20260521T170657000000Z	ibm_fez	2026-05-21T17:06:57+00:00	2026-05-21T17:06:57+00:00	156		98.26278058936451	67.4410579288897	0.03126173753004808	156	21.056727731773165	77.97599023881912	98.0472861492092	118.26734124545405	155	30.686183362077582	26.855348165727275	69.2854199513676	111.23604580171053	156	0.057803440429858834	0.0072021484375	0.0140380859375	0.06829833984375
snapshots/2026-05/ibm_fez/20260521T183204000000Z.json	20260521T183204000000Z	ibm_fez	2026-05-21T18:32:04+00:00	2026-05-21T18:32:04+00:00	156		98.26278058936451	67.4410579288897	0.032924554286858976	156	21.056727731773165	77.97599023881912	98.0472861492092	118.26734124545405	155	30.686183362077582	26.855348165727275	69.2854199513676	111.23604580171053	156	0.05924745989403113	0.0069580078125	0.014892578125	0.071044921875
snapshots/2026-05/ibm_fez/20260521T205631000000Z.json	20260521T205631000000Z	ibm_fez	2026-05-21T20:56:31+00:00	2026-05-21T20:56:31+00:00	156		98.26278058936451	67.4410579288897	0.032924554286858976	156	21.056727731773165	77.97599023881912	98.0472861492092	118.26734124545405	155	30.686183362077582	26.855348165727275	69.2854199513676	111.23604580171053	156	0.05924745989403113	0.0069580078125	0.014892578125	0.071044921875
snapshots/2026-05/ibm_fez/20260521T222846000000Z.json	20260521T222846000000Z	ibm_fez	2026-05-21T22:28:46+00:00	2026-05-21T22:28:46+00:00	156		98.81910053692253	68.04645939533322	0.028908754006410256	156	21.79845353471081	77.54432018675485	98.61158145070108	120.42960137344552	155	32.32179144176844	22.649263476598236	69.46329191468874	109.51088266881939	156	0.04786919774184983	0.007568359375	0.0145263671875	0.061279296875
snapshots/2026-05/ibm_fez/20260522T005634000000Z.json	20260522T005634000000Z	ibm_fez	2026-05-22T00:56:34+00:00	2026-05-22T00:56:34+00:00	156		98.81910053692253	68.04645939533322	0.028908754006410256	156	21.79845353471081	77.54432018675485	98.61158145070108	120.42960137344552	155	32.32179144176844	22.649263476598236	69.46329191468874	109.51088266881939	156	0.04786919774184983	0.007568359375	0.0145263671875	0.061279296875
snapshots/2026-05/ibm_fez/20260522T035910000000Z.json	20260522T035910000000Z	ibm_fez	2026-05-22T03:59:10+00:00	2026-05-22T03:59:10+00:00	156		98.81910053692253	68.04645939533322	0.031023856921073716	156	21.79845353471081	77.54432018675485	98.61158145070108	120.42960137344552	155	32.32179144176844	22.649263476598236	69.46329191468874	109.51088266881939	156	0.05914990027384052	0.007568359375	0.01348876953125	0.0628662109375
snapshots/2026-05/ibm_fez/20260522T094551000000Z.json	20260522T094551000000Z	ibm_fez	2026-05-22T09:45:51+00:00	2026-05-22T09:45:51+00:00	156		98.81910053692253	68.04645939533322	0.031023856921073716	156	21.79845353471081	77.54432018675485	98.61158145070108	120.42960137344552	155	32.32179144176844	22.649263476598236	69.46329191468874	109.51088266881939	156	0.05914990027384052	0.007568359375	0.01348876953125	0.0628662109375
snapshots/2026-05/ibm_fez/20260522T111649000000Z.json	20260522T111649000000Z	ibm_fez	2026-05-22T11:16:49+00:00	2026-05-22T11:16:49+00:00	156		98.81910053692253	68.04645939533322	0.031270345052083336	156	21.79845353471081	77.54432018675485	98.61158145070108	120.42960137344552	155	32.32179144176844	22.649263476598236	69.46329191468874	109.51088266881939	156	0.050374558992541243	0.007568359375	0.014892578125	0.0660400390625
snapshots/2026-05/ibm_fez/20260522T154625000000Z.json	20260522T154625000000Z	ibm_fez	2026-05-22T15:46:25+00:00	2026-05-22T15:46:25+00:00	156		98.81910053692253	68.04645939533322	0.031270345052083336	156	21.79845353471081	77.54432018675485	98.61158145070108	120.42960137344552	155	32.32179144176844	22.649263476598236	69.46329191468874	109.51088266881939	156	0.050374558992541243	0.007568359375	0.014892578125	0.0660400390625
snapshots/2026-05/ibm_fez/20260522T170712000000Z.json	20260522T170712000000Z	ibm_fez	2026-05-22T17:07:12+00:00	2026-05-22T17:07:12+00:00	156		98.81910053692253	68.04645939533322	0.031270345052083336	156	21.79845353471081	77.54432018675485	98.61158145070108	120.42960137344552	155	32.32179144176844	22.649263476598236	69.46329191468874	109.51088266881939	156	0.050374558992541243	0.007568359375	0.014892578125	0.0660400390625
snapshots/2026-05/ibm_fez/20260522T194625000000Z.json	20260522T194625000000Z	ibm_fez	2026-05-22T19:46:25+00:00	2026-05-22T19:46:25+00:00	156		98.81910053692253	68.04645939533322	0.031270345052083336	156	21.79845353471081	77.54432018675485	98.61158145070108	120.42960137344552	155	32.32179144176844	22.649263476598236	69.46329191468874	109.51088266881939	156	0.050374558992541243	0.007568359375	0.014892578125	0.0660400390625
snapshots/2026-05/ibm_fez/20260522T210631000000Z.json	20260522T210631000000Z	ibm_fez	2026-05-22T21:06:31+00:00	2026-05-22T21:06:31+00:00	156		98.81910053692253	68.04645939533322	0.031270345052083336	156	21.79845353471081	77.54432018675485	98.61158145070108	120.42960137344552	155	32.32179144176844	22.649263476598236	69.46329191468874	109.51088266881939	156	0.050374558992541243	0.007568359375	0.014892578125	0.0660400390625
snapshots/2026-05/ibm_fez/20260522T231223000000Z.json	20260522T231223000000Z	ibm_fez	2026-05-22T23:12:23+00:00	2026-05-22T23:12:23+00:00	156		98.81910053692253	68.04645939533322	0.03233611278044872	156	21.79845353471081	77.54432018675485	98.61158145070108	120.42960137344552	155	32.32179144176844	22.649263476598236	69.46329191468874	109.51088266881939	156	0.060053466737286884	0.0072021484375	0.014892578125	0.0635986328125
snapshots/2026-05/ibm_fez/20260523T035902000000Z.json	20260523T035902000000Z	ibm_fez	2026-05-23T03:59:02+00:00	2026-05-23T03:59:02+00:00	156		98.96041596279042	67.80863571413668	0.030721028645833332	156	21.48746887691721	77.48056677500409	97.14727168034273	122.14302916787494	155	31.599259527303943	22.995266679473474	70.26131608154407	107.41451449231809	156	0.0512075892450544	0.0072021484375	0.0142822265625	0.066162109375
snapshots/2026-05/ibm_fez/20260523T064146000000Z.json	20260523T064146000000Z	ibm_fez	2026-05-23T06:41:46+00:00	2026-05-23T06:41:46+00:00	156		98.96041596279042	67.80863571413668	0.03408656976161859	156	21.48746887691721	77.48056677500409	97.14727168034273	122.14302916787494	155	31.599259527303943	22.995266679473474	70.26131608154407	107.41451449231809	156	0.060760168577659646	0.0074462890625	0.01483154296875	0.0789794921875
snapshots/2026-05/ibm_fez/20260523T082515000000Z.json	20260523T082515000000Z	ibm_fez	2026-05-23T08:25:15+00:00	2026-05-23T08:25:15+00:00	156		98.96041596279042	67.80863571413668	0.03408656976161859	156	21.48746887691721	77.48056677500409	97.14727168034273	122.14302916787494	155	31.599259527303943	22.995266679473474	70.26131608154407	107.41451449231809	156	0.060760168577659646	0.0074462890625	0.01483154296875	0.0789794921875
snapshots/2026-05/ibm_fez/20260523T104638000000Z.json	20260523T104638000000Z	ibm_fez	2026-05-23T10:46:38+00:00	2026-05-23T10:46:38+00:00	156		98.96041596279042	67.80863571413668	0.03141354291866987	156	21.48746887691721	77.48056677500409	97.14727168034273	122.14302916787494	155	31.599259527303943	22.995266679473474	70.26131608154407	107.41451449231809	156	0.05468955057544209	0.00732421875	0.015380859375	0.06689453125
snapshots/2026-05/ibm_fez/20260523T122625000000Z.json	20260523T122625000000Z	ibm_fez	2026-05-23T12:26:25+00:00	2026-05-23T12:26:25+00:00	156		98.96041596279042	67.80863571413668	0.03141354291866987	156	21.48746887691721	77.48056677500409	97.14727168034273	122.14302916787494	155	31.599259527303943	22.995266679473474	70.26131608154407	107.41451449231809	156	0.05468955057544209	0.00732421875	0.015380859375	0.06689453125
snapshots/2026-05/ibm_fez/20260523T133533000000Z.json	20260523T133533000000Z	ibm_fez	2026-05-23T13:35:33+00:00	2026-05-23T13:35:33+00:00	156		98.96041596279042	67.80863571413668	0.03238697541065705	156	21.48746887691721	77.48056677500409	97.14727168034273	122.14302916787494	155	31.599259527303943	22.995266679473474	70.26131608154407	107.41451449231809	156	0.06350544964353742	0.00665283203125	0.0137939453125	0.0667724609375
snapshots/2026-05/ibm_fez/20260523T161219000000Z.json	20260523T161219000000Z	ibm_fez	2026-05-23T16:12:19+00:00	2026-05-23T16:12:19+00:00	156		98.96041596279042	67.80863571413668	0.03238697541065705	156	21.48746887691721	77.48056677500409	97.14727168034273	122.14302916787494	155	31.599259527303943	22.995266679473474	70.26131608154407	107.41451449231809	156	0.06350544964353742	0.00665283203125	0.0137939453125	0.0667724609375
snapshots/2026-05/ibm_fez/20260523T171032000000Z.json	20260523T171032000000Z	ibm_fez	2026-05-23T17:10:32+00:00	2026-05-23T17:10:32+00:00	156		98.96041596279042	67.80863571413668	0.031065329527243588	156	21.48746887691721	77.48056677500409	97.14727168034273	122.14302916787494	155	31.599259527303943	22.995266679473474	70.26131608154407	107.41451449231809	156	0.05489391886236261	0.0072021484375	0.0130615234375	0.068115234375
snapshots/2026-05/ibm_fez/20260523T172605000000Z.json	20260523T172605000000Z	ibm_fez	2026-05-23T17:26:05+00:00	2026-05-23T17:26:05+00:00	156		98.96041596279042	67.80863571413668	0.031065329527243588	156	21.48746887691721	77.48056677500409	97.14727168034273	122.14302916787494	155	31.599259527303943	22.995266679473474	70.26131608154407	107.41451449231809	156	0.05489391886236261	0.0072021484375	0.0130615234375	0.068115234375
snapshots/2026-05/ibm_fez/20260523T200706000000Z.json	20260523T200706000000Z	ibm_fez	2026-05-23T20:07:06+00:00	2026-05-23T20:07:06+00:00	156		98.96041596279042	67.80863571413668	0.031065329527243588	156	21.48746887691721	77.48056677500409	97.14727168034273	122.14302916787494	155	31.599259527303943	22.995266679473474	70.26131608154407	107.41451449231809	156	0.05489391886236261	0.0072021484375	0.0130615234375	0.068115234375
snapshots/2026-05/ibm_fez/20260523T204328000000Z.json	20260523T204328000000Z	ibm_fez	2026-05-23T20:43:28+00:00	2026-05-23T20:43:28+00:00	156		98.96041596279042	67.80863571413668	0.031782883864182696	156	21.48746887691721	77.48056677500409	97.14727168034273	122.14302916787494	155	31.599259527303943	22.995266679473474	70.26131608154407	107.41451449231809	156	0.05579963945310942	0.0072021484375	0.013671875	0.07464599609375
snapshots/2026-05/ibm_fez/20260523T213941000000Z.json	20260523T213941000000Z	ibm_fez	2026-05-23T21:39:41+00:00	2026-05-23T21:39:41+00:00	156		98.96041596279042	67.80863571413668	0.031782883864182696	156	21.48746887691721	77.48056677500409	97.14727168034273	122.14302916787494	155	31.599259527303943	22.995266679473474	70.26131608154407	107.41451449231809	156	0.05579963945310942	0.0072021484375	0.013671875	0.07464599609375
snapshots/2026-05/ibm_fez/20260523T231606000000Z.json	20260523T231606000000Z	ibm_fez	2026-05-23T23:16:06+00:00	2026-05-23T23:16:06+00:00	156		98.96041596279042	67.80863571413668	0.02936104016426282	156	21.48746887691721	77.48056677500409	97.14727168034273	122.14302916787494	155	31.599259527303943	22.995266679473474	70.26131608154407	107.41451449231809	156	0.050019512000827465	0.0069580078125	0.0130615234375	0.0604248046875
snapshots/2026-05/ibm_fez/20260524T004239000000Z.json	20260524T004239000000Z	ibm_fez	2026-05-24T00:42:39+00:00	2026-05-24T00:42:39+00:00	156		101.71936073078247	79.63439630065224	0.031485533102964744	156	22.17709273872606	81.74370183624013	101.70798251132058	121.34057751133489	155	35.78190912699402	29.49838424344753	86.99844011621177	123.12993667870393	156	0.05403698020346317	0.00738525390625	0.01409912109375	0.0654296875
snapshots/2026-05/ibm_fez/20260524T050640000000Z.json	20260524T050640000000Z	ibm_fez	2026-05-24T05:06:40+00:00	2026-05-24T05:06:40+00:00	156		101.71936073078247	79.63439630065224	0.030086419521233976	156	22.17709273872606	81.74370183624013	101.70798251132058	121.34057751133489	155	35.78190912699402	29.49838424344753	86.99844011621177	123.12993667870393	156	0.05062129843070859	0.00689697265625	0.01312255859375	0.070068359375
snapshots/2026-05/ibm_fez/20260524T083456000000Z.json	20260524T083456000000Z	ibm_fez	2026-05-24T08:34:56+00:00	2026-05-24T08:34:56+00:00	156		101.71936073078247	79.63439630065224	0.030086419521233976	156	22.17709273872606	81.74370183624013	101.70798251132058	121.34057751133489	155	35.78190912699402	29.49838424344753	86.99844011621177	123.12993667870393	156	0.05062129843070859	0.00689697265625	0.01312255859375	0.070068359375
snapshots/2026-05/ibm_fez/20260524T103835000000Z.json	20260524T103835000000Z	ibm_fez	2026-05-24T10:38:35+00:00	2026-05-24T10:38:35+00:00	156		101.71936073078247	79.63439630065224	0.029896271534455128	156	22.17709273872606	81.74370183624013	101.70798251132058	121.34057751133489	155	35.78190912699402	29.49838424344753	86.99844011621177	123.12993667870393	156	0.05016934414494468	0.0068359375	0.01300048828125	0.06494140625
snapshots/2026-05/ibm_fez/20260524T112241000000Z.json	20260524T112241000000Z	ibm_fez	2026-05-24T11:22:41+00:00	2026-05-24T11:22:41+00:00	156		101.71936073078247	79.63439630065224	0.029896271534455128	156	22.17709273872606	81.74370183624013	101.70798251132058	121.34057751133489	155	35.78190912699402	29.49838424344753	86.99844011621177	123.12993667870393	156	0.05016934414494468	0.0068359375	0.01300048828125	0.06494140625
snapshots/2026-05/ibm_fez/20260524T142349000000Z.json	20260524T142349000000Z	ibm_fez	2026-05-24T14:23:49+00:00	2026-05-24T14:23:49+00:00	156		101.71936073078247	79.63439630065224	0.029896271534455128	156	22.17709273872606	81.74370183624013	101.70798251132058	121.34057751133489	155	35.78190912699402	29.49838424344753	86.99844011621177	123.12993667870393	156	0.05016934414494468	0.0068359375	0.01300048828125	0.06494140625
snapshots/2026-05/ibm_fez/20260524T161241000000Z.json	20260524T161241000000Z	ibm_fez	2026-05-24T16:12:41+00:00	2026-05-24T16:12:41+00:00	156		101.71936073078247	79.63439630065224	0.028336745042067308	156	22.17709273872606	81.74370183624013	101.70798251132058	121.34057751133489	155	35.78190912699402	29.49838424344753	86.99844011621177	123.12993667870393	156	0.044197971960037184	0.007568359375	0.0135498046875	0.0611572265625
snapshots/2026-05/ibm_fez/20260524T170904000000Z.json	20260524T170904000000Z	ibm_fez	2026-05-24T17:09:04+00:00	2026-05-24T17:09:04+00:00	156		101.71936073078247	79.63439630065224	0.028336745042067308	156	22.17709273872606	81.74370183624013	101.70798251132058	121.34057751133489	155	35.78190912699402	29.49838424344753	86.99844011621177	123.12993667870393	156	0.044197971960037184	0.007568359375	0.0135498046875	0.0611572265625
snapshots/2026-05/ibm_fez/20260524T182854000000Z.json	20260524T182854000000Z	ibm_fez	2026-05-24T18:28:54+00:00	2026-05-24T18:28:54+00:00	156		101.71936073078247	79.63439630065224	0.028336745042067308	156	22.17709273872606	81.74370183624013	101.70798251132058	121.34057751133489	155	35.78190912699402	29.49838424344753	86.99844011621177	123.12993667870393	156	0.044197971960037184	0.007568359375	0.0135498046875	0.0611572265625
snapshots/2026-05/ibm_fez/20260524T195214000000Z.json	20260524T195214000000Z	ibm_fez	2026-05-24T19:52:14+00:00	2026-05-24T19:52:14+00:00	156		101.71936073078247	79.63439630065224	0.033365885416666664	156	22.17709273872606	81.74370183624013	101.70798251132058	121.34057751133489	155	35.78190912699402	29.49838424344753	86.99844011621177	123.12993667870393	156	0.06624752718798742	0.007080078125	0.01416015625	0.071533203125
snapshots/2026-05/ibm_fez/20260524T210536000000Z.json	20260524T210536000000Z	ibm_fez	2026-05-24T21:05:36+00:00	2026-05-24T21:05:36+00:00	156		101.71936073078247	79.63439630065224	0.033365885416666664	156	22.17709273872606	81.74370183624013	101.70798251132058	121.34057751133489	155	35.78190912699402	29.49838424344753	86.99844011621177	123.12993667870393	156	0.06624752718798742	0.007080078125	0.01416015625	0.071533203125
snapshots/2026-05/ibm_fez/20260524T221326000000Z.json	20260524T221326000000Z	ibm_fez	2026-05-24T22:13:26+00:00	2026-05-24T22:13:26+00:00	156		101.71936073078247	79.63439630065224	0.031783666366185896	156	22.17709273872606	81.74370183624013	101.70798251132058	121.34057751133489	155	35.78190912699402	29.49838424344753	86.99844011621177	123.12993667870393	156	0.060322641794766645	0.0072021484375	0.0135498046875	0.06146240234375
snapshots/2026-05/ibm_fez/20260524T231713000000Z.json	20260524T231713000000Z	ibm_fez	2026-05-24T23:17:13+00:00	2026-05-24T23:17:13+00:00	156		101.71936073078247	79.63439630065224	0.030116937099358976	156	22.17709273872606	81.74370183624013	101.70798251132058	121.34057751133489	155	35.78190912699402	29.49838424344753	86.99844011621177	123.12993667870393	156	0.05110808385064772	0.0072021484375	0.0137939453125	0.070556640625
snapshots/2026-05/ibm_fez/20260525T045345000000Z.json	20260525T045345000000Z	ibm_fez	2026-05-25T04:53:45+00:00	2026-05-25T04:53:45+00:00	156		101.99815208560902	79.93634018777578	0.03227977263621795	156	22.605395558164478	80.75448576231722	100.94146388506442	123.12175770665903	155	35.32720946649879	27.27559886748687	88.07444524580221	120.91098903444458	156	0.05837628472641507	0.008056640625	0.014404296875	0.07061767578125
snapshots/2026-05/ibm_fez/20260525T064743000000Z.json	20260525T064743000000Z	ibm_fez	2026-05-25T06:47:43+00:00	2026-05-25T06:47:43+00:00	156		101.99815208560902	79.93634018777578	0.03227977263621795	156	22.605395558164478	80.75448576231722	100.94146388506442	123.12175770665903	155	35.32720946649879	27.27559886748687	88.07444524580221	120.91098903444458	156	0.05837628472641507	0.008056640625	0.014404296875	0.07061767578125
snapshots/2026-05/ibm_fez/20260525T132457000000Z.json	20260525T132457000000Z	ibm_fez	2026-05-25T13:24:57+00:00	2026-05-25T13:24:57+00:00	156		101.99815208560902	79.93634018777578	0.03308027218549679	156	22.605395558164478	80.75448576231722	100.94146388506442	123.12175770665903	155	35.32720946649879	27.27559886748687	88.07444524580221	120.91098903444458	156	0.05698279118027084	0.00732421875	0.01422119140625	0.07281494140625
snapshots/2026-05/ibm_fez/20260525T161042000000Z.json	20260525T161042000000Z	ibm_fez	2026-05-25T16:10:42+00:00	2026-05-25T16:10:42+00:00	156		101.99815208560902	79.93634018777578	0.03308027218549679	156	22.605395558164478	80.75448576231722	100.94146388506442	123.12175770665903	155	35.32720946649879	27.27559886748687	88.07444524580221	120.91098903444458	156	0.05698279118027084	0.00732421875	0.01422119140625	0.07281494140625
snapshots/2026-05/ibm_fez/20260525T183551000000Z.json	20260525T183551000000Z	ibm_fez	2026-05-25T18:35:51+00:00	2026-05-25T18:35:51+00:00	156		101.99815208560902	79.93634018777578	0.030634953425480768	156	22.605395558164478	80.75448576231722	100.94146388506442	123.12175770665903	155	35.32720946649879	27.27559886748687	88.07444524580221	120.91098903444458	156	0.05660820035596445	0.00714111328125	0.01397705078125	0.06488037109375
snapshots/2026-05/ibm_fez/20260525T201553000000Z.json	20260525T201553000000Z	ibm_fez	2026-05-25T20:15:53+00:00	2026-05-25T20:15:53+00:00	156		101.99815208560902	79.93634018777578	0.02841499524238782	156	22.605395558164478	80.75448576231722	100.94146388506442	123.12175770665903	155	35.32720946649879	27.27559886748687	88.07444524580221	120.91098903444458	156	0.04311917857727773	0.00726318359375	0.013671875	0.06719970703125
snapshots/2026-05/ibm_fez/20260525T210716000000Z.json	20260525T210716000000Z	ibm_fez	2026-05-25T21:07:16+00:00	2026-05-25T21:07:16+00:00	156		101.99815208560902	79.93634018777578	0.02841499524238782	156	22.605395558164478	80.75448576231722	100.94146388506442	123.12175770665903	155	35.32720946649879	27.27559886748687	88.07444524580221	120.91098903444458	156	0.04311917857727773	0.00726318359375	0.013671875	0.06719970703125
snapshots/2026-05/ibm_fez/20260525T223651000000Z.json	20260525T223651000000Z	ibm_fez	2026-05-25T22:36:51+00:00	2026-05-25T22:36:51+00:00	156		101.99815208560902	79.93634018777578	0.02841499524238782	156	22.605395558164478	80.75448576231722	100.94146388506442	123.12175770665903	155	35.32720946649879	27.27559886748687	88.07444524580221	120.91098903444458	156	0.04311917857727773	0.00726318359375	0.013671875	0.06719970703125
snapshots/2026-05/ibm_fez/20260526T042552000000Z.json	20260526T042552000000Z	ibm_fez	2026-05-26T04:25:52+00:00	2026-05-26T04:25:52+00:00	156		100.77973055522364	79.74190598199803	0.03199024689503205	156	21.24940370695785	80.82631040364164	100.41001867328117	120.2808158597606	155	34.89355647084309	31.177511726065454	84.74442572066893	121.82655536546407	156	0.05816373924028385	0.007080078125	0.014404296875	0.06671142578125
snapshots/2026-05/ibm_fez/20260526T075208000000Z.json	20260526T075208000000Z	ibm_fez	2026-05-26T07:52:08+00:00	2026-05-26T07:52:08+00:00	156		100.77973055522364	79.74190598199803	0.03199024689503205	156	21.24940370695785	80.82631040364164	100.41001867328117	120.2808158597606	155	34.89355647084309	31.177511726065454	84.74442572066893	121.82655536546407	156	0.05816373924028385	0.007080078125	0.014404296875	0.06671142578125
snapshots/2026-05/ibm_fez/20260526T161040000000Z.json	20260526T161040000000Z	ibm_fez	2026-05-26T16:10:40+00:00	2026-05-26T16:10:40+00:00	156		100.77973055522364	79.74190598199803	0.034421480618990384	156	21.24940370695785	80.82631040364164	100.41001867328117	120.2808158597606	155	34.89355647084309	31.177511726065454	84.74442572066893	121.82655536546407	156	0.06797786798750854	0.00634765625	0.0135498046875	0.075927734375
snapshots/2026-05/ibm_fez/20260526T183613000000Z.json	20260526T183613000000Z	ibm_fez	2026-05-26T18:36:13+00:00	2026-05-26T18:36:13+00:00	156		100.77973055522364	79.74190598199803	0.029915051582532052	156	21.24940370695785	80.82631040364164	100.41001867328117	120.2808158597606	155	34.89355647084309	31.177511726065454	84.74442572066893	121.82655536546407	156	0.04669163984702339	0.00714111328125	0.0146484375	0.06951904296875
snapshots/2026-05/ibm_fez/20260526T205635000000Z.json	20260526T205635000000Z	ibm_fez	2026-05-26T20:56:35+00:00	2026-05-26T20:56:35+00:00	156		100.77973055522364	79.74190598199803	0.03441600310496795	156	21.24940370695785	80.82631040364164	100.41001867328117	120.2808158597606	155	34.89355647084309	31.177511726065454	84.74442572066893	121.82655536546407	156	0.060693700053723786	0.00738525390625	0.01507568359375	0.08245849609375
snapshots/2026-05/ibm_fez/20260526T221513000000Z.json	20260526T221513000000Z	ibm_fez	2026-05-26T22:15:13+00:00	2026-05-26T22:15:13+00:00	156		100.77973055522364	79.74190598199803	0.03441600310496795	156	21.24940370695785	80.82631040364164	100.41001867328117	120.2808158597606	155	34.89355647084309	31.177511726065454	84.74442572066893	121.82655536546407	156	0.060693700053723786	0.00738525390625	0.01507568359375	0.08245849609375
snapshots/2026-05/ibm_fez/20260527T011556000000Z.json	20260527T011556000000Z	ibm_fez	2026-05-27T01:15:56+00:00	2026-05-27T01:15:56+00:00	156		100.77973055522364	79.74190598199803	0.029933831630608976	156	21.24940370695785	80.82631040364164	100.41001867328117	120.2808158597606	155	34.89355647084309	31.177511726065454	84.74442572066893	121.82655536546407	156	0.04989593523443276	0.0067138671875	0.0135498046875	0.07122802734375
snapshots/2026-05/ibm_fez/20260527T053937000000Z.json	20260527T053937000000Z	ibm_fez	2026-05-27T05:39:37+00:00	2026-05-27T05:39:37+00:00	156		101.56617645563193	80.21606975362532	0.031110714643429488	156	22.03710480342169	80.04243687287574	100.7942951706311	122.16034566768263	155	35.76614517492398	27.443553524921608	88.43056791042106	124.6320976646205	156	0.05456547892914241	0.00701904296875	0.01373291015625	0.07525634765625
snapshots/2026-05/ibm_fez/20260527T093919000000Z.json	20260527T093919000000Z	ibm_fez	2026-05-27T09:39:19+00:00	2026-05-27T09:39:19+00:00	156		101.56617645563193	80.21606975362532	0.032327505258413464	156	22.03710480342169	80.04243687287574	100.7942951706311	122.16034566768263	155	35.76614517492398	27.443553524921608	88.43056791042106	124.6320976646205	156	0.05703691624390436	0.0072021484375	0.01434326171875	0.06842041015625
snapshots/2026-05/ibm_fez/20260527T175012000000Z.json	20260527T175012000000Z	ibm_fez	2026-05-27T17:50:12+00:00	2026-05-27T17:50:12+00:00	156		101.56617645563193	80.21606975362532	0.030242137419871796	156	22.03710480342169	80.04243687287574	100.7942951706311	122.16034566768263	155	35.76614517492398	27.443553524921608	88.43056791042106	124.6320976646205	156	0.06473796304633184	0.005615234375	0.01123046875	0.06396484375
snapshots/2026-05/ibm_fez/20260527T202504000000Z.json	20260527T202504000000Z	ibm_fez	2026-05-27T20:25:04+00:00	2026-05-27T20:25:04+00:00	156		101.56617645563193	80.21606975362532	0.026642628205128204	156	22.03710480342169	80.04243687287574	100.7942951706311	122.16034566768263	155	35.76614517492398	27.443553524921608	88.43056791042106	124.6320976646205	156	0.04918665989154497	0.00677490234375	0.0126953125	0.05682373046875
snapshots/2026-05/ibm_fez/20260527T220806000000Z.json	20260527T220806000000Z	ibm_fez	2026-05-27T22:08:06+00:00	2026-05-27T22:08:06+00:00	156		101.56617645563193	80.21606975362532	0.026642628205128204	156	22.03710480342169	80.04243687287574	100.7942951706311	122.16034566768263	155	35.76614517492398	27.443553524921608	88.43056791042106	124.6320976646205	156	0.04918665989154497	0.00677490234375	0.0126953125	0.05682373046875
snapshots/2026-05/ibm_fez/20260528T033226000000Z.json	20260528T033226000000Z	ibm_fez	2026-05-28T03:32:26+00:00	2026-05-28T03:32:26+00:00	156		101.56617645563193	80.21606975362532	0.027860201322115384	156	22.03710480342169	80.04243687287574	100.7942951706311	122.16034566768263	155	35.76614517492398	27.443553524921608	88.43056791042106	124.6320976646205	156	0.047572843621618	0.0067138671875	0.0126953125	0.06243896484375
snapshots/2026-05/ibm_fez/20260528T114323000000Z.json	20260528T114323000000Z	ibm_fez	2026-05-28T11:43:23+00:00	2026-05-28T11:43:23+00:00	156		135.00413933523208	95.72616728182867	0.029777331229967948	156	45.87160632810983	88.61914653578397	129.21101575572789	191.87214563862852	155	52.59030619383703	30.73514981816128	96.05846658054703	162.28064419442018	156	0.05813333354274614	0.0059814453125	0.0120849609375	0.064697265625
snapshots/2026-05/ibm_fez/20260528T165407000000Z.json	20260528T165407000000Z	ibm_fez	2026-05-28T16:54:07+00:00	2026-05-28T16:54:07+00:00	156		135.00413933523208	95.72616728182867	0.029807066306089744	156	45.87160632810983	88.61914653578397	129.21101575572789	191.87214563862852	155	52.59030619383703	30.73514981816128	96.05846658054703	162.28064419442018	156	0.058129469995667836	0.0059814453125	0.0120849609375	0.064697265625
snapshots/2026-05/ibm_fez/20260528T190226000000Z.json	20260528T190226000000Z	ibm_fez	2026-05-28T19:02:26+00:00	2026-05-28T19:02:26+00:00	156		135.00413933523208	95.72616728182867	0.031943296774839744	156	45.87160632810983	88.61914653578397	129.21101575572789	191.87214563862852	155	52.59030619383703	30.73514981816128	96.05846658054703	162.28064419442018	156	0.06066845802312698	0.00732421875	0.0120849609375	0.07177734375
snapshots/2026-05/ibm_fez/20260528T220656000000Z.json	20260528T220656000000Z	ibm_fez	2026-05-28T22:06:56+00:00	2026-05-28T22:06:56+00:00	156		135.00413933523208	95.72616728182867	0.031943296774839744	156	45.87160632810983	88.61914653578397	129.21101575572789	191.87214563862852	155	52.59030619383703	30.73514981816128	96.05846658054703	162.28064419442018	156	0.06066845802312698	0.00732421875	0.0120849609375	0.07177734375
snapshots/2026-05/ibm_fez/20260528T231015000000Z.json	20260528T231015000000Z	ibm_fez	2026-05-28T23:10:15+00:00	2026-05-28T23:10:15+00:00	156		135.00413933523208	95.72616728182867	0.03184704902844551	156	45.87160632810983	88.61914653578397	129.21101575572789	191.87214563862852	155	52.59030619383703	30.73514981816128	96.05846658054703	162.28064419442018	156	0.05875690767441081	0.00677490234375	0.01226806640625	0.072021484375
snapshots/2026-05/ibm_fez/20260529T042518000000Z.json	20260529T042518000000Z	ibm_fez	2026-05-29T04:25:18+00:00	2026-05-29T04:25:18+00:00	156		135.00413933523208	95.72616728182867	0.030219444861778848	156	45.87160632810983	88.61914653578397	129.21101575572789	191.87214563862852	155	52.59030619383703	30.73514981816128	96.05846658054703	162.28064419442018	156	0.05473037522765033	0.006591796875	0.01220703125	0.07342529296875
snapshots/2026-05/ibm_fez/20260529T082836000000Z.json	20260529T082836000000Z	ibm_fez	2026-05-29T08:28:36+00:00	2026-05-29T08:28:36+00:00	156		135.00413933523208	95.72616728182867	0.030219444861778848	156	45.87160632810983	88.61914653578397	129.21101575572789	191.87214563862852	155	52.59030619383703	30.73514981816128	96.05846658054703	162.28064419442018	156	0.05473037522765033	0.006591796875	0.01220703125	0.07342529296875
snapshots/2026-05/ibm_fez/20260529T113835000000Z.json	20260529T113835000000Z	ibm_fez	2026-05-29T11:38:35+00:00	2026-05-29T11:38:35+00:00	156		141.53826348720213	97.2524462945711	0.030219444861778848	156	46.15028337507046	86.07314720823541	139.4523476283186	198.20782147677738	155	54.02864397523901	32.044264458752004	94.78121073863159	168.90322488140262	156	0.05473037522765033	0.006591796875	0.01220703125	0.07342529296875
snapshots/2026-05/ibm_fez/20260529T164642000000Z.json	20260529T164642000000Z	ibm_fez	2026-05-29T16:46:42+00:00	2026-05-29T16:46:42+00:00	156		141.53826348720213	97.2524462945711	0.028010441706730768	156	46.15028337507046	86.07314720823541	139.4523476283186	198.20782147677738	155	54.02864397523901	32.044264458752004	94.78121073863159	168.90322488140262	156	0.04972782732940814	0.00653076171875	0.0118408203125	0.06585693359375
snapshots/2026-05/ibm_fez/20260529T205520000000Z.json	20260529T205520000000Z	ibm_fez	2026-05-29T20:55:20+00:00	2026-05-29T20:55:20+00:00	156		145.2618560438733	105.26639410404584	0.03106376452323718	156	48.61031615664765	90.76518636232115	141.06636085029277	205.6378029149468	155	59.561762239305565	31.84826827828893	102.0454087174525	189.44783756095242	156	0.06431059447397845	0.00537109375	0.01318359375	0.0670166015625
snapshots/2026-05/ibm_fez/20260529T221611000000Z.json	20260529T221611000000Z	ibm_fez	2026-05-29T22:16:11+00:00	2026-05-29T22:16:11+00:00	156		145.2618560438733	105.26639410404584	0.031129494691506412	156	48.61031615664765	90.76518636232115	141.06636085029277	205.6378029149468	155	59.561762239305565	31.84826827828893	102.0454087174525	189.44783756095242	156	0.06430120974705626	0.00537109375	0.01318359375	0.0670166015625
snapshots/2026-05/ibm_fez/20260530T010937000000Z.json	20260530T010937000000Z	ibm_fez	2026-05-30T01:09:37+00:00	2026-05-30T01:09:37+00:00	156		145.2618560438733	105.26639410404584	0.031129494691506412	156	48.61031615664765	90.76518636232115	141.06636085029277	205.6378029149468	155	59.561762239305565	31.84826827828893	102.0454087174525	189.44783756095242	156	0.06430120974705626	0.00537109375	0.01318359375	0.0670166015625
snapshots/2026-05/ibm_fez/20260530T045532000000Z.json	20260530T045532000000Z	ibm_fez	2026-05-30T04:55:32+00:00	2026-05-30T04:55:32+00:00	156		145.2618560438733	105.26639410404584	0.024401542467948716	156	48.61031615664765	90.76518636232115	141.06636085029277	205.6378029149468	155	59.561762239305565	31.84826827828893	102.0454087174525	189.44783756095242	156	0.04149419086278752	0.006103515625	0.01190185546875	0.05859375
snapshots/2026-05/ibm_fez/20260530T073516000000Z.json	20260530T073516000000Z	ibm_fez	2026-05-30T07:35:16+00:00	2026-05-30T07:35:16+00:00	156		145.2618560438733	105.26639410404584	0.024401542467948716	156	48.61031615664765	90.76518636232115	141.06636085029277	205.6378029149468	155	59.561762239305565	31.84826827828893	102.0454087174525	189.44783756095242	156	0.04149419086278752	0.006103515625	0.01190185546875	0.05859375
snapshots/2026-05/ibm_fez/20260530T101531000000Z.json	20260530T101531000000Z	ibm_fez	2026-05-30T10:15:31+00:00	2026-05-30T10:15:31+00:00	156		145.2618560438733	105.26639410404584	0.024308424729567308	156	48.61031615664765	90.76518636232115	141.06636085029277	205.6378029149468	155	59.561762239305565	31.84826827828893	102.0454087174525	189.44783756095242	156	0.044393443180473856	0.006103515625	0.01226806640625	0.048583984375
snapshots/2026-05/ibm_fez/20260530T113513000000Z.json	20260530T113513000000Z	ibm_fez	2026-05-30T11:35:13+00:00	2026-05-30T11:35:13+00:00	156		145.2618560438733	105.26639410404584	0.03218274238782051	156	48.61031615664765	90.76518636232115	141.06636085029277	205.6378029149468	155	59.561762239305565	31.84826827828893	102.0454087174525	189.44783756095242	156	0.06631344232674839	0.0062255859375	0.01202392578125	0.0701904296875
snapshots/2026-05/ibm_fez/20260530T125241000000Z.json	20260530T125241000000Z	ibm_fez	2026-05-30T12:52:41+00:00	2026-05-30T12:52:41+00:00	156		145.2618560438733	105.26639410404584	0.03218274238782051	156	48.61031615664765	90.76518636232115	141.06636085029277	205.6378029149468	155	59.561762239305565	31.84826827828893	102.0454087174525	189.44783756095242	156	0.06631344232674839	0.0062255859375	0.01202392578125	0.0701904296875
snapshots/2026-05/ibm_fez/20260530T153454000000Z.json	20260530T153454000000Z	ibm_fez	2026-05-30T15:34:54+00:00	2026-05-30T15:34:54+00:00	156		145.2618560438733	105.26639410404584	0.02621772961738782	156	48.61031615664765	90.76518636232115	141.06636085029277	205.6378029149468	155	59.561762239305565	31.84826827828893	102.0454087174525	189.44783756095242	156	0.05274976567049884	0.00579833984375	0.01123046875	0.0567626953125
snapshots/2026-05/ibm_fez/20260530T171256000000Z.json	20260530T171256000000Z	ibm_fez	2026-05-30T17:12:56+00:00	2026-05-30T17:12:56+00:00	156		145.2618560438733	105.26639410404584	0.02621772961738782	156	48.61031615664765	90.76518636232115	141.06636085029277	205.6378029149468	155	59.561762239305565	31.84826827828893	102.0454087174525	189.44783756095242	156	0.05274976567049884	0.00579833984375	0.01123046875	0.0567626953125
snapshots/2026-05/ibm_fez/20260530T183520000000Z.json	20260530T183520000000Z	ibm_fez	2026-05-30T18:35:20+00:00	2026-05-30T18:35:20+00:00	156		145.2618560438733	105.26639410404584	0.029553535657051284	156	48.61031615664765	90.76518636232115	141.06636085029277	205.6378029149468	155	59.561762239305565	31.84826827828893	102.0454087174525	189.44783756095242	156	0.061312909437486234	0.00604248046875	0.01190185546875	0.06378173828125
snapshots/2026-05/ibm_fez/20260530T211530000000Z.json	20260530T211530000000Z	ibm_fez	2026-05-30T21:15:30+00:00	2026-05-30T21:15:30+00:00	156		152.31394965550936	107.06666182841242	0.027717785957532052	156	53.334182179676304	96.31012289639489	149.3531115731081	215.10751705682438	155	59.529811354337895	27.643121513455092	107.52139094681526	179.92083375566943	156	0.05477366480987065	0.006103515625	0.011474609375	0.0640869140625
snapshots/2026-05/ibm_fez/20260530T220419000000Z.json	20260530T220419000000Z	ibm_fez	2026-05-30T22:04:19+00:00	2026-05-30T22:04:19+00:00	156		152.31394965550936	107.06666182841242	0.031508225661057696	156	53.334182179676304	96.31012289639489	149.3531115731081	215.10751705682438	155	59.529811354337895	27.643121513455092	107.52139094681526	179.92083375566943	156	0.06597955844801177	0.00604248046875	0.01177978515625	0.06390380859375
snapshots/2026-05/ibm_fez/20260530T231739000000Z.json	20260530T231739000000Z	ibm_fez	2026-05-30T23:17:39+00:00	2026-05-30T23:17:39+00:00	156		152.31394965550936	107.06666182841242	0.031508225661057696	156	53.334182179676304	96.31012289639489	149.3531115731081	215.10751705682438	155	59.529811354337895	27.643121513455092	107.52139094681526	179.92083375566943	156	0.06597955844801177	0.00604248046875	0.01177978515625	0.06390380859375
snapshots/2026-05/ibm_fez/20260531T044253000000Z.json	20260531T044253000000Z	ibm_fez	2026-05-31T04:42:53+00:00	2026-05-31T04:42:53+00:00	156		152.31394965550936	107.06666182841242	0.030490973056891024	156	53.334182179676304	96.31012289639489	149.3531115731081	215.10751705682438	155	59.529811354337895	27.643121513455092	107.52139094681526	179.92083375566943	156	0.06500955029767999	0.00567626953125	0.01190185546875	0.06243896484375
snapshots/2026-05/ibm_fez/20260531T074543000000Z.json	20260531T074543000000Z	ibm_fez	2026-05-31T07:45:43+00:00	2026-05-31T07:45:43+00:00	156		152.31394965550936	107.06666182841242	0.030490973056891024	156	53.334182179676304	96.31012289639489	149.3531115731081	215.10751705682438	155	59.529811354337895	27.643121513455092	107.52139094681526	179.92083375566943	156	0.06500955029767999	0.00567626953125	0.01190185546875	0.06243896484375
snapshots/2026-05/ibm_fez/20260531T091502000000Z.json	20260531T091502000000Z	ibm_fez	2026-05-31T09:15:02+00:00	2026-05-31T09:15:02+00:00	156		152.31394965550936	107.06666182841242	0.029824281350160256	156	53.334182179676304	96.31012289639489	149.3531115731081	215.10751705682438	155	59.529811354337895	27.643121513455092	107.52139094681526	179.92083375566943	156	0.05830309073733458	0.00616455078125	0.01190185546875	0.06170654296875
snapshots/2026-05/ibm_fez/20260531T114412000000Z.json	20260531T114412000000Z	ibm_fez	2026-05-31T11:44:12+00:00	2026-05-31T11:44:12+00:00	156		152.31394965550936	107.06666182841242	0.027524507962740384	156	53.334182179676304	96.31012289639489	149.3531115731081	215.10751705682438	155	59.529811354337895	27.643121513455092	107.52139094681526	179.92083375566943	156	0.05487670071102879	0.00579833984375	0.01202392578125	0.0589599609375
snapshots/2026-05/ibm_fez/20260531T131237000000Z.json	20260531T131237000000Z	ibm_fez	2026-05-31T13:12:37+00:00	2026-05-31T13:12:37+00:00	156		152.31394965550936	107.06666182841242	0.027524507962740384	156	53.334182179676304	96.31012289639489	149.3531115731081	215.10751705682438	155	59.529811354337895	27.643121513455092	107.52139094681526	179.92083375566943	156	0.05487670071102879	0.00579833984375	0.01202392578125	0.0589599609375
snapshots/2026-05/ibm_fez/20260531T144911000000Z.json	20260531T144911000000Z	ibm_fez	2026-05-31T14:49:11+00:00	2026-05-31T14:49:11+00:00	156		152.31394965550936	107.06666182841242	0.028214674729567308	156	53.334182179676304	96.31012289639489	149.3531115731081	215.10751705682438	155	59.529811354337895	27.643121513455092	107.52139094681526	179.92083375566943	156	0.05510683463277493	0.0057373046875	0.01171875	0.0660400390625
snapshots/2026-05/ibm_fez/20260531T172523000000Z.json	20260531T172523000000Z	ibm_fez	2026-05-31T17:25:23+00:00	2026-05-31T17:25:23+00:00	156		152.31394965550936	107.06666182841242	0.028214674729567308	156	53.334182179676304	96.31012289639489	149.3531115731081	215.10751705682438	155	59.529811354337895	27.643121513455092	107.52139094681526	179.92083375566943	156	0.05510683463277493	0.0057373046875	0.01171875	0.0660400390625
snapshots/2026-05/ibm_fez/20260531T193245000000Z.json	20260531T193245000000Z	ibm_fez	2026-05-31T19:32:45+00:00	2026-05-31T19:32:45+00:00	156		152.31394965550936	107.06666182841242	0.032455053084935896	156	53.334182179676304	96.31012289639489	149.3531115731081	215.10751705682438	155	59.529811354337895	27.643121513455092	107.52139094681526	179.92083375566943	156	0.0652459990541455	0.005615234375	0.0120849609375	0.06927490234375
snapshots/2026-05/ibm_fez/20260531T203929000000Z.json	20260531T203929000000Z	ibm_fez	2026-05-31T20:39:29+00:00	2026-05-31T20:39:29+00:00	156		154.3887041695056	105.91262624108057	0.026320237379807692	156	46.47533721767652	100.10165309484921	149.19700343964575	215.38022188261118	155	58.79507329884938	32.33598244352609	103.8942580934037	186.03624536313583	156	0.04539582662981522	0.0057373046875	0.0125732421875	0.0660400390625
snapshots/2026-05/ibm_fez/20260531T215254000000Z.json	20260531T215254000000Z	ibm_fez	2026-05-31T21:52:54+00:00	2026-05-31T21:52:54+00:00	156		154.3887041695056	105.91262624108057	0.029800806290064104	156	46.47533721767652	100.10165309484921	149.19700343964575	215.38022188261118	155	58.79507329884938	32.33598244352609	103.8942580934037	186.03624536313583	156	0.05674837400690337	0.005859375	0.01226806640625	0.072509765625
snapshots/2026-05/ibm_fez/20260531T224731000000Z.json	20260531T224731000000Z	ibm_fez	2026-05-31T22:47:31+00:00	2026-05-31T22:47:31+00:00	156		154.3887041695056	105.91262624108057	0.029800806290064104	156	46.47533721767652	100.10165309484921	149.19700343964575	215.38022188261118	155	58.79507329884938	32.33598244352609	103.8942580934037	186.03624536313583	156	0.05674837400690337	0.005859375	0.01226806640625	0.072509765625
snapshots/2026-06/ibm_fez/20260601T042802000000Z.json	20260601T042802000000Z	ibm_fez	2026-06-01T04:28:02+00:00	2026-06-01T04:28:02+00:00	156		154.3887041695056	105.91262624108057	0.03054183568709936	156	46.47533721767652	100.10165309484921	149.19700343964575	215.38022188261118	155	58.79507329884938	32.33598244352609	103.8942580934037	186.03624536313583	156	0.06389858218181914	0.006103515625	0.01177978515625	0.0645751953125
snapshots/2026-06/ibm_fez/20260601T102142000000Z.json	20260601T102142000000Z	ibm_fez	2026-06-01T10:21:42+00:00	2026-06-01T10:21:42+00:00	156		154.3887041695056	105.91262624108057	0.027539375500801284	156	46.47533721767652	100.10165309484921	149.19700343964575	215.38022188261118	155	58.79507329884938	32.33598244352609	103.8942580934037	186.03624536313583	156	0.04711041285944856	0.00604248046875	0.01226806640625	0.055419921875
snapshots/2026-06/ibm_fez/20260601T162716000000Z.json	20260601T162716000000Z	ibm_fez	2026-06-01T16:27:16+00:00	2026-06-01T16:27:16+00:00	156		154.3887041695056	105.91262624108057	0.02807930188301282	156	46.47533721767652	100.10165309484921	149.19700343964575	215.38022188261118	155	58.79507329884938	32.33598244352609	103.8942580934037	186.03624536313583	156	0.05671135335890737	0.005859375	0.01104736328125	0.0655517578125
snapshots/2026-06/ibm_fez/20260601T204925000000Z.json	20260601T204925000000Z	ibm_fez	2026-06-01T20:49:25+00:00	2026-06-01T20:49:25+00:00	156		154.3887041695056	105.91262624108057	0.027614495693108976	156	46.47533721767652	100.10165309484921	149.19700343964575	215.38022188261118	155	58.79507329884938	32.33598244352609	103.8942580934037	186.03624536313583	156	0.05657531961298768	0.006103515625	0.0126953125	0.0572509765625
snapshots/2026-06/ibm_fez/20260601T230214000000Z.json	20260601T230214000000Z	ibm_fez	2026-06-01T23:02:14+00:00	2026-06-01T23:02:14+00:00	156		152.46559456124263	105.71996669677797	0.027614495693108976	156	48.34158484774458	95.41998282757675	149.70552463521125	210.64374897622352	155	59.286844327876494	28.94056988629011	105.41528551793247	182.7229868083926	156	0.05657531961298768	0.006103515625	0.0126953125	0.0572509765625
snapshots/2026-06/ibm_fez/20260602T013736000000Z.json	20260602T013736000000Z	ibm_fez	2026-06-02T01:37:36+00:00	2026-06-02T01:37:36+00:00	156		152.46559456124263	105.71996669677797	0.029053516877003204	156	48.34158484774458	95.41998282757675	149.70552463521125	210.64374897622352	155	59.286844327876494	28.94056988629011	105.41528551793247	182.7229868083926	156	0.06296195309150066	0.0062255859375	0.011962890625	0.0592041015625
snapshots/2026-06/ibm_fez/20260602T060539000000Z.json	20260602T060539000000Z	ibm_fez	2026-06-02T06:05:39+00:00	2026-06-02T06:05:39+00:00	156		152.46559456124263	105.71996669677797	0.025566687950721152	156	48.34158484774458	95.41998282757675	149.70552463521125	210.64374897622352	155	59.286844327876494	28.94056988629011	105.41528551793247	182.7229868083926	156	0.04276977568426128	0.0059814453125	0.01226806640625	0.05938720703125
snapshots/2026-06/ibm_fez/20260602T112517000000Z.json	20260602T112517000000Z	ibm_fez	2026-06-02T11:25:17+00:00	2026-06-02T11:25:17+00:00	156		152.46559456124263	105.71996669677797	0.029012044270833332	156	48.34158484774458	95.41998282757675	149.70552463521125	210.64374897622352	155	59.286844327876494	28.94056988629011	105.41528551793247	182.7229868083926	156	0.05557299542318889	0.00567626953125	0.01214599609375	0.06585693359375
snapshots/2026-06/ibm_fez/20260602T164823000000Z.json	20260602T164823000000Z	ibm_fez	2026-06-02T16:48:23+00:00	2026-06-02T16:48:23+00:00	156		152.6332485757967	106.16226964985542	0.028642703325320512	156	47.2560348300546	99.5141553742493	149.0688724412188	205.14827869162826	155	58.89527938853618	32.05299633382582	106.25010101583567	184.35987603605295	156	0.056235693661945065	0.00634765625	0.0120849609375	0.0650634765625
snapshots/2026-06/ibm_fez/20260602T193604000000Z.json	20260602T193604000000Z	ibm_fez	2026-06-02T19:36:04+00:00	2026-06-02T19:36:04+00:00	156		152.6332485757967	106.16226964985542	0.028642703325320512	156	47.2560348300546	99.5141553742493	149.0688724412188	205.14827869162826	155	58.89527938853618	32.05299633382582	106.25010101583567	184.35987603605295	156	0.056235693661945065	0.00634765625	0.0120849609375	0.0650634765625
snapshots/2026-06/ibm_fez/20260602T222009000000Z.json	20260602T222009000000Z	ibm_fez	2026-06-02T22:20:09+00:00	2026-06-02T22:20:09+00:00	156		152.6332485757967	106.16226964985542	0.031023856921073716	156	47.2560348300546	99.5141553742493	149.0688724412188	205.14827869162826	155	58.89527938853618	32.05299633382582	106.25010101583567	184.35987603605295	156	0.06755330094395862	0.006103515625	0.01080322265625	0.0623779296875
snapshots/2026-06/ibm_fez/20260602T224248000000Z.json	20260602T224248000000Z	ibm_fez	2026-06-02T22:42:48+00:00	2026-06-02T22:42:48+00:00	156		152.6332485757967	106.16226964985542	0.031023856921073716	156	47.2560348300546	99.5141553742493	149.0688724412188	205.14827869162826	155	58.89527938853618	32.05299633382582	106.25010101583567	184.35987603605295	156	0.06755330094395862	0.006103515625	0.01080322265625	0.0623779296875
snapshots/2026-06/ibm_fez/20260603T050543000000Z.json	20260603T050543000000Z	ibm_fez	2026-06-03T05:05:43+00:00	2026-06-03T05:05:43+00:00	156		152.6332485757967	106.16226964985542	0.029379820212339744	156	47.2560348300546	99.5141553742493	149.0688724412188	205.14827869162826	155	58.89527938853618	32.05299633382582	106.25010101583567	184.35987603605295	156	0.05625483889801936	0.00604248046875	0.01177978515625	0.0660400390625
snapshots/2026-06/ibm_fez/20260603T091916000000Z.json	20260603T091916000000Z	ibm_fez	2026-06-03T09:19:16+00:00	2026-06-03T09:19:16+00:00	156		152.6332485757967	106.16226964985542	0.02633979992988782	156	47.2560348300546	99.5141553742493	149.0688724412188	205.14827869162826	155	58.89527938853618	32.05299633382582	106.25010101583567	184.35987603605295	156	0.04725733175256486	0.0059814453125	0.01275634765625	0.05682373046875
snapshots/2026-06/ibm_fez/20260603T143527000000Z.json	20260603T143527000000Z	ibm_fez	2026-06-03T14:35:27+00:00	2026-06-03T14:35:27+00:00	156		152.6332485757967	106.16226964985542	0.028096516927083332	156	47.2560348300546	99.5141553742493	149.0688724412188	205.14827869162826	155	58.89527938853618	32.05299633382582	106.25010101583567	184.35987603605295	156	0.05724502904459146	0.0059814453125	0.01165771484375	0.05364990234375
snapshots/2026-06/ibm_fez/20260603T160333000000Z.json	20260603T160333000000Z	ibm_fez	2026-06-03T16:03:33+00:00	2026-06-03T16:03:33+00:00	156		152.6332485757967	106.16226964985542	0.028096516927083332	156	47.2560348300546	99.5141553742493	149.0688724412188	205.14827869162826	155	58.89527938853618	32.05299633382582	106.25010101583567	184.35987603605295	156	0.05724502904459146	0.0059814453125	0.01165771484375	0.05364990234375
snapshots/2026-06/ibm_fez/20260604T000425000000Z.json	20260604T000425000000Z	ibm_fez	2026-06-04T00:04:25+00:00	2026-06-04T00:04:25+00:00	156		152.6332485757967	106.16226964985542	0.030305520082131412	156	47.2560348300546	99.5141553742493	149.0688724412188	205.14827869162826	155	58.89527938853618	32.05299633382582	106.25010101583567	184.35987603605295	156	0.057817882084742235	0.00616455078125	0.01239013671875	0.06427001953125
snapshots/2026-06/ibm_fez/20260604T044136000000Z.json	20260604T044136000000Z	ibm_fez	2026-06-04T04:41:36+00:00	2026-06-04T04:41:36+00:00	156		152.6332485757967	106.16226964985542	0.026026016626602564	156	47.2560348300546	99.5141553742493	149.0688724412188	205.14827869162826	155	58.89527938853618	32.05299633382582	106.25010101583567	184.35987603605295	156	0.04858017057768054	0.006103515625	0.01141357421875	0.0638427734375
snapshots/2026-06/ibm_fez/20260604T081027000000Z.json	20260604T081027000000Z	ibm_fez	2026-06-04T08:10:27+00:00	2026-06-04T08:10:27+00:00	156		152.6332485757967	106.16226964985542	0.028979961688701924	156	47.2560348300546	99.5141553742493	149.0688724412188	205.14827869162826	155	58.89527938853618	32.05299633382582	106.25010101583567	184.35987603605295	156	0.05487837951022631	0.0059814453125	0.0123291015625	0.06951904296875
snapshots/2026-06/ibm_fez/20260604T121524000000Z.json	20260604T121524000000Z	ibm_fez	2026-06-04T12:15:24+00:00	2026-06-04T12:15:24+00:00	156		152.6332485757967	106.16226964985542	0.025196564503205128	156	47.2560348300546	99.5141553742493	149.0688724412188	205.14827869162826	155	58.89527938853618	32.05299633382582	106.25010101583567	184.35987603605295	156	0.04152632655323449	0.006103515625	0.01141357421875	0.06170654296875
snapshots/2026-06/ibm_fez/20260604T145957000000Z.json	20260604T145957000000Z	ibm_fez	2026-06-04T14:59:57+00:00	2026-06-04T14:59:57+00:00	156		152.6332485757967	106.16226964985542	0.028011224208733976	156	47.2560348300546	99.5141553742493	149.0688724412188	205.14827869162826	155	58.89527938853618	32.05299633382582	106.25010101583567	184.35987603605295	156	0.05170587948120802	0.0062255859375	0.01361083984375	0.0601806640625
snapshots/2026-06/ibm_fez/20260604T173545000000Z.json	20260604T173545000000Z	ibm_fez	2026-06-04T17:35:45+00:00	2026-06-04T17:35:45+00:00	156		152.6332485757967	106.16226964985542	0.027996356670673076	156	47.2560348300546	99.5141553742493	149.0688724412188	205.14827869162826	155	58.89527938853618	32.05299633382582	106.25010101583567	184.35987603605295	156	0.054032156066106694	0.005615234375	0.0120849609375	0.0609130859375
snapshots/2026-06/ibm_fez/20260604T201524000000Z.json	20260604T201524000000Z	ibm_fez	2026-06-04T20:15:24+00:00	2026-06-04T20:15:24+00:00	156		152.6332485757967	106.16226964985542	0.027996356670673076	156	47.2560348300546	99.5141553742493	149.0688724412188	205.14827869162826	155	58.89527938853618	32.05299633382582	106.25010101583567	184.35987603605295	156	0.054032156066106694	0.005615234375	0.0120849609375	0.0609130859375
snapshots/2026-06/ibm_fez/20260604T213521000000Z.json	20260604T213521000000Z	ibm_fez	2026-06-04T21:35:21+00:00	2026-06-04T21:35:21+00:00	156		152.6332485757967	106.16226964985542	0.027627015725160256	156	47.2560348300546	99.5141553742493	149.0688724412188	205.14827869162826	155	58.89527938853618	32.05299633382582	106.25010101583567	184.35987603605295	156	0.057535033453140746	0.0057373046875	0.01202392578125	0.06341552734375
snapshots/2026-06/ibm_fez/20260604T230834000000Z.json	20260604T230834000000Z	ibm_fez	2026-06-04T23:08:34+00:00	2026-06-04T23:08:34+00:00	156		140.20750839039204	99.4506930723236	0.02599158653846154	156	46.28304745870863	85.74153192628721	135.68007705455486	197.82844377317872	155	55.43108625882541	31.805404825760334	99.47389150986322	171.06180979421447	156	0.04831631798855692	0.0057373046875	0.0108642578125	0.060791015625
snapshots/2026-06/ibm_fez/20260605T043513000000Z.json	20260605T043513000000Z	ibm_fez	2026-06-05T04:35:13+00:00	2026-06-05T04:35:13+00:00	156		140.20750839039204	99.4506930723236	0.026468912760416668	156	46.28304745870863	85.74153192628721	135.68007705455486	197.82844377317872	155	55.43108625882541	31.805404825760334	99.47389150986322	171.06180979421447	156	0.04462000542533212	0.00616455078125	0.01214599609375	0.0589599609375
snapshots/2026-06/ibm_fez/20260605T083524000000Z.json	20260605T083524000000Z	ibm_fez	2026-06-05T08:35:24+00:00	2026-06-05T08:35:24+00:00	156		140.20750839039204	99.4506930723236	0.02956840319511218	156	46.28304745870863	85.74153192628721	135.68007705455486	197.82844377317872	155	55.43108625882541	31.805404825760334	99.47389150986322	171.06180979421447	156	0.058251147701797325	0.00592041015625	0.01177978515625	0.0682373046875
snapshots/2026-06/ibm_fez/20260605T113251000000Z.json	20260605T113251000000Z	ibm_fez	2026-06-05T11:32:51+00:00	2026-06-05T11:32:51+00:00	156		140.20750839039204	99.4506930723236	0.026743570963541668	156	46.28304745870863	85.74153192628721	135.68007705455486	197.82844377317872	155	55.43108625882541	31.805404825760334	99.47389150986322	171.06180979421447	156	0.04354774369714867	0.006103515625	0.01202392578125	0.06256103515625
snapshots/2026-06/ibm_fez/20260605T151405000000Z.json	20260605T151405000000Z	ibm_fez	2026-06-05T15:14:05+00:00	2026-06-05T15:14:05+00:00	156		140.20750839039204	99.4506930723236	0.026787391075721152	156	46.28304745870863	85.74153192628721	135.68007705455486	197.82844377317872	155	55.43108625882541	31.805404825760334	99.47389150986322	171.06180979421447	156	0.0547552984801638	0.00616455078125	0.0123291015625	0.052001953125
snapshots/2026-06/ibm_fez/20260605T175522000000Z.json	20260605T175522000000Z	ibm_fez	2026-06-05T17:55:22+00:00	2026-06-05T17:55:22+00:00	156		140.20750839039204	99.4506930723236	0.029062906901041668	156	46.28304745870863	85.74153192628721	135.68007705455486	197.82844377317872	155	55.43108625882541	31.805404825760334	99.47389150986322	171.06180979421447	156	0.0575046764493375	0.0059814453125	0.0123291015625	0.0635986328125
snapshots/2026-06/ibm_fez/20260605T192615000000Z.json	20260605T192615000000Z	ibm_fez	2026-06-05T19:26:15+00:00	2026-06-05T19:26:15+00:00	156		140.20750839039204	99.4506930723236	0.027876633864182692	156	46.28304745870863	85.74153192628721	135.68007705455486	197.82844377317872	155	55.43108625882541	31.805404825760334	99.47389150986322	171.06180979421447	156	0.0578324857695547	0.005859375	0.01123046875	0.052978515625
snapshots/2026-06/ibm_fez/20260605T212946000000Z.json	20260605T212946000000Z	ibm_fez	2026-06-05T21:29:46+00:00	2026-06-05T21:29:46+00:00	156		142.56552888170523	102.95600380146568	0.028537848056891024	156	47.300385010858406	85.85105427833506	138.0178346705455	201.26641362619523	155	57.236585520073675	30.94513831145699	95.52258702631455	188.7568069479527	156	0.0511206448554168	0.0059814453125	0.01220703125	0.0751953125
snapshots/2026-06/ibm_fez/20260605T233528000000Z.json	20260605T233528000000Z	ibm_fez	2026-06-05T23:35:28+00:00	2026-06-05T23:35:28+00:00	156		142.56552888170523	102.95600380146568	0.028537848056891024	156	47.300385010858406	85.85105427833506	138.0178346705455	201.26641362619523	155	57.236585520073675	30.94513831145699	95.52258702631455	188.7568069479527	156	0.0511206448554168	0.0059814453125	0.01220703125	0.0751953125
snapshots/2026-06/ibm_fez/20260606T041349000000Z.json	20260606T041349000000Z	ibm_fez	2026-06-06T04:13:49+00:00	2026-06-06T04:13:49+00:00	156		142.56552888170523	102.95600380146568	0.029292179987980768	156	47.300385010858406	85.85105427833506	138.0178346705455	201.26641362619523	155	57.236585520073675	30.94513831145699	95.52258702631455	188.7568069479527	156	0.0640733268296001	0.0057373046875	0.01171875	0.057861328125
snapshots/2026-06/ibm_fez/20260606T074519000000Z.json	20260606T074519000000Z	ibm_fez	2026-06-06T07:45:19+00:00	2026-06-06T07:45:19+00:00	156		142.56552888170523	102.95600380146568	0.026291284805689104	156	47.300385010858406	85.85105427833506	138.0178346705455	201.26641362619523	155	57.236585520073675	30.94513831145699	95.52258702631455	188.7568069479527	156	0.05062739602998233	0.0057373046875	0.0125732421875	0.05322265625
snapshots/2026-06/ibm_fez/20260606T095318000000Z.json	20260606T095318000000Z	ibm_fez	2026-06-06T09:53:18+00:00	2026-06-06T09:53:18+00:00	156		142.56552888170523	102.95600380146568	0.028629400791266024	156	47.300385010858406	85.85105427833506	138.0178346705455	201.26641362619523	155	57.236585520073675	30.94513831145699	95.52258702631455	188.7568069479527	156	0.05583932641987464	0.00628662109375	0.0120849609375	0.06011962890625
snapshots/2026-06/ibm_fez/20260606T102523000000Z.json	20260606T102523000000Z	ibm_fez	2026-06-06T10:25:23+00:00	2026-06-06T10:25:23+00:00	156		142.56552888170523	102.95600380146568	0.028629400791266024	156	47.300385010858406	85.85105427833506	138.0178346705455	201.26641362619523	155	57.236585520073675	30.94513831145699	95.52258702631455	188.7568069479527	156	0.05583932641987464	0.00628662109375	0.0120849609375	0.06011962890625
snapshots/2026-06/ibm_fez/20260606T130939000000Z.json	20260606T130939000000Z	ibm_fez	2026-06-06T13:09:39+00:00	2026-06-06T13:09:39+00:00	156		142.56552888170523	102.95600380146568	0.026328062399839744	156	47.300385010858406	85.85105427833506	138.0178346705455	201.26641362619523	155	57.236585520073675	30.94513831145699	95.52258702631455	188.7568069479527	156	0.05371737531577943	0.005859375	0.01104736328125	0.06109619140625
snapshots/2026-06/ibm_fez/20260606T153013000000Z.json	20260606T153013000000Z	ibm_fez	2026-06-06T15:30:13+00:00	2026-06-06T15:30:13+00:00	156		142.56552888170523	102.95600380146568	0.026328062399839744	156	47.300385010858406	85.85105427833506	138.0178346705455	201.26641362619523	155	57.236585520073675	30.94513831145699	95.52258702631455	188.7568069479527	156	0.05371737531577943	0.005859375	0.01104736328125	0.06109619140625
snapshots/2026-06/ibm_fez/20260606T172707000000Z.json	20260606T172707000000Z	ibm_fez	2026-06-06T17:27:07+00:00	2026-06-06T17:27:07+00:00	156		142.56552888170523	102.95600380146568	0.027211507161458332	156	47.300385010858406	85.85105427833506	138.0178346705455	201.26641362619523	155	57.236585520073675	30.94513831145699	95.52258702631455	188.7568069479527	156	0.04698716138947253	0.00579833984375	0.0115966796875	0.0657958984375
snapshots/2026-06/ibm_fez/20260606T193713000000Z.json	20260606T193713000000Z	ibm_fez	2026-06-06T19:37:13+00:00	2026-06-06T19:37:13+00:00	156		142.56552888170523	102.95600380146568	0.026259202223557692	156	47.300385010858406	85.85105427833506	138.0178346705455	201.26641362619523	155	57.236585520073675	30.94513831145699	95.52258702631455	188.7568069479527	156	0.0493955149338246	0.005859375	0.0115966796875	0.0589599609375
snapshots/2026-06/ibm_fez/20260606T210851000000Z.json	20260606T210851000000Z	ibm_fez	2026-06-06T21:08:51+00:00	2026-06-06T21:08:51+00:00	156		150.65455965043924	104.2932349562214	0.030317257612179488	156	50.33677372527199	96.88470389050352	152.66407662936763	204.6621626919073	155	57.73139203033873	31.527747266475256	106.28314985729308	183.95908719551326	156	0.0673469779152947	0.005859375	0.011962890625	0.0648193359375
snapshots/2026-06/ibm_fez/20260606T231800000000Z.json	20260606T231800000000Z	ibm_fez	2026-06-06T23:18:00+00:00	2026-06-06T23:18:00+00:00	156		150.65455965043924	104.2932349562214	0.030317257612179488	156	50.33677372527199	96.88470389050352	152.66407662936763	204.6621626919073	155	57.73139203033873	31.527747266475256	106.28314985729308	183.95908719551326	156	0.0673469779152947	0.005859375	0.011962890625	0.0648193359375
snapshots/2026-06/ibm_fez/20260607T045512000000Z.json	20260607T045512000000Z	ibm_fez	2026-06-07T04:55:12+00:00	2026-06-07T04:55:12+00:00	156		150.65455965043924	104.2932349562214	0.02553695287459936	156	50.33677372527199	96.88470389050352	152.66407662936763	204.6621626919073	155	57.73139203033873	31.527747266475256	106.28314985729308	183.95908719551326	156	0.0445869715043608	0.0062255859375	0.011474609375	0.057373046875
snapshots/2026-06/ibm_fez/20260607T081313000000Z.json	20260607T081313000000Z	ibm_fez	2026-06-07T08:13:13+00:00	2026-06-07T08:13:13+00:00	156		150.65455965043924	104.2932349562214	0.028095734425080128	156	50.33677372527199	96.88470389050352	152.66407662936763	204.6621626919073	155	57.73139203033873	31.527747266475256	106.28314985729308	183.95908719551326	156	0.05659920829357295	0.005615234375	0.01171875	0.06341552734375
snapshots/2026-06/ibm_fez/20260607T103547000000Z.json	20260607T103547000000Z	ibm_fez	2026-06-07T10:35:47+00:00	2026-06-07T10:35:47+00:00	156		150.65455965043924	104.2932349562214	0.027110564403044872	156	50.33677372527199	96.88470389050352	152.66407662936763	204.6621626919073	155	57.73139203033873	31.527747266475256	106.28314985729308	183.95908719551326	156	0.04906698242858576	0.00604248046875	0.01226806640625	0.05780029296875
snapshots/2026-06/ibm_fez/20260607T123914000000Z.json	20260607T123914000000Z	ibm_fez	2026-06-07T12:39:14+00:00	2026-06-07T12:39:14+00:00	156		150.65455965043924	104.2932349562214	0.0281982421875	156	50.33677372527199	96.88470389050352	152.66407662936763	204.6621626919073	155	57.73139203033873	31.527747266475256	106.28314985729308	183.95908719551326	156	0.0518861096461799	0.00537109375	0.01171875	0.0634765625
snapshots/2026-06/ibm_fez/20260607T145119000000Z.json	20260607T145119000000Z	ibm_fez	2026-06-07T14:51:19+00:00	2026-06-07T14:51:19+00:00	156		150.65455965043924	104.2932349562214	0.0281982421875	156	50.33677372527199	96.88470389050352	152.66407662936763	204.6621626919073	155	57.73139203033873	31.527747266475256	106.28314985729308	183.95908719551326	156	0.0518861096461799	0.00537109375	0.01171875	0.0634765625
snapshots/2026-06/ibm_fez/20260607T161858000000Z.json	20260607T161858000000Z	ibm_fez	2026-06-07T16:18:58+00:00	2026-06-07T16:18:58+00:00	156		150.65455965043924	104.2932349562214	0.028443947816506412	156	50.33677372527199	96.88470389050352	152.66407662936763	204.6621626919073	155	57.73139203033873	31.527747266475256	106.28314985729308	183.95908719551326	156	0.056733176492733725	0.0059814453125	0.01226806640625	0.0625
snapshots/2026-06/ibm_fez/20260607T173530000000Z.json	20260607T173530000000Z	ibm_fez	2026-06-07T17:35:30+00:00	2026-06-07T17:35:30+00:00	156		150.65455965043924	104.2932349562214	0.028443947816506412	156	50.33677372527199	96.88470389050352	152.66407662936763	204.6621626919073	155	57.73139203033873	31.527747266475256	106.28314985729308	183.95908719551326	156	0.056733176492733725	0.0059814453125	0.01226806640625	0.0625
snapshots/2026-06/ibm_fez/20260607T202946000000Z.json	20260607T202946000000Z	ibm_fez	2026-06-07T20:29:46+00:00	2026-06-07T20:29:46+00:00	156		150.65455965043924	104.2932349562214	0.023352989783653848	156	50.33677372527199	96.88470389050352	152.66407662936763	204.6621626919073	155	57.73139203033873	31.527747266475256	106.28314985729308	183.95908719551326	156	0.040268663311879685	0.005615234375	0.0111083984375	0.050537109375
snapshots/2026-06/ibm_fez/20260607T214519000000Z.json	20260607T214519000000Z	ibm_fez	2026-06-07T21:45:19+00:00	2026-06-07T21:45:19+00:00	156		147.353653513179	102.68381610397543	0.023352989783653848	156	46.87165650124566	96.48679302297948	149.17543005227463	202.4233616098175	155	57.86467507289034	31.96827569297531	101.5833538954519	178.0426281006143	156	0.040268663311879685	0.005615234375	0.0111083984375	0.050537109375
snapshots/2026-06/ibm_fez/20260608T010427000000Z.json	20260608T010427000000Z	ibm_fez	2026-06-08T01:04:27+00:00	2026-06-08T01:04:27+00:00	156		147.353653513179	102.68381610397543	0.025119879306891024	156	46.87165650124566	96.48679302297948	149.17543005227463	202.4233616098175	155	57.86467507289034	31.96827569297531	101.5833538954519	178.0426281006143	156	0.04399956812707767	0.0059814453125	0.0115966796875	0.05267333984375
snapshots/2026-06/ibm_fez/20260608T061259000000Z.json	20260608T061259000000Z	ibm_fez	2026-06-08T06:12:59+00:00	2026-06-08T06:12:59+00:00	156		147.353653513179	102.68381610397543	0.028703738481570512	156	46.87165650124566	96.48679302297948	149.17543005227463	202.4233616098175	155	57.86467507289034	31.96827569297531	101.5833538954519	178.0426281006143	156	0.055907031156412886	0.00604248046875	0.01190185546875	0.0621337890625
snapshots/2026-06/ibm_fez/20260608T100536000000Z.json	20260608T100536000000Z	ibm_fez	2026-06-08T10:05:36+00:00	2026-06-08T10:05:36+00:00	156		147.353653513179	102.68381610397543	0.025663718199118588	156	46.87165650124566	96.48679302297948	149.17543005227463	202.4233616098175	155	57.86467507289034	31.96827569297531	101.5833538954519	178.0426281006143	156	0.04508612804391765	0.005859375	0.01165771484375	0.0535888671875
snapshots/2026-06/ibm_fez/20260608T162240000000Z.json	20260608T162240000000Z	ibm_fez	2026-06-08T16:22:40+00:00	2026-06-08T16:22:40+00:00	156		147.353653513179	102.68381610397543	0.026636368189102564	156	46.87165650124566	96.48679302297948	149.17543005227463	202.4233616098175	155	57.86467507289034	31.96827569297531	101.5833538954519	178.0426281006143	156	0.04315471448933286	0.0059814453125	0.012451171875	0.06304931640625
snapshots/2026-06/ibm_fez/20260608T185628000000Z.json	20260608T185628000000Z	ibm_fez	2026-06-08T18:56:28+00:00	2026-06-08T18:56:28+00:00	156		147.353653513179	102.68381610397543	0.026636368189102564	156	46.87165650124566	96.48679302297948	149.17543005227463	202.4233616098175	155	57.86467507289034	31.96827569297531	101.5833538954519	178.0426281006143	156	0.04315471448933286	0.0059814453125	0.012451171875	0.06304931640625
snapshots/2026-06/ibm_fez/20260608T215814000000Z.json	20260608T215814000000Z	ibm_fez	2026-06-08T21:58:14+00:00	2026-06-08T21:58:14+00:00	156		134.751265163271	99.6508691814733	0.019496819911858976	156	46.802147978009714	79.83666449631272	132.0663640046197	201.7847306282143	155	57.44876565817929	31.911039367570478	97.21771253580445	177.12738929291106	156	0.042615689113160125	0.0042724609375	0.009033203125	0.04443359375
snapshots/2026-06/ibm_fez/20260608T232224000000Z.json	20260608T232224000000Z	ibm_fez	2026-06-08T23:22:24+00:00	2026-06-08T23:22:24+00:00	156		134.751265163271	99.6508691814733	0.019496819911858976	156	46.802147978009714	79.83666449631272	132.0663640046197	201.7847306282143	155	57.44876565817929	31.911039367570478	97.21771253580445	177.12738929291106	156	0.042615689113160125	0.0042724609375	0.009033203125	0.04443359375
snapshots/2026-06/ibm_fez/20260609T040028000000Z.json	20260609T040028000000Z	ibm_fez	2026-06-09T04:00:28+00:00	2026-06-09T04:00:28+00:00	156		134.751265163271	99.6508691814733	0.020098563952323716	156	46.802147978009714	79.83666449631272	132.0663640046197	201.7847306282143	155	57.44876565817929	31.911039367570478	97.21771253580445	177.12738929291106	156	0.04296908740246704	0.00433349609375	0.00927734375	0.04571533203125
snapshots/2026-06/ibm_fez/20260609T073747000000Z.json	20260609T073747000000Z	ibm_fez	2026-06-09T07:37:47+00:00	2026-06-09T07:37:47+00:00	156		134.751265163271	99.6508691814733	0.028929099058493588	156	46.802147978009714	79.83666449631272	132.0663640046197	201.7847306282143	155	57.44876565817929	31.911039367570478	97.21771253580445	177.12738929291106	156	0.056453019863087206	0.00506591796875	0.01177978515625	0.06634521484375
snapshots/2026-06/ibm_fez/20260609T115632000000Z.json	20260609T115632000000Z	ibm_fez	2026-06-09T11:56:32+00:00	2026-06-09T11:56:32+00:00	156		134.751265163271	99.6508691814733	0.021379519731570512	156	46.802147978009714	79.83666449631272	132.0663640046197	201.7847306282143	155	57.44876565817929	31.911039367570478	97.21771253580445	177.12738929291106	156	0.04747892307358852	0.004638671875	0.00897216796875	0.03887939453125
snapshots/2026-06/ibm_fez/20260609T144627000000Z.json	20260609T144627000000Z	ibm_fez	2026-06-09T14:46:27+00:00	2026-06-09T14:46:27+00:00	156		134.751265163271	99.6508691814733	0.019317626953125	156	46.802147978009714	79.83666449631272	132.0663640046197	201.7847306282143	155	57.44876565817929	31.911039367570478	97.21771253580445	177.12738929291106	156	0.03776513025342934	0.004638671875	0.0087890625	0.04644775390625
snapshots/2026-06/ibm_fez/20260609T181050000000Z.json	20260609T181050000000Z	ibm_fez	2026-06-09T18:10:50+00:00	2026-06-09T18:10:50+00:00	156		146.0963140914553	104.41423661324465	0.021772335737179488	156	45.98421597032925	88.85631697281865	143.1594652511409	200.68684865836366	155	56.30275861322528	32.85510893775605	104.44269791920246	177.88209227391607	156	0.05194806849662493	0.00439453125	0.009033203125	0.04541015625
snapshots/2026-06/ibm_fez/20260609T201727000000Z.json	20260609T201727000000Z	ibm_fez	2026-06-09T20:17:27+00:00	2026-06-09T20:17:27+00:00	156		146.0963140914553	104.41423661324465	0.021793463291266024	156	45.98421597032925	88.85631697281865	143.1594652511409	200.68684865836366	155	56.30275861322528	32.85510893775605	104.44269791920246	177.88209227391607	156	0.051944778848710835	0.00433349609375	0.009033203125	0.04541015625
snapshots/2026-06/ibm_fez/20260609T214506000000Z.json	20260609T214506000000Z	ibm_fez	2026-06-09T21:45:06+00:00	2026-06-09T21:45:06+00:00	156		146.0963140914553	104.41423661324465	0.020079783904246796	156	45.98421597032925	88.85631697281865	143.1594652511409	200.68684865836366	155	56.30275861322528	32.85510893775605	104.44269791920246	177.88209227391607	156	0.041736417365494674	0.00469970703125	0.00927734375	0.04058837890625
snapshots/2026-06/ibm_fez/20260609T232247000000Z.json	20260609T232247000000Z	ibm_fez	2026-06-09T23:22:47+00:00	2026-06-09T23:22:47+00:00	156		146.0963140914553	104.41423661324465	0.020079783904246796	156	45.98421597032925	88.85631697281865	143.1594652511409	200.68684865836366	155	56.30275861322528	32.85510893775605	104.44269791920246	177.88209227391607	156	0.041736417365494674	0.00469970703125	0.00927734375	0.04058837890625
snapshots/2026-06/ibm_fez/20260610T041540000000Z.json	20260610T041540000000Z	ibm_fez	2026-06-10T04:15:40+00:00	2026-06-10T04:15:40+00:00	156		146.0963140914553	104.41423661324465	0.020402957231570512	156	45.98421597032925	88.85631697281865	143.1594652511409	200.68684865836366	155	56.30275861322528	32.85510893775605	104.44269791920246	177.88209227391607	156	0.043597253242799554	0.0045166015625	0.0086669921875	0.03338623046875
snapshots/2026-06/ibm_fez/20260610T084352000000Z.json	20260610T084352000000Z	ibm_fez	2026-06-10T08:43:52+00:00	2026-06-10T08:43:52+00:00	156		146.0963140914553	104.41423661324465	0.023548615284455128	156	45.98421597032925	88.85631697281865	143.1594652511409	200.68684865836366	155	56.30275861322528	32.85510893775605	104.44269791920246	177.88209227391607	156	0.05662077893915391	0.00457763671875	0.0086669921875	0.0496826171875
snapshots/2026-06/ibm_fez/20260610T112633000000Z.json	20260610T112633000000Z	ibm_fez	2026-06-10T11:26:33+00:00	2026-06-10T11:26:33+00:00	156		146.0963140914553	104.41423661324465	0.019879463391426284	156	45.98421597032925	88.85631697281865	143.1594652511409	200.68684865836366	155	56.30275861322528	32.85510893775605	104.44269791920246	177.88209227391607	156	0.04270906436243116	0.0042724609375	0.00836181640625	0.041259765625
snapshots/2026-06/ibm_fez/20260610T162736000000Z.json	20260610T162736000000Z	ibm_fez	2026-06-10T16:27:36+00:00	2026-06-10T16:27:36+00:00	156		146.0963140914553	104.41423661324465	0.019122783954326924	156	45.98421597032925	88.85631697281865	143.1594652511409	200.68684865836366	155	56.30275861322528	32.85510893775605	104.44269791920246	177.88209227391607	156	0.038330445949017536	0.00445556640625	0.008544921875	0.04571533203125
snapshots/2026-06/ibm_fez/20260610T191949000000Z.json	20260610T191949000000Z	ibm_fez	2026-06-10T19:19:49+00:00	2026-06-10T19:19:49+00:00	156		151.09913797733475	109.42656737898865	0.024060371594551284	156	45.58563083393661	98.42451299839911	149.30147545557716	207.64167007004187	155	61.01440826398304	31.2818903347833	107.61839965671562	195.23101878102844	156	0.058787377777811636	0.0047607421875	0.00958251953125	0.03790283203125
snapshots/2026-06/ibm_fez/20260610T215905000000Z.json	20260610T215905000000Z	ibm_fez	2026-06-10T21:59:05+00:00	2026-06-10T21:59:05+00:00	156		151.09913797733475	109.42656737898865	0.024060371594551284	156	45.58563083393661	98.42451299839911	149.30147545557716	207.64167007004187	155	61.01440826398304	31.2818903347833	107.61839965671562	195.23101878102844	156	0.058787377777811636	0.0047607421875	0.00958251953125	0.03790283203125
snapshots/2026-06/ibm_fez/20260610T225808000000Z.json	20260610T225808000000Z	ibm_fez	2026-06-10T22:58:08+00:00	2026-06-10T22:58:08+00:00	156		151.09913797733475	109.42656737898865	0.024060371594551284	156	45.58563083393661	98.42451299839911	149.30147545557716	207.64167007004187	155	61.01440826398304	31.2818903347833	107.61839965671562	195.23101878102844	156	0.058787377777811636	0.0047607421875	0.00958251953125	0.03790283203125
snapshots/2026-06/ibm_fez/20260611T041016000000Z.json	20260611T041016000000Z	ibm_fez	2026-06-11T04:10:16+00:00	2026-06-11T04:10:16+00:00	156		151.09913797733475	109.42656737898865	0.020604842748397436	156	45.58563083393661	98.42451299839911	149.30147545557716	207.64167007004187	155	61.01440826398304	31.2818903347833	107.61839965671562	195.23101878102844	156	0.04860010613758767	0.00433349609375	0.0087890625	0.0382080078125
snapshots/2026-06/ibm_fez/20260611T085843000000Z.json	20260611T085843000000Z	ibm_fez	2026-06-11T08:58:43+00:00	2026-06-11T08:58:43+00:00	156		151.09913797733475	109.42656737898865	0.021059476412259616	156	45.58563083393661	98.42451299839911	149.30147545557716	207.64167007004187	155	61.01440826398304	31.2818903347833	107.61839965671562	195.23101878102844	156	0.047247750960974	0.0047607421875	0.0084228515625	0.04071044921875
snapshots/2026-06/ibm_fez/20260611T133520000000Z.json	20260611T133520000000Z	ibm_fez	2026-06-11T13:35:20+00:00	2026-06-11T13:35:20+00:00	156		151.09913797733475	109.42656737898865	0.023051726512419872	156	45.58563083393661	98.42451299839911	149.30147545557716	207.64167007004187	155	61.01440826398304	31.2818903347833	107.61839965671562	195.23101878102844	156	0.04863930599045152	0.00457763671875	0.00823974609375	0.04302978515625
snapshots/2026-06/ibm_fez/20260611T171856000000Z.json	20260611T171856000000Z	ibm_fez	2026-06-11T17:18:56+00:00	2026-06-11T17:18:56+00:00	156		151.09913797733475	109.42656737898865	0.018244816706730768	156	45.58563083393661	98.42451299839911	149.30147545557716	207.64167007004187	155	61.01440826398304	31.2818903347833	107.61839965671562	195.23101878102844	156	0.03912218366598284	0.004150390625	0.00927734375	0.0372314453125
snapshots/2026-06/ibm_fez/20260611T195746000000Z.json	20260611T195746000000Z	ibm_fez	2026-06-11T19:57:46+00:00	2026-06-11T19:57:46+00:00	156		135.4609037396172	96.7941055866573	0.018244816706730768	156	45.03687968541962	82.94286563502214	134.25032418410444	190.36968616161596	155	53.374359409949186	33.78387017853284	93.54003587239131	165.84096673917978	156	0.03912218366598284	0.004150390625	0.00927734375	0.0372314453125
snapshots/2026-06/ibm_fez/20260611T213621000000Z.json	20260611T213621000000Z	ibm_fez	2026-06-11T21:36:21+00:00	2026-06-11T21:36:21+00:00	156		135.4609037396172	96.7941055866573	0.018244816706730768	156	45.03687968541962	82.94286563502214	134.25032418410444	190.36968616161596	155	53.374359409949186	33.78387017853284	93.54003587239131	165.84096673917978	156	0.03912218366598284	0.004150390625	0.00927734375	0.0372314453125
snapshots/2026-06/ibm_fez/20260612T014354000000Z.json	20260612T014354000000Z	ibm_fez	2026-06-12T01:43:54+00:00	2026-06-12T01:43:54+00:00	156		135.4609037396172	96.7941055866573	0.018244816706730768	156	45.03687968541962	82.94286563502214	134.25032418410444	190.36968616161596	155	53.374359409949186	33.78387017853284	93.54003587239131	165.84096673917978	156	0.03912218366598284	0.004150390625	0.00927734375	0.0372314453125
snapshots/2026-06/ibm_fez/20260612T064008000000Z.json	20260612T064008000000Z	ibm_fez	2026-06-12T06:40:08+00:00	2026-06-12T06:40:08+00:00	156		135.4609037396172	96.7941055866573	0.021615052834535256	156	45.03687968541962	82.94286563502214	134.25032418410444	190.36968616161596	155	53.374359409949186	33.78387017853284	93.54003587239131	165.84096673917978	156	0.04572366676629364	0.0045166015625	0.00823974609375	0.04736328125
snapshots/2026-06/ibm_fez/20260612T105458000000Z.json	20260612T105458000000Z	ibm_fez	2026-06-12T10:54:58+00:00	2026-06-12T10:54:58+00:00	156		135.4609037396172	96.7941055866573	0.022782545823317308	156	45.03687968541962	82.94286563502214	134.25032418410444	190.36968616161596	155	53.374359409949186	33.78387017853284	93.54003587239131	165.84096673917978	156	0.05401772166043789	0.0042724609375	0.0089111328125	0.03912353515625
snapshots/2026-06/ibm_fez/20260612T134741000000Z.json	20260612T134741000000Z	ibm_fez	2026-06-12T13:47:41+00:00	2026-06-12T13:47:41+00:00	156		135.4609037396172	96.7941055866573	0.02173790564903846	156	45.03687968541962	82.94286563502214	134.25032418410444	190.36968616161596	155	53.374359409949186	33.78387017853284	93.54003587239131	165.84096673917978	156	0.05168665658787702	0.0045166015625	0.0081787109375	0.04339599609375
snapshots/2026-06/ibm_fez/20260612T164131000000Z.json	20260612T164131000000Z	ibm_fez	2026-06-12T16:41:31+00:00	2026-06-12T16:41:31+00:00	156		135.4609037396172	96.7941055866573	0.025810828575721152	156	45.03687968541962	82.94286563502214	134.25032418410444	190.36968616161596	155	53.374359409949186	33.78387017853284	93.54003587239131	165.84096673917978	156	0.061692641045265964	0.005126953125	0.00897216796875	0.05633544921875
snapshots/2026-06/ibm_fez/20260612T190939000000Z.json	20260612T190939000000Z	ibm_fez	2026-06-12T19:09:39+00:00	2026-06-12T19:09:39+00:00	156		135.4609037396172	96.7941055866573	0.020414694761618588	156	45.03687968541962	82.94286563502214	134.25032418410444	190.36968616161596	155	53.374359409949186	33.78387017853284	93.54003587239131	165.84096673917978	156	0.04310418342185914	0.00439453125	0.00860595703125	0.04730224609375
snapshots/2026-06/ibm_fez/20260612T203147000000Z.json	20260612T203147000000Z	ibm_fez	2026-06-12T20:31:47+00:00	2026-06-12T20:31:47+00:00	156		137.41709282955497	99.05924405025581	0.020414694761618588	156	46.08306252620862	81.89163780512166	133.4662876459663	197.7917316340841	155	53.14769075326892	32.37199603265905	98.36767543897584	172.49515907935924	156	0.04310418342185914	0.00439453125	0.00860595703125	0.04730224609375
snapshots/2026-06/ibm_fez/20260612T221838000000Z.json	20260612T221838000000Z	ibm_fez	2026-06-12T22:18:38+00:00	2026-06-12T22:18:38+00:00	156		137.41709282955497	99.05924405025581	0.020414694761618588	156	46.08306252620862	81.89163780512166	133.4662876459663	197.7917316340841	155	53.14769075326892	32.37199603265905	98.36767543897584	172.49515907935924	156	0.04310418342185914	0.00439453125	0.00860595703125	0.04730224609375
snapshots/2026-06/ibm_fez/20260613T010630000000Z.json	20260613T010630000000Z	ibm_fez	2026-06-13T01:06:30+00:00	2026-06-13T01:06:30+00:00	156		142.32258511210492	104.24849433123613	0.021171374198717948	156	48.69401428188827	91.66601506214197	137.79924524088005	207.97756038343425	155	56.41692540108272	33.381998492853675	100.75891238669203	184.42523217365834	156	0.055513862902206335	0.00469970703125	0.0086669921875	0.0345458984375
snapshots/2026-06/ibm_fez/20260613T052758000000Z.json	20260613T052758000000Z	ibm_fez	2026-06-13T05:27:58+00:00	2026-06-13T05:27:58+00:00	156		142.32258511210492	104.24849433123613	0.022840450971554488	156	48.69401428188827	91.66601506214197	137.79924524088005	207.97756038343425	155	56.41692540108272	33.381998492853675	100.75891238669203	184.42523217365834	156	0.057868989741675855	0.0048828125	0.009033203125	0.04144287109375
snapshots/2026-06/ibm_fez/20260613T082730000000Z.json	20260613T082730000000Z	ibm_fez	2026-06-13T08:27:30+00:00	2026-06-13T08:27:30+00:00	156		142.32258511210492	104.24849433123613	0.023689465645032052	156	48.69401428188827	91.66601506214197	137.79924524088005	207.97756038343425	155	56.41692540108272	33.381998492853675	100.75891238669203	184.42523217365834	156	0.05531330169847444	0.0047607421875	0.0087890625	0.04644775390625
snapshots/2026-06/ibm_fez/20260613T113232000000Z.json	20260613T113232000000Z	ibm_fez	2026-06-13T11:32:32+00:00	2026-06-13T11:32:32+00:00	156		142.32258511210492	104.24849433123613	0.022273137019230768	156	48.69401428188827	91.66601506214197	137.79924524088005	207.97756038343425	155	56.41692540108272	33.381998492853675	100.75891238669203	184.42523217365834	156	0.04964036346163259	0.00469970703125	0.00823974609375	0.04656982421875
snapshots/2026-06/ibm_fez/20260613T141632000000Z.json	20260613T141632000000Z	ibm_fez	2026-06-13T14:16:32+00:00	2026-06-13T14:16:32+00:00	156		142.32258511210492	104.24849433123613	0.02323326697716346	156	48.69401428188827	91.66601506214197	137.79924524088005	207.97756038343425	155	56.41692540108272	33.381998492853675	100.75891238669203	184.42523217365834	156	0.059509110606513885	0.0042724609375	0.00897216796875	0.039306640625
snapshots/2026-06/ibm_fez/20260613T161329000000Z.json	20260613T161329000000Z	ibm_fez	2026-06-13T16:13:29+00:00	2026-06-13T16:13:29+00:00	156		142.32258511210492	104.24849433123613	0.021774683243189104	156	48.69401428188827	91.66601506214197	137.79924524088005	207.97756038343425	155	56.41692540108272	33.381998492853675	100.75891238669203	184.42523217365834	156	0.055366456007148936	0.00445556640625	0.00897216796875	0.04095458984375
snapshots/2026-06/ibm_fez/20260613T183333000000Z.json	20260613T183333000000Z	ibm_fez	2026-06-13T18:33:33+00:00	2026-06-13T18:33:33+00:00	156		142.32258511210492	104.24849433123613	0.023273174579326924	156	48.69401428188827	91.66601506214197	137.79924524088005	207.97756038343425	155	56.41692540108272	33.381998492853675	100.75891238669203	184.42523217365834	156	0.05486563338933171	0.0042724609375	0.008544921875	0.0404052734375
snapshots/2026-06/ibm_fez/20260613T195716000000Z.json	20260613T195716000000Z	ibm_fez	2026-06-13T19:57:16+00:00	2026-06-13T19:57:16+00:00	156		142.32258511210492	104.24849433123613	0.018579727564102564	156	48.69401428188827	91.66601506214197	137.79924524088005	207.97756038343425	155	56.41692540108272	33.381998492853675	100.75891238669203	184.42523217365834	156	0.03349736321456997	0.0045166015625	0.0081787109375	0.03765869140625
snapshots/2026-06/ibm_fez/20260613T212633000000Z.json	20260613T212633000000Z	ibm_fez	2026-06-13T21:26:33+00:00	2026-06-13T21:26:33+00:00	156		142.32258511210492	104.24849433123613	0.018579727564102564	156	48.69401428188827	91.66601506214197	137.79924524088005	207.97756038343425	155	56.41692540108272	33.381998492853675	100.75891238669203	184.42523217365834	156	0.03349736321456997	0.0045166015625	0.0081787109375	0.03765869140625
snapshots/2026-06/ibm_fez/20260614T012646000000Z.json	20260614T012646000000Z	ibm_fez	2026-06-14T01:26:46+00:00	2026-06-14T01:26:46+00:00	156		143.92023404089954	102.99201594799173	0.020686222956730768	156	47.647499139829684	98.02729412863341	141.20217465377112	198.99553805434374	155	57.45243945840522	33.56263400589713	104.14185538973969	178.49383330003946	156	0.04376835544494645	0.0045166015625	0.00836181640625	0.0401611328125
snapshots/2026-06/ibm_fez/20260614T064644000000Z.json	20260614T064644000000Z	ibm_fez	2026-06-14T06:46:44+00:00	2026-06-14T06:46:44+00:00	156		143.92023404089954	102.99201594799173	0.02257987780448718	156	47.647499139829684	98.02729412863341	141.20217465377112	198.99553805434374	155	57.45243945840522	33.56263400589713	104.14185538973969	178.49383330003946	156	0.05070597358003856	0.0042724609375	0.00860595703125	0.0455322265625
snapshots/2026-06/ibm_fez/20260614T094818000000Z.json	20260614T094818000000Z	ibm_fez	2026-06-14T09:48:18+00:00	2026-06-14T09:48:18+00:00	156		143.92023404089954	102.99201594799173	0.021697998046875	156	47.647499139829684	98.02729412863341	141.20217465377112	198.99553805434374	155	57.45243945840522	33.56263400589713	104.14185538973969	178.49383330003946	156	0.044601448192702904	0.0045166015625	0.00897216796875	0.04132080078125
snapshots/2026-06/ibm_fez/20260614T123619000000Z.json	20260614T123619000000Z	ibm_fez	2026-06-14T12:36:19+00:00	2026-06-14T12:36:19+00:00	156		143.92023404089954	102.99201594799173	0.021755120693108976	156	47.647499139829684	98.02729412863341	141.20217465377112	198.99553805434374	155	57.45243945840522	33.56263400589713	104.14185538973969	178.49383330003946	156	0.05294997701034316	0.00421142578125	0.0087890625	0.03759765625
snapshots/2026-06/ibm_fez/20260614T143411000000Z.json	20260614T143411000000Z	ibm_fez	2026-06-14T14:34:11+00:00	2026-06-14T14:34:11+00:00	156		143.92023404089954	102.99201594799173	0.021755120693108976	156	47.647499139829684	98.02729412863341	141.20217465377112	198.99553805434374	155	57.45243945840522	33.56263400589713	104.14185538973969	178.49383330003946	156	0.05294997701034316	0.00421142578125	0.0087890625	0.03759765625
snapshots/2026-06/ibm_fez/20260614T160123000000Z.json	20260614T160123000000Z	ibm_fez	2026-06-14T16:01:23+00:00	2026-06-14T16:01:23+00:00	156		143.92023404089954	102.99201594799173	0.020161946614583332	156	47.647499139829684	98.02729412863341	141.20217465377112	198.99553805434374	155	57.45243945840522	33.56263400589713	104.14185538973969	178.49383330003946	156	0.04113820787920323	0.004638671875	0.008544921875	0.03997802734375
snapshots/2026-06/ibm_fez/20260614T182405000000Z.json	20260614T182405000000Z	ibm_fez	2026-06-14T18:24:05+00:00	2026-06-14T18:24:05+00:00	156		143.92023404089954	102.99201594799173	0.020900628505608976	156	47.647499139829684	98.02729412863341	141.20217465377112	198.99553805434374	155	57.45243945840522	33.56263400589713	104.14185538973969	178.49383330003946	156	0.047966034844087985	0.00390625	0.0089111328125	0.0396728515625
snapshots/2026-06/ibm_fez/20260614T195641000000Z.json	20260614T195641000000Z	ibm_fez	2026-06-14T19:56:41+00:00	2026-06-14T19:56:41+00:00	156		143.92023404089954	102.99201594799173	0.021032088842147436	156	47.647499139829684	98.02729412863341	141.20217465377112	198.99553805434374	155	57.45243945840522	33.56263400589713	104.14185538973969	178.49383330003946	156	0.04843496662931666	0.0048828125	0.00848388671875	0.0382080078125
snapshots/2026-06/ibm_fez/20260614T220143000000Z.json	20260614T220143000000Z	ibm_fez	2026-06-14T22:01:43+00:00	2026-06-14T22:01:43+00:00	156		143.92023404089954	102.99201594799173	0.021032088842147436	156	47.647499139829684	98.02729412863341	141.20217465377112	198.99553805434374	155	57.45243945840522	33.56263400589713	104.14185538973969	178.49383330003946	156	0.04843496662931666	0.0048828125	0.00848388671875	0.0382080078125
snapshots/2026-06/ibm_fez/20260615T011844000000Z.json	20260615T011844000000Z	ibm_fez	2026-06-15T01:18:44+00:00	2026-06-15T01:18:44+00:00	156		137.29730321990306	99.58103462885708	0.018298026842948716	156	47.08095464983247	75.54410604735935	138.11741815975535	188.20984207788064	155	55.36661385783621	32.110065397857134	93.7694387162599	183.18079326497653	156	0.03192054285257062	0.0042724609375	0.0086669921875	0.04071044921875
snapshots/2026-06/ibm_fez/20260615T074631000000Z.json	20260615T074631000000Z	ibm_fez	2026-06-15T07:46:31+00:00	2026-06-15T07:46:31+00:00	156		137.29730321990306	99.58103462885708	0.019294151893028848	156	47.08095464983247	75.54410604735935	138.11741815975535	188.20984207788064	155	55.36661385783621	32.110065397857134	93.7694387162599	183.18079326497653	156	0.04454808295445354	0.0047607421875	0.0079345703125	0.03515625
snapshots/2026-06/ibm_fez/20260615T144758000000Z.json	20260615T144758000000Z	ibm_fez	2026-06-15T14:47:58+00:00	2026-06-15T14:47:58+00:00	156		137.29730321990306	99.58103462885708	0.018406794621394232	156	47.08095464983247	75.54410604735935	138.11741815975535	188.20984207788064	155	55.36661385783621	32.110065397857134	93.7694387162599	183.18079326497653	156	0.03241774902188439	0.00439453125	0.00872802734375	0.040283203125
snapshots/2026-06/ibm_fez/20260615T185041000000Z.json	20260615T185041000000Z	ibm_fez	2026-06-15T18:50:41+00:00	2026-06-15T18:50:41+00:00	156		137.29730321990306	99.58103462885708	0.020648662860576924	156	47.08095464983247	75.54410604735935	138.11741815975535	188.20984207788064	155	55.36661385783621	32.110065397857134	93.7694387162599	183.18079326497653	156	0.04806861926418281	0.0040283203125	0.009033203125	0.0340576171875
snapshots/2026-06/ibm_fez/20260615T214355000000Z.json	20260615T214355000000Z	ibm_fez	2026-06-15T21:43:55+00:00	2026-06-15T21:43:55+00:00	156		137.29730321990306	99.58103462885708	0.020751953125	156	47.08095464983247	75.54410604735935	138.11741815975535	188.20984207788064	155	55.36661385783621	32.110065397857134	93.7694387162599	183.18079326497653	156	0.0501889274197105	0.00421142578125	0.00836181640625	0.0355224609375
snapshots/2026-06/ibm_fez/20260615T233735000000Z.json	20260615T233735000000Z	ibm_fez	2026-06-15T23:37:35+00:00	2026-06-15T23:37:35+00:00	156		137.29730321990306	99.58103462885708	0.020751953125	156	47.08095464983247	75.54410604735935	138.11741815975535	188.20984207788064	155	55.36661385783621	32.110065397857134	93.7694387162599	183.18079326497653	156	0.0501889274197105	0.00421142578125	0.00836181640625	0.0355224609375
snapshots/2026-06/ibm_fez/20260616T035718000000Z.json	20260616T035718000000Z	ibm_fez	2026-06-16T03:57:18+00:00	2026-06-16T03:57:18+00:00	156		134.79187928997513	97.46811101783244	0.020751953125	156	41.61139995515983	82.29482645664586	136.0410693343529	184.59478665446954	155	53.49316885744881	29.726064974449287	96.65520208784602	168.2845175979902	156	0.0501889274197105	0.00421142578125	0.00836181640625	0.0355224609375
snapshots/2026-06/ibm_fez/20260616T113620000000Z.json	20260616T113620000000Z	ibm_fez	2026-06-16T11:36:20+00:00	2026-06-16T11:36:20+00:00	156		134.79187928997513	97.46811101783244	0.020920973557692308	156	41.61139995515983	82.29482645664586	136.0410693343529	184.59478665446954	155	53.49316885744881	29.726064974449287	96.65520208784602	168.2845175979902	156	0.050115457524715516	0.00457763671875	0.00909423828125	0.03472900390625
snapshots/2026-06/ibm_fez/20260616T172047000000Z.json	20260616T172047000000Z	ibm_fez	2026-06-16T17:20:47+00:00	2026-06-16T17:20:47+00:00	156		146.22514339040416	105.42349107941176	0.019971016125801284	156	47.76771824092702	88.70036090852157	146.77176987793376	197.02082948358492	155	58.65983583510098	32.876200094102934	104.93539217972776	183.46864699170789	156	0.046208900707570284	0.004638671875	0.0084228515625	0.0313720703125
snapshots/2026-06/ibm_fez/20260616T213729000000Z.json	20260616T213729000000Z	ibm_fez	2026-06-16T21:37:29+00:00	2026-06-16T21:37:29+00:00	156		146.22514339040416	105.42349107941176	0.019971016125801284	156	47.76771824092702	88.70036090852157	146.77176987793376	197.02082948358492	155	58.65983583510098	32.876200094102934	104.93539217972776	183.46864699170789	156	0.046208900707570284	0.004638671875	0.0084228515625	0.0313720703125
snapshots/2026-06/ibm_fez/20260616T230742000000Z.json	20260616T230742000000Z	ibm_fez	2026-06-16T23:07:42+00:00	2026-06-16T23:07:42+00:00	156		146.22514339040416	105.42349107941176	0.019971016125801284	156	47.76771824092702	88.70036090852157	146.77176987793376	197.02082948358492	155	58.65983583510098	32.876200094102934	104.93539217972776	183.46864699170789	156	0.046208900707570284	0.004638671875	0.0084228515625	0.0313720703125
snapshots/2026-06/ibm_fez/20260617T042707000000Z.json	20260617T042707000000Z	ibm_fez	2026-06-17T04:27:07+00:00	2026-06-17T04:27:07+00:00	156		146.22514339040416	105.42349107941176	0.02135291466346154	156	47.76771824092702	88.70036090852157	146.77176987793376	197.02082948358492	155	58.65983583510098	32.876200094102934	104.93539217972776	183.46864699170789	156	0.0500197658740871	0.0042724609375	0.0087890625	0.03790283203125
snapshots/2026-06/ibm_fez/20260617T093739000000Z.json	20260617T093739000000Z	ibm_fez	2026-06-17T09:37:39+00:00	2026-06-17T09:37:39+00:00	156		146.22514339040416	105.42349107941176	0.01903357872596154	156	47.76771824092702	88.70036090852157	146.77176987793376	197.02082948358492	155	58.65983583510098	32.876200094102934	104.93539217972776	183.46864699170789	156	0.03575108920355759	0.0048828125	0.0086669921875	0.034912109375
snapshots/2026-06/ibm_fez/20260617T125404000000Z.json	20260617T125404000000Z	ibm_fez	2026-06-17T12:54:04+00:00	2026-06-17T12:54:04+00:00	156		146.22514339040416	105.42349107941176	0.020294971955128204	156	47.76771824092702	88.70036090852157	146.77176987793376	197.02082948358492	155	58.65983583510098	32.876200094102934	104.93539217972776	183.46864699170789	156	0.04736601703948159	0.00439453125	0.008544921875	0.04052734375
snapshots/2026-06/ibm_fez/20260617T165111000000Z.json	20260617T165111000000Z	ibm_fez	2026-06-17T16:51:11+00:00	2026-06-17T16:51:11+00:00	156		146.22514339040416	105.42349107941176	0.020352877103365384	156	47.76771824092702	88.70036090852157	146.77176987793376	197.02082948358492	155	58.65983583510098	32.876200094102934	104.93539217972776	183.46864699170789	156	0.04704521274084017	0.00439453125	0.009033203125	0.0377197265625
snapshots/2026-06/ibm_fez/20260617T184353000000Z.json	20260617T184353000000Z	ibm_fez	2026-06-17T18:43:53+00:00	2026-06-17T18:43:53+00:00	156		132.68037516873306	98.34083372086879	0.019681490384615384	156	45.57271993407518	74.85091011585988	131.3251968819411	188.61886778160397	155	51.54091383586146	29.54880040281202	100.87905976959662	164.64479458530204	156	0.041585268122066206	0.0047607421875	0.00909423828125	0.0316162109375
snapshots/2026-06/ibm_fez/20260617T212819000000Z.json	20260617T212819000000Z	ibm_fez	2026-06-17T21:28:19+00:00	2026-06-17T21:28:19+00:00	156		132.68037516873306	98.34083372086879	0.019681490384615384	156	45.57271993407518	74.85091011585988	131.3251968819411	188.61886778160397	155	51.54091383586146	29.54880040281202	100.87905976959662	164.64479458530204	156	0.041585268122066206	0.0047607421875	0.00909423828125	0.0316162109375
snapshots/2026-06/ibm_fez/20260617T234821000000Z.json	20260617T234821000000Z	ibm_fez	2026-06-17T23:48:21+00:00	2026-06-17T23:48:21+00:00	156		132.68037516873306	98.34083372086879	0.018187694060496796	156	45.57271993407518	74.85091011585988	131.3251968819411	188.61886778160397	155	51.54091383586146	29.54880040281202	100.87905976959662	164.64479458530204	156	0.03446625847361983	0.0047607421875	0.00830078125	0.0311279296875
snapshots/2026-06/ibm_fez/20260618T043404000000Z.json	20260618T043404000000Z	ibm_fez	2026-06-18T04:34:04+00:00	2026-06-18T04:34:04+00:00	156		132.68037516873306	98.34083372086879	0.017621945112179488	156	45.57271993407518	74.85091011585988	131.3251968819411	188.61886778160397	155	51.54091383586146	29.54880040281202	100.87905976959662	164.64479458530204	156	0.03580375155357428	0.00421142578125	0.00848388671875	0.0345458984375
snapshots/2026-06/ibm_fez/20260618T093639000000Z.json	20260618T093639000000Z	ibm_fez	2026-06-18T09:36:39+00:00	2026-06-18T09:36:39+00:00	156		132.68037516873306	98.34083372086879	0.0191650390625	156	45.57271993407518	74.85091011585988	131.3251968819411	188.61886778160397	155	51.54091383586146	29.54880040281202	100.87905976959662	164.64479458530204	156	0.03551028700284399	0.00457763671875	0.00848388671875	0.0498046875
snapshots/2026-06/ibm_fez/20260618T132322000000Z.json	20260618T132322000000Z	ibm_fez	2026-06-18T13:23:22+00:00	2026-06-18T13:23:22+00:00	156		132.68037516873306	98.34083372086879	0.021866235977564104	156	45.57271993407518	74.85091011585988	131.3251968819411	188.61886778160397	155	51.54091383586146	29.54880040281202	100.87905976959662	164.64479458530204	156	0.040496946943347406	0.0045166015625	0.0089111328125	0.0419921875
snapshots/2026-06/ibm_fez/20260618T171605000000Z.json	20260618T171605000000Z	ibm_fez	2026-06-18T17:16:05+00:00	2026-06-18T17:16:05+00:00	156		132.68037516873306	98.34083372086879	0.019240159254807692	156	45.57271993407518	74.85091011585988	131.3251968819411	188.61886778160397	155	51.54091383586146	29.54880040281202	100.87905976959662	164.64479458530204	156	0.04587517470006592	0.00439453125	0.0087890625	0.0321044921875
snapshots/2026-06/ibm_fez/20260618T180526000000Z.json	20260618T180526000000Z	ibm_fez	2026-06-18T18:05:26+00:00	2026-06-18T18:05:26+00:00	156		133.01514477710919	98.81583567315556	0.019240159254807692	156	44.8324742854064	82.91484560444991	128.7698819036663	192.62960491543726	155	56.21769134794759	28.050460133170976	98.85949773051018	172.8240777211104	156	0.04587517470006592	0.00439453125	0.0087890625	0.0321044921875
snapshots/2026-06/ibm_fez/20260618T183429000000Z.json	20260618T183429000000Z	ibm_fez	2026-06-18T18:34:29+00:00	2026-06-18T18:34:29+00:00	156		133.01514477710919	98.81583567315556	0.019240159254807692	156	44.8324742854064	82.91484560444991	128.7698819036663	192.62960491543726	155	56.21769134794759	28.050460133170976	98.85949773051018	172.8240777211104	156	0.04587517470006592	0.00439453125	0.0087890625	0.0321044921875
snapshots/2026-06/ibm_fez/20260619T114946000000Z.json	20260619T114946000000Z	ibm_fez	2026-06-19T11:49:46+00:00	2026-06-19T11:49:46+00:00	156		133.01514477710919	98.81583567315556	0.019240159254807692	156	44.8324742854064	82.91484560444991	128.7698819036663	192.62960491543726	155	56.21769134794759	28.050460133170976	98.85949773051018	172.8240777211104	156	0.04587517470006592	0.00439453125	0.0087890625	0.0321044921875
snapshots/2026-06/ibm_fez/20260619T151744000000Z.json	20260619T151744000000Z	ibm_fez	2026-06-19T15:17:44+00:00	2026-06-19T15:17:44+00:00	156		133.01514477710919	98.81583567315556	0.019909198467548076	156	44.8324742854064	82.91484560444991	128.7698819036663	192.62960491543726	155	56.21769134794759	28.050460133170976	98.85949773051018	172.8240777211104	156	0.04552260028303674	0.00439453125	0.009033203125	0.032958984375
snapshots/2026-06/ibm_fez/20260619T194944000000Z.json	20260619T194944000000Z	ibm_fez	2026-06-19T19:49:44+00:00	2026-06-19T19:49:44+00:00	156		133.01514477710919	98.81583567315556	0.019047663762019232	156	44.8324742854064	82.91484560444991	128.7698819036663	192.62960491543726	155	56.21769134794759	28.050460133170976	98.85949773051018	172.8240777211104	156	0.03252669493650853	0.004638671875	0.00927734375	0.0377197265625
snapshots/2026-06/ibm_fez/20260619T202851000000Z.json	20260619T202851000000Z	ibm_fez	2026-06-19T20:28:51+00:00	2026-06-19T20:28:51+00:00	156		139.95792587398188	102.75692689932153	0.019047663762019232	156	48.42610454433618	76.76256579738039	140.1815260427619	197.0019903407687	155	58.92904518934163	26.79393211212266	102.9729493804926	175.18721550832865	156	0.03252669493650853	0.004638671875	0.00927734375	0.0377197265625
snapshots/2026-06/ibm_fez/20260619T230944000000Z.json	20260619T230944000000Z	ibm_fez	2026-06-19T23:09:44+00:00	2026-06-19T23:09:44+00:00	156		139.95792587398188	102.75692689932153	0.019047663762019232	156	48.42610454433618	76.76256579738039	140.1815260427619	197.0019903407687	155	58.92904518934163	26.79393211212266	102.9729493804926	175.18721550832865	156	0.03252669493650853	0.004638671875	0.00927734375	0.0377197265625
snapshots/2026-06/ibm_fez/20260620T042557000000Z.json	20260620T042557000000Z	ibm_fez	2026-06-20T04:25:57+00:00	2026-06-20T04:25:57+00:00	156		139.95792587398188	102.75692689932153	0.021985958784054488	156	48.42610454433618	76.76256579738039	140.1815260427619	197.0019903407687	155	58.92904518934163	26.79393211212266	102.9729493804926	175.18721550832865	156	0.052106395694228945	0.0045166015625	0.008544921875	0.040771484375
snapshots/2026-06/ibm_fez/20260620T074750000000Z.json	20260620T074750000000Z	ibm_fez	2026-06-20T07:47:50+00:00	2026-06-20T07:47:50+00:00	156		139.95792587398188	102.75692689932153	0.020604060246394232	156	48.42610454433618	76.76256579738039	140.1815260427619	197.0019903407687	155	58.92904518934163	26.79393211212266	102.9729493804926	175.18721550832865	156	0.04428627234431472	0.0040283203125	0.009033203125	0.03985595703125
snapshots/2026-06/ibm_fez/20260620T104125000000Z.json	20260620T104125000000Z	ibm_fez	2026-06-20T10:41:25+00:00	2026-06-20T10:41:25+00:00	156		139.95792587398188	102.75692689932153	0.020604060246394232	156	48.42610454433618	76.76256579738039	140.1815260427619	197.0019903407687	155	58.92904518934163	26.79393211212266	102.9729493804926	175.18721550832865	156	0.04428627234431472	0.0040283203125	0.009033203125	0.03985595703125
snapshots/2026-06/ibm_fez/20260621T180901000000Z.json	20260621T180901000000Z	ibm_fez	2026-06-21T18:09:01+00:00	2026-06-21T18:09:01+00:00	156		141.74483747443722	102.08691477568436	0.019186949118589744	156	44.672345010677915	87.1926731712048	139.14678831638696	202.00218580577618	155	56.16237651851709	29.63019241743165	102.18834198349236	178.17855379940917	156	0.03309880900223741	0.0048828125	0.008544921875	0.04107666015625
snapshots/2026-06/ibm_fez/20260621T184515000000Z.json	20260621T184515000000Z	ibm_fez	2026-06-21T18:45:15+00:00	2026-06-21T18:45:15+00:00	156		141.74483747443722	102.08691477568436	0.019186949118589744	156	44.672345010677915	87.1926731712048	139.14678831638696	202.00218580577618	155	56.16237651851709	29.63019241743165	102.18834198349236	178.17855379940917	156	0.03309880900223741	0.0048828125	0.008544921875	0.04107666015625
snapshots/2026-06/ibm_fez/20260621T201921000000Z.json	20260621T201921000000Z	ibm_fez	2026-06-21T20:19:21+00:00	2026-06-21T20:19:21+00:00	156		141.74483747443722	102.08691477568436	0.01654052734375	156	44.672345010677915	87.1926731712048	139.14678831638696	202.00218580577618	155	56.16237651851709	29.63019241743165	102.18834198349236	178.17855379940917	156	0.02998243146914874	0.00390625	0.008056640625	0.0394287109375
snapshots/2026-06/ibm_fez/20260621T221236000000Z.json	20260621T221236000000Z	ibm_fez	2026-06-21T22:12:36+00:00	2026-06-21T22:12:36+00:00	156		144.25960376215173	103.77499962991048	0.01654052734375	156	50.0288820381342	83.25133682892775	147.3556637954784	194.3399555591986	155	57.769142403697224	32.26964004811164	103.4980521992397	181.01924986325514	156	0.02998243146914874	0.00390625	0.008056640625	0.0394287109375
snapshots/2026-06/ibm_fez/20260622T014623000000Z.json	20260622T014623000000Z	ibm_fez	2026-06-22T01:46:23+00:00	2026-06-22T01:46:23+00:00	156		144.25960376215173	103.77499962991048	0.019048446264022436	156	50.0288820381342	83.25133682892775	147.3556637954784	194.3399555591986	155	57.769142403697224	32.26964004811164	103.4980521992397	181.01924986325514	156	0.040293622126533875	0.00457763671875	0.0078125	0.03619384765625
snapshots/2026-06/ibm_fez/20260622T072810000000Z.json	20260622T072810000000Z	ibm_fez	2026-06-22T07:28:10+00:00	2026-06-22T07:28:10+00:00	156		144.25960376215173	103.77499962991048	0.018298809344951924	156	50.0288820381342	83.25133682892775	147.3556637954784	194.3399555591986	155	57.769142403697224	32.26964004811164	103.4980521992397	181.01924986325514	156	0.035014887015933915	0.0045166015625	0.00885009765625	0.03521728515625
snapshots/2026-06/ibm_fez/20260622T141750000000Z.json	20260622T141750000000Z	ibm_fez	2026-06-22T14:17:50+00:00	2026-06-22T14:17:50+00:00	156		144.25960376215173	103.77499962991048	0.017715062850560896	156	50.0288820381342	83.25133682892775	147.3556637954784	194.3399555591986	155	57.769142403697224	32.26964004811164	103.4980521992397	181.01924986325514	156	0.03417159261296258	0.00469970703125	0.0081787109375	0.03472900390625
snapshots/2026-06/ibm_fez/20260622T182813000000Z.json	20260622T182813000000Z	ibm_fez	2026-06-22T18:28:13+00:00	2026-06-22T18:28:13+00:00	156		144.25960376215173	103.77499962991048	0.017715062850560896	156	50.0288820381342	83.25133682892775	147.3556637954784	194.3399555591986	155	57.769142403697224	32.26964004811164	103.4980521992397	181.01924986325514	156	0.03417159261296258	0.00469970703125	0.0081787109375	0.03472900390625
snapshots/2026-06/ibm_fez/20260622T203404000000Z.json	20260622T203404000000Z	ibm_fez	2026-06-22T20:34:04+00:00	2026-06-22T20:34:04+00:00	156		144.25960376215173	103.77499962991048	0.0191650390625	156	50.0288820381342	83.25133682892775	147.3556637954784	194.3399555591986	155	57.769142403697224	32.26964004811164	103.4980521992397	181.01924986325514	156	0.037043571743111445	0.004150390625	0.0089111328125	0.037353515625
snapshots/2026-06/ibm_fez/20260622T231349000000Z.json	20260622T231349000000Z	ibm_fez	2026-06-22T23:13:49+00:00	2026-06-22T23:13:49+00:00	156		135.74453559316942	97.59319940216434	0.022266877003205128	156	45.766544029749745	80.67825840144266	132.97405215707767	191.4138841990184	155	56.053132961274116	23.756679288346273	98.70246687202564	167.28094717095072	156	0.04961525893892691	0.0045166015625	0.00958251953125	0.0394287109375
snapshots/2026-06/ibm_fez/20260623T042305000000Z.json	20260623T042305000000Z	ibm_fez	2026-06-23T04:23:05+00:00	2026-06-23T04:23:05+00:00	156		135.74453559316942	97.59319940216434	0.018428704677483976	156	45.766544029749745	80.67825840144266	132.97405215707767	191.4138841990184	155	56.053132961274116	23.756679288346273	98.70246687202564	167.28094717095072	156	0.035647666263636954	0.004150390625	0.00799560546875	0.03448486328125
snapshots/2026-06/ibm_fez/20260623T082756000000Z.json	20260623T082756000000Z	ibm_fez	2026-06-23T08:27:56+00:00	2026-06-23T08:27:56+00:00	156		135.74453559316942	97.59319940216434	0.019003843649839744	156	45.766544029749745	80.67825840144266	132.97405215707767	191.4138841990184	155	56.053132961274116	23.756679288346273	98.70246687202564	167.28094717095072	156	0.03698359154452599	0.0048828125	0.0081787109375	0.03277587890625
snapshots/2026-06/ibm_fez/20260623T094804000000Z.json	20260623T094804000000Z	ibm_fez	2026-06-23T09:48:04+00:00	2026-06-23T09:48:04+00:00	156		135.74453559316942	97.59319940216434	0.019003843649839744	156	45.766544029749745	80.67825840144266	132.97405215707767	191.4138841990184	155	56.053132961274116	23.756679288346273	98.70246687202564	167.28094717095072	156	0.03698359154452599	0.0048828125	0.0081787109375	0.03277587890625
snapshots/2026-06/ibm_fez/20260623T115157000000Z.json	20260623T115157000000Z	ibm_fez	2026-06-23T11:51:57+00:00	2026-06-23T11:51:57+00:00	156		135.74453559316942	97.59319940216434	0.017762795472756412	156	45.766544029749745	80.67825840144266	132.97405215707767	191.4138841990184	155	56.053132961274116	23.756679288346273	98.70246687202564	167.28094717095072	156	0.03434960242907602	0.004638671875	0.00872802734375	0.03326416015625
snapshots/2026-06/ibm_fez/20260623T150033000000Z.json	20260623T150033000000Z	ibm_fez	2026-06-23T15:00:33+00:00	2026-06-23T15:00:33+00:00	156		135.74453559316942	97.59319940216434	0.016815968048878204	156	45.766544029749745	80.67825840144266	132.97405215707767	191.4138841990184	155	56.053132961274116	23.756679288346273	98.70246687202564	167.28094717095072	156	0.030743647822789304	0.00457763671875	0.0087890625	0.02978515625
snapshots/2026-06/ibm_fez/20260623T170442000000Z.json	20260623T170442000000Z	ibm_fez	2026-06-23T17:04:42+00:00	2026-06-23T17:04:42+00:00	156		135.74453559316942	97.59319940216434	0.016815968048878204	156	45.766544029749745	80.67825840144266	132.97405215707767	191.4138841990184	155	56.053132961274116	23.756679288346273	98.70246687202564	167.28094717095072	156	0.030743647822789304	0.00457763671875	0.0087890625	0.02978515625
snapshots/2026-06/ibm_fez/20260623T185234000000Z.json	20260623T185234000000Z	ibm_fez	2026-06-23T18:52:34+00:00	2026-06-23T18:52:34+00:00	156		141.73143471544296	99.35685484080288	0.023432804987980768	156	48.75915024744562	84.27273903682499	142.72720617517447	201.8246727829207	155	55.48185005825177	26.103782897273003	99.58106375557865	171.4323416748823	156	0.05506142941126436	0.00439453125	0.0091552734375	0.0394287109375
snapshots/2026-06/ibm_fez/20260623T201723000000Z.json	20260623T201723000000Z	ibm_fez	2026-06-23T20:17:23+00:00	2026-06-23T20:17:23+00:00	156		141.73143471544296	99.35685484080288	0.023432804987980768	156	48.75915024744562	84.27273903682499	142.72720617517447	201.8246727829207	155	55.48185005825177	26.103782897273003	99.58106375557865	171.4323416748823	156	0.05506142941126436	0.00439453125	0.0091552734375	0.0394287109375
snapshots/2026-06/ibm_fez/20260623T220528000000Z.json	20260623T220528000000Z	ibm_fez	2026-06-23T22:05:28+00:00	2026-06-23T22:05:28+00:00	156		141.73143471544296	99.35685484080288	0.023432804987980768	156	48.75915024744562	84.27273903682499	142.72720617517447	201.8246727829207	155	55.48185005825177	26.103782897273003	99.58106375557865	171.4323416748823	156	0.05506142941126436	0.00439453125	0.0091552734375	0.0394287109375
snapshots/2026-06/ibm_fez/20260624T003631000000Z.json	20260624T003631000000Z	ibm_fez	2026-06-24T00:36:31+00:00	2026-06-24T00:36:31+00:00	156		141.73143471544296	99.35685484080288	0.02111190404647436	156	48.75915024744562	84.27273903682499	142.72720617517447	201.8246727829207	155	55.48185005825177	26.103782897273003	99.58106375557865	171.4323416748823	156	0.04353654709618813	0.00469970703125	0.00885009765625	0.04315185546875
snapshots/2026-06/ibm_fez/20260624T045801000000Z.json	20260624T045801000000Z	ibm_fez	2026-06-24T04:58:01+00:00	2026-06-24T04:58:01+00:00	156		141.73143471544296	99.35685484080288	0.022676908052884616	156	48.75915024744562	84.27273903682499	142.72720617517447	201.8246727829207	155	55.48185005825177	26.103782897273003	99.58106375557865	171.4323416748823	156	0.05258513786713822	0.004638671875	0.00830078125	0.0386962890625
snapshots/2026-06/ibm_fez/20260624T091728000000Z.json	20260624T091728000000Z	ibm_fez	2026-06-24T09:17:28+00:00	2026-06-24T09:17:28+00:00	156		141.73143471544296	99.35685484080288	0.021636180388621796	156	48.75915024744562	84.27273903682499	142.72720617517447	201.8246727829207	155	55.48185005825177	26.103782897273003	99.58106375557865	171.4323416748823	156	0.04819114662632906	0.0048828125	0.0084228515625	0.04339599609375
snapshots/2026-06/ibm_fez/20260624T120808000000Z.json	20260624T120808000000Z	ibm_fez	2026-06-24T12:08:08+00:00	2026-06-24T12:08:08+00:00	156		141.73143471544296	99.35685484080288	0.021636180388621796	156	48.75915024744562	84.27273903682499	142.72720617517447	201.8246727829207	155	55.48185005825177	26.103782897273003	99.58106375557865	171.4323416748823	156	0.04819114662632906	0.0048828125	0.0084228515625	0.04339599609375
snapshots/2026-06/ibm_fez/20260624T151002000000Z.json	20260624T151002000000Z	ibm_fez	2026-06-24T15:10:02+00:00	2026-06-24T15:10:02+00:00	156		141.73143471544296	99.35685484080288	0.022383469801682692	156	48.75915024744562	84.27273903682499	142.72720617517447	201.8246727829207	155	55.48185005825177	26.103782897273003	99.58106375557865	171.4323416748823	156	0.05145834770525562	0.00445556640625	0.0084228515625	0.04278564453125
snapshots/2026-06/ibm_fez/20260624T163639000000Z.json	20260624T163639000000Z	ibm_fez	2026-06-24T16:36:39+00:00	2026-06-24T16:36:39+00:00	156		141.73143471544296	99.35685484080288	0.019038273737980768	156	48.75915024744562	84.27273903682499	142.72720617517447	201.8246727829207	155	55.48185005825177	26.103782897273003	99.58106375557865	171.4323416748823	156	0.04109536170633224	0.0042724609375	0.0078125	0.038330078125
snapshots/2026-06/ibm_fez/20260624T185709000000Z.json	20260624T185709000000Z	ibm_fez	2026-06-24T18:57:09+00:00	2026-06-24T18:57:09+00:00	156		154.00229294369498	110.54291523197335	0.017949030949519232	156	45.78349822843951	103.8515918229535	151.8269450569928	207.79540032215078	155	60.860794393384396	33.24823434788973	111.7669696343361	190.60846268356795	156	0.03677561560668102	0.00390625	0.00830078125	0.029296875
snapshots/2026-06/ibm_fez/20260624T195837000000Z.json	20260624T195837000000Z	ibm_fez	2026-06-24T19:58:37+00:00	2026-06-24T19:58:37+00:00	156		154.00229294369498	110.54291523197335	0.017949030949519232	156	45.78349822843951	103.8515918229535	151.8269450569928	207.79540032215078	155	60.860794393384396	33.24823434788973	111.7669696343361	190.60846268356795	156	0.03677561560668102	0.00390625	0.00830078125	0.029296875
snapshots/2026-06/ibm_fez/20260624T220459000000Z.json	20260624T220459000000Z	ibm_fez	2026-06-24T22:04:59+00:00	2026-06-24T22:04:59+00:00	156		154.00229294369498	110.54291523197335	0.017949030949519232	156	45.78349822843951	103.8515918229535	151.8269450569928	207.79540032215078	155	60.860794393384396	33.24823434788973	111.7669696343361	190.60846268356795	156	0.03677561560668102	0.00390625	0.00830078125	0.029296875
snapshots/2026-06/ibm_fez/20260625T002748000000Z.json	20260625T002748000000Z	ibm_fez	2026-06-25T00:27:48+00:00	2026-06-25T00:27:48+00:00	156		154.00229294369498	110.54291523197335	0.020122039012419872	156	45.78349822843951	103.8515918229535	151.8269450569928	207.79540032215078	155	60.860794393384396	33.24823434788973	111.7669696343361	190.60846268356795	156	0.045449932347293366	0.00445556640625	0.009033203125	0.03717041015625
snapshots/2026-06/ibm_fez/20260625T040824000000Z.json	20260625T040824000000Z	ibm_fez	2026-06-25T04:08:24+00:00	2026-06-25T04:08:24+00:00	156		154.00229294369498	110.54291523197335	0.022746550731169872	156	45.78349822843951	103.8515918229535	151.8269450569928	207.79540032215078	155	60.860794393384396	33.24823434788973	111.7669696343361	190.60846268356795	156	0.055392703931589085	0.00439453125	0.008056640625	0.034423828125
snapshots/2026-06/ibm_fez/20260625T074634000000Z.json	20260625T074634000000Z	ibm_fez	2026-06-25T07:46:34+00:00	2026-06-25T07:46:34+00:00	156		154.00229294369498	110.54291523197335	0.022746550731169872	156	45.78349822843951	103.8515918229535	151.8269450569928	207.79540032215078	155	60.860794393384396	33.24823434788973	111.7669696343361	190.60846268356795	156	0.055392703931589085	0.00439453125	0.008056640625	0.034423828125
snapshots/2026-06/ibm_fez/20260625T074719000000Z.json	20260625T074719000000Z	ibm_fez	2026-06-25T07:47:19+00:00	2026-06-25T07:47:19+00:00	156		154.00229294369498	110.54291523197335	0.022746550731169872	156	45.78349822843951	103.8515918229535	151.8269450569928	207.79540032215078	155	60.860794393384396	33.24823434788973	111.7669696343361	190.60846268356795	156	0.055392703931589085	0.00439453125	0.008056640625	0.034423828125
snapshots/2026-06/ibm_fez/20260625T173646000000Z.json	20260625T173646000000Z	ibm_fez	2026-06-25T17:36:46+00:00	2026-06-25T17:36:46+00:00	156		154.00229294369498	110.54291523197335	0.021064171424278848	156	45.78349822843951	103.8515918229535	151.8269450569928	207.79540032215078	155	60.860794393384396	33.24823434788973	111.7669696343361	190.60846268356795	156	0.05030185321669068	0.00439453125	0.00811767578125	0.0325927734375
snapshots/2026-06/ibm_fez/20260625T195220000000Z.json	20260625T195220000000Z	ibm_fez	2026-06-25T19:52:20+00:00	2026-06-25T19:52:20+00:00	156		140.44677964603963	99.23854576100003	0.020340357071314104	156	47.76992141439204	78.4082280460238	139.07626274681627	201.32167914027784	155	55.050973477529645	29.22824081420176	97.61507971397499	176.9794032839795	156	0.04921869846923115	0.004150390625	0.008544921875	0.0350341796875
snapshots/2026-06/ibm_fez/20260625T210649000000Z.json	20260625T210649000000Z	ibm_fez	2026-06-25T21:06:49+00:00	2026-06-25T21:06:49+00:00	156		140.44677964603963	99.23854576100003	0.020340357071314104	156	47.76992141439204	78.4082280460238	139.07626274681627	201.32167914027784	155	55.050973477529645	29.22824081420176	97.61507971397499	176.9794032839795	156	0.04921869846923115	0.004150390625	0.008544921875	0.0350341796875
snapshots/2026-06/ibm_fez/20260625T233036000000Z.json	20260625T233036000000Z	ibm_fez	2026-06-25T23:30:36+00:00	2026-06-25T23:30:36+00:00	156		140.44677964603963	99.23854576100003	0.020340357071314104	156	47.76992141439204	78.4082280460238	139.07626274681627	201.32167914027784	155	55.050973477529645	29.22824081420176	97.61507971397499	176.9794032839795	156	0.04921869846923115	0.004150390625	0.008544921875	0.0350341796875
snapshots/2026-06/ibm_fez/20260626T041020000000Z.json	20260626T041020000000Z	ibm_fez	2026-06-26T04:10:20+00:00	2026-06-26T04:10:20+00:00	156		140.44677964603963	99.23854576100003	0.01923546424278846	156	47.76992141439204	78.4082280460238	139.07626274681627	201.32167914027784	155	55.050973477529645	29.22824081420176	97.61507971397499	176.9794032839795	156	0.041548446211234984	0.0048828125	0.0081787109375	0.0350341796875
snapshots/2026-06/ibm_fez/20260626T070408000000Z.json	20260626T070408000000Z	ibm_fez	2026-06-26T07:04:08+00:00	2026-06-26T07:04:08+00:00	156		140.44677964603963	99.23854576100003	0.018491304837740384	156	47.76992141439204	78.4082280460238	139.07626274681627	201.32167914027784	155	55.050973477529645	29.22824081420176	97.61507971397499	176.9794032839795	156	0.034175829610507615	0.0045166015625	0.0084228515625	0.03668212890625
snapshots/2026-06/ibm_fez/20260626T113342000000Z.json	20260626T113342000000Z	ibm_fez	2026-06-26T11:33:42+00:00	2026-06-26T11:33:42+00:00	156		140.44677964603963	99.23854576100003	0.017890343299278848	156	47.76992141439204	78.4082280460238	139.07626274681627	201.32167914027784	155	55.050973477529645	29.22824081420176	97.61507971397499	176.9794032839795	156	0.0323386954919733	0.00445556640625	0.008544921875	0.0345458984375
snapshots/2026-06/ibm_fez/20260626T145036000000Z.json	20260626T145036000000Z	ibm_fez	2026-06-26T14:50:36+00:00	2026-06-26T14:50:36+00:00	156		140.44677964603963	99.23854576100003	0.021051651392227564	156	47.76992141439204	78.4082280460238	139.07626274681627	201.32167914027784	155	55.050973477529645	29.22824081420176	97.61507971397499	176.9794032839795	156	0.050519259537203605	0.004638671875	0.0079345703125	0.0330810546875
snapshots/2026-06/ibm_fez/20260626T161025000000Z.json	20260626T161025000000Z	ibm_fez	2026-06-26T16:10:25+00:00	2026-06-26T16:10:25+00:00	156		140.44677964603963	99.23854576100003	0.021051651392227564	156	47.76992141439204	78.4082280460238	139.07626274681627	201.32167914027784	155	55.050973477529645	29.22824081420176	97.61507971397499	176.9794032839795	156	0.050519259537203605	0.004638671875	0.0079345703125	0.0330810546875
snapshots/2026-06/ibm_fez/20260626T203158000000Z.json	20260626T203158000000Z	ibm_fez	2026-06-26T20:31:58+00:00	2026-06-26T20:31:58+00:00	156		140.44677964603963	99.23854576100003	0.021885016025641024	156	47.76992141439204	78.4082280460238	139.07626274681627	201.32167914027784	155	55.050973477529645	29.22824081420176	97.61507971397499	176.9794032839795	156	0.04445614095204675	0.004150390625	0.008544921875	0.0355224609375
snapshots/2026-06/ibm_fez/20260626T215246000000Z.json	20260626T215246000000Z	ibm_fez	2026-06-26T21:52:46+00:00	2026-06-26T21:52:46+00:00	156		145.4092303587959	104.87934589290802	0.021885016025641024	156	52.01039353515365	76.09476779386074	142.33201602111825	209.9681472798511	155	59.685673569727946	26.402749600145125	107.81023502856583	177.02625599044651	156	0.04445614095204675	0.004150390625	0.008544921875	0.0355224609375
snapshots/2026-06/ibm_fez/20260627T005544000000Z.json	20260627T005544000000Z	ibm_fez	2026-06-27T00:55:44+00:00	2026-06-27T00:55:44+00:00	156		145.4092303587959	104.87934589290802	0.022320087139423076	156	52.01039353515365	76.09476779386074	142.33201602111825	209.9681472798511	155	59.685673569727946	26.402749600145125	107.81023502856583	177.02625599044651	156	0.044034775005468575	0.0048828125	0.0084228515625	0.041015625
snapshots/2026-06/ibm_fez/20260627T015612000000Z.json	20260627T015612000000Z	ibm_fez	2026-06-27T01:56:12+00:00	2026-06-27T01:56:12+00:00	156		145.4092303587959	104.87934589290802	0.022320087139423076	156	52.01039353515365	76.09476779386074	142.33201602111825	209.9681472798511	155	59.685673569727946	26.402749600145125	107.81023502856583	177.02625599044651	156	0.044034775005468575	0.0048828125	0.0084228515625	0.041015625
snapshots/2026-06/ibm_fez/20260629T154314000000Z.json	20260629T154314000000Z	ibm_fez	2026-06-29T15:43:14+00:00	2026-06-29T15:43:14+00:00	156		122.23606094059866	87.07286711533295	0.020825508313301284	156	46.54340068656056	64.03939809701303	119.39336140462473	180.1709579554468	155	51.20612821122982	24.04213439457319	87.24705135016836	161.61252200711908	156	0.04660123576010001	0.00439453125	0.008544921875	0.037109375
snapshots/2026-06/ibm_fez/20260629T161705000000Z.json	20260629T161705000000Z	ibm_fez	2026-06-29T16:17:05+00:00	2026-06-29T16:17:05+00:00	156		122.23606094059866	87.07286711533295	0.018967066055689104	156	46.54340068656056	64.03939809701303	119.39336140462473	180.1709579554468	155	51.20612821122982	24.04213439457319	87.24705135016836	161.61252200711908	156	0.033342029185380276	0.0050048828125	0.00830078125	0.038818359375
snapshots/2026-06/ibm_fez/20260629T225448000000Z.json	20260629T225448000000Z	ibm_fez	2026-06-29T22:54:48+00:00	2026-06-29T22:54:48+00:00	156		122.23606094059866	87.07286711533295	0.018967066055689104	156	46.54340068656056	64.03939809701303	119.39336140462473	180.1709579554468	155	51.20612821122982	24.04213439457319	87.24705135016836	161.61252200711908	156	0.033342029185380276	0.0050048828125	0.00830078125	0.038818359375
snapshots/2026-06/ibm_fez/20260630T061243000000Z.json	20260630T061243000000Z	ibm_fez	2026-06-30T06:12:43+00:00	2026-06-30T06:12:43+00:00	156		122.23606094059866	87.07286711533295	0.018967066055689104	156	46.54340068656056	64.03939809701303	119.39336140462473	180.1709579554468	155	51.20612821122982	24.04213439457319	87.24705135016836	161.61252200711908	156	0.033342029185380276	0.0050048828125	0.00830078125	0.038818359375
snapshots/2026-06/ibm_fez/20260630T150705000000Z.json	20260630T150705000000Z	ibm_fez	2026-06-30T15:07:05+00:00	2026-06-30T15:07:05+00:00	156		122.23606094059866	87.07286711533295	0.020814553285256412	156	46.54340068656056	64.03939809701303	119.39336140462473	180.1709579554468	155	51.20612821122982	24.04213439457319	87.24705135016836	161.61252200711908	156	0.045810850979879136	0.004638671875	0.009033203125	0.034423828125
snapshots/2026-06/ibm_fez/20260630T162038000000Z.json	20260630T162038000000Z	ibm_fez	2026-06-30T16:20:38+00:00	2026-06-30T16:20:38+00:00	156		117.85805747729034	89.3504323736265	0.020814553285256412	156	41.26275181091457	67.09121857425076	117.97361821355324	172.51180420777908	155	49.46946492402444	27.758972292792205	90.34676994006523	145.66158123238444	156	0.045810850979879136	0.004638671875	0.009033203125	0.034423828125
snapshots/2026-06/ibm_fez/20260630T163911000000Z.json	20260630T163911000000Z	ibm_fez	2026-06-30T16:39:11+00:00	2026-06-30T16:39:11+00:00	156		117.85805747729034	89.3504323736265	0.020814553285256412	156	41.26275181091457	67.09121857425076	117.97361821355324	172.51180420777908	155	49.46946492402444	27.758972292792205	90.34676994006523	145.66158123238444	156	0.045810850979879136	0.004638671875	0.009033203125	0.034423828125
snapshots/2026-06/ibm_fez/20260630T200531000000Z.json	20260630T200531000000Z	ibm_fez	2026-06-30T20:05:31+00:00	2026-06-30T20:05:31+00:00	156		117.85805747729034	89.3504323736265	0.020814553285256412	156	41.26275181091457	67.09121857425076	117.97361821355324	172.51180420777908	155	49.46946492402444	27.758972292792205	90.34676994006523	145.66158123238444	156	0.045810850979879136	0.004638671875	0.009033203125	0.034423828125
snapshots/2026-06/ibm_fez/20260630T214008000000Z.json	20260630T214008000000Z	ibm_fez	2026-06-30T21:40:08+00:00	2026-06-30T21:40:08+00:00	156		117.85805747729034	89.3504323736265	0.020814553285256412	156	41.26275181091457	67.09121857425076	117.97361821355324	172.51180420777908	155	49.46946492402444	27.758972292792205	90.34676994006523	145.66158123238444	156	0.045810850979879136	0.004638671875	0.009033203125	0.034423828125
snapshots/2026-07/ibm_fez/20260630T214008000000Z.json	20260630T214008000000Z	ibm_fez	2026-06-30T21:40:08+00:00	2026-06-30T21:40:08+00:00	156		117.85805747729034	89.3504323736265	0.020814553285256412	156	41.26275181091457	67.09121857425076	117.97361821355324	172.51180420777908	155	49.46946492402444	27.758972292792205	90.34676994006523	145.66158123238444	156	0.045810850979879136	0.004638671875	0.009033203125	0.034423828125
snapshots/2026-07/ibm_fez/20260630T215320000000Z.json	20260630T215320000000Z	ibm_fez	2026-06-30T21:53:20+00:00	2026-06-30T21:53:20+00:00	156		117.85805747729034	89.3504323736265	0.02056884765625	156	41.26275181091457	67.09121857425076	117.97361821355324	172.51180420777908	155	49.46946492402444	27.758972292792205	90.34676994006523	145.66158123238444	156	0.04314333332071956	0.005126953125	0.00872802734375	0.03485107421875
snapshots/2026-07/ibm_fez/20260701T120353000000Z.json	20260701T120353000000Z	ibm_fez	2026-07-01T12:03:53+00:00	2026-07-01T12:03:53+00:00	156		117.85805747729034	89.3504323736265	0.020115778996394232	156	41.26275181091457	67.09121857425076	117.97361821355324	172.51180420777908	155	49.46946492402444	27.758972292792205	90.34676994006523	145.66158123238444	156	0.0353931091345559	0.0048828125	0.00933837890625	0.04052734375
snapshots/2026-07/ibm_fez/20260701T191401000000Z.json	20260701T191401000000Z	ibm_fez	2026-07-01T19:14:01+00:00	2026-07-01T19:14:01+00:00	156		120.20354126594614	93.13538997511674	0.021212064302884616	156	44.164453069931824	61.21526677878235	119.56579335400843	177.34802806709513	155	53.76682137887094	26.915456740576168	89.43728286554402	160.99302281168173	156	0.041404119115536035	0.004638671875	0.00927734375	0.038330078125
snapshots/2026-07/ibm_fez/20260701T195122000000Z.json	20260701T195122000000Z	ibm_fez	2026-07-01T19:51:22+00:00	2026-07-01T19:51:22+00:00	156		120.20354126594614	93.13538997511674	0.021212064302884616	156	44.164453069931824	61.21526677878235	119.56579335400843	177.34802806709513	155	53.76682137887094	26.915456740576168	89.43728286554402	160.99302281168173	156	0.041404119115536035	0.004638671875	0.00927734375	0.038330078125
snapshots/2026-07/ibm_fez/20260701T200427000000Z.json	20260701T200427000000Z	ibm_fez	2026-07-01T20:04:27+00:00	2026-07-01T20:04:27+00:00	156		120.20354126594614	93.13538997511674	0.021212064302884616	156	44.164453069931824	61.21526677878235	119.56579335400843	177.34802806709513	155	53.76682137887094	26.915456740576168	89.43728286554402	160.99302281168173	156	0.041404119115536035	0.004638671875	0.00927734375	0.038330078125
snapshots/2026-07/ibm_fez/20260702T082755000000Z.json	20260702T082755000000Z	ibm_fez	2026-07-02T08:27:55+00:00	2026-07-02T08:27:55+00:00	156		120.20354126594614	93.13538997511674	0.021212064302884616	156	44.164453069931824	61.21526677878235	119.56579335400843	177.34802806709513	155	53.76682137887094	26.915456740576168	89.43728286554402	160.99302281168173	156	0.041404119115536035	0.004638671875	0.00927734375	0.038330078125
snapshots/2026-07/ibm_fez/20260702T111739000000Z.json	20260702T111739000000Z	ibm_fez	2026-07-02T11:17:39+00:00	2026-07-02T11:17:39+00:00	156		120.20354126594614	93.13538997511674	0.019865378355368588	156	44.164453069931824	61.21526677878235	119.56579335400843	177.34802806709513	155	53.76682137887094	26.915456740576168	89.43728286554402	160.99302281168173	156	0.03745083948048302	0.00439453125	0.00872802734375	0.03887939453125
snapshots/2026-07/ibm_fez/20260702T141346000000Z.json	20260702T141346000000Z	ibm_fez	2026-07-02T14:13:46+00:00	2026-07-02T14:13:46+00:00	156		120.20354126594614	93.13538997511674	0.019865378355368588	156	44.164453069931824	61.21526677878235	119.56579335400843	177.34802806709513	155	53.76682137887094	26.915456740576168	89.43728286554402	160.99302281168173	156	0.03745083948048302	0.00439453125	0.00872802734375	0.03887939453125
snapshots/2026-07/ibm_fez/20260702T221035000000Z.json	20260702T221035000000Z	ibm_fez	2026-07-02T22:10:35+00:00	2026-07-02T22:10:35+00:00	156		120.20354126594614	93.13538997511674	0.019856770833333332	156	44.164453069931824	61.21526677878235	119.56579335400843	177.34802806709513	155	53.76682137887094	26.915456740576168	89.43728286554402	160.99302281168173	156	0.03745267541236418	0.00439453125	0.00872802734375	0.03887939453125
snapshots/2026-07/ibm_fez/20260703T010214000000Z.json	20260703T010214000000Z	ibm_fez	2026-07-03T01:02:14+00:00	2026-07-03T01:02:14+00:00	156		120.20354126594614	93.13538997511674	0.017135228866185896	156	44.164453069931824	61.21526677878235	119.56579335400843	177.34802806709513	155	53.76682137887094	26.915456740576168	89.43728286554402	160.99302281168173	156	0.0316099151312523	0.0045166015625	0.00830078125	0.0296630859375
snapshots/2026-07/ibm_fez/20260703T030641000000Z.json	20260703T030641000000Z	ibm_fez	2026-07-03T03:06:41+00:00	2026-07-03T03:06:41+00:00	156		118.50434210609106	94.08184521351349	0.017125056340144232	156	40.98166593593772	69.44609561625145	121.40415544253553	163.50773787909202	155	51.21923997460312	32.22810318279713	89.11541716342349	167.9433422973658	156	0.031610349406387524	0.0045166015625	0.00830078125	0.0296630859375
snapshots/2026-07/ibm_fez/20260703T075123000000Z.json	20260703T075123000000Z	ibm_fez	2026-07-03T07:51:23+00:00	2026-07-03T07:51:23+00:00	156		118.50434210609106	94.08184521351349	0.020028138772035256	156	40.98166593593772	69.44609561625145	121.40415544253553	163.50773787909202	155	51.21923997460312	32.22810318279713	89.11541716342349	167.9433422973658	156	0.045277741761562504	0.00457763671875	0.00872802734375	0.03631591796875
snapshots/2026-07/ibm_fez/20260703T102503000000Z.json	20260703T102503000000Z	ibm_fez	2026-07-03T10:25:03+00:00	2026-07-03T10:25:03+00:00	156		118.50434210609106	94.08184521351349	0.020028138772035256	156	40.98166593593772	69.44609561625145	121.40415544253553	163.50773787909202	155	51.21923997460312	32.22810318279713	89.11541716342349	167.9433422973658	156	0.045277741761562504	0.00457763671875	0.00872802734375	0.03631591796875
snapshots/2026-07/ibm_fez/20260703T114856000000Z.json	20260703T114856000000Z	ibm_fez	2026-07-03T11:48:56+00:00	2026-07-03T11:48:56+00:00	156		118.50434210609106	94.08184521351349	0.020028138772035256	156	40.98166593593772	69.44609561625145	121.40415544253553	163.50773787909202	155	51.21923997460312	32.22810318279713	89.11541716342349	167.9433422973658	156	0.045277741761562504	0.00457763671875	0.00872802734375	0.03631591796875
snapshots/2026-07/ibm_fez/20260703T152257000000Z.json	20260703T152257000000Z	ibm_fez	2026-07-03T15:22:57+00:00	2026-07-03T15:22:57+00:00	156		118.50434210609106	94.08184521351349	0.020028138772035256	156	40.98166593593772	69.44609561625145	121.40415544253553	163.50773787909202	155	51.21923997460312	32.22810318279713	89.11541716342349	167.9433422973658	156	0.045277741761562504	0.00457763671875	0.00872802734375	0.03631591796875
snapshots/2026-07/ibm_fez/20260703T180530000000Z.json	20260703T180530000000Z	ibm_fez	2026-07-03T18:05:30+00:00	2026-07-03T18:05:30+00:00	156		118.50434210609106	94.08184521351349	0.019916240985576924	156	40.98166593593772	69.44609561625145	121.40415544253553	163.50773787909202	155	51.21923997460312	32.22810318279713	89.11541716342349	167.9433422973658	156	0.04653792272118577	0.00482177734375	0.0087890625	0.03631591796875
snapshots/2026-07/ibm_fez/20260703T192020000000Z.json	20260703T192020000000Z	ibm_fez	2026-07-03T19:20:20+00:00	2026-07-03T19:20:20+00:00	156		118.50434210609106	94.08184521351349	0.019916240985576924	156	40.98166593593772	69.44609561625145	121.40415544253553	163.50773787909202	155	51.21923997460312	32.22810318279713	89.11541716342349	167.9433422973658	156	0.04653792272118577	0.00482177734375	0.0087890625	0.03631591796875
snapshots/2026-07/ibm_fez/20260703T205314000000Z.json	20260703T205314000000Z	ibm_fez	2026-07-03T20:53:14+00:00	2026-07-03T20:53:14+00:00	156		118.50434210609106	94.08184521351349	0.019916240985576924	156	40.98166593593772	69.44609561625145	121.40415544253553	163.50773787909202	155	51.21923997460312	32.22810318279713	89.11541716342349	167.9433422973658	156	0.04653792272118577	0.00482177734375	0.0087890625	0.03631591796875
snapshots/2026-07/ibm_fez/20260703T222758000000Z.json	20260703T222758000000Z	ibm_fez	2026-07-03T22:27:58+00:00	2026-07-03T22:27:58+00:00	156		118.50434210609106	94.08184521351349	0.019916240985576924	156	40.98166593593772	69.44609561625145	121.40415544253553	163.50773787909202	155	51.21923997460312	32.22810318279713	89.11541716342349	167.9433422973658	156	0.04653792272118577	0.00482177734375	0.0087890625	0.03631591796875
snapshots/2026-07/ibm_fez/20260704T033059000000Z.json	20260704T033059000000Z	ibm_fez	2026-07-04T03:30:59+00:00	2026-07-04T03:30:59+00:00	156		127.59897940340684	95.01759973431605	0.023371769831730768	156	48.519574481887744	70.5892358961656	122.39192910237699	188.82594332412404	155	57.695002878144834	27.121700815219643	89.35253223625591	170.9566560133642	156	0.054405669961582095	0.004150390625	0.009765625	0.0404052734375
snapshots/2026-07/ibm_fez/20260704T063233000000Z.json	20260704T063233000000Z	ibm_fez	2026-07-04T06:32:33+00:00	2026-07-04T06:32:33+00:00	156		127.59897940340684	95.01759973431605	0.023371769831730768	156	48.519574481887744	70.5892358961656	122.39192910237699	188.82594332412404	155	57.695002878144834	27.121700815219643	89.35253223625591	170.9566560133642	156	0.054405669961582095	0.004150390625	0.009765625	0.0404052734375
snapshots/2026-07/ibm_fez/20260704T090812000000Z.json	20260704T090812000000Z	ibm_fez	2026-07-04T09:08:12+00:00	2026-07-04T09:08:12+00:00	156		127.59897940340684	95.01759973431605	0.019392747145432692	156	48.519574481887744	70.5892358961656	122.39192910237699	188.82594332412404	155	57.695002878144834	27.121700815219643	89.35253223625591	170.9566560133642	156	0.03740518562597536	0.004150390625	0.00897216796875	0.03851318359375
snapshots/2026-07/ibm_fez/20260704T112559000000Z.json	20260704T112559000000Z	ibm_fez	2026-07-04T11:25:59+00:00	2026-07-04T11:25:59+00:00	156		127.59897940340684	95.01759973431605	0.019392747145432692	156	48.519574481887744	70.5892358961656	122.39192910237699	188.82594332412404	155	57.695002878144834	27.121700815219643	89.35253223625591	170.9566560133642	156	0.03740518562597536	0.004150390625	0.00897216796875	0.03851318359375
snapshots/2026-07/ibm_fez/20260704T124730000000Z.json	20260704T124730000000Z	ibm_fez	2026-07-04T12:47:30+00:00	2026-07-04T12:47:30+00:00	156		127.59897940340684	95.01759973431605	0.019392747145432692	156	48.519574481887744	70.5892358961656	122.39192910237699	188.82594332412404	155	57.695002878144834	27.121700815219643	89.35253223625591	170.9566560133642	156	0.03740518562597536	0.004150390625	0.00897216796875	0.03851318359375
snapshots/2026-07/ibm_fez/20260704T143623000000Z.json	20260704T143623000000Z	ibm_fez	2026-07-04T14:36:23+00:00	2026-07-04T14:36:23+00:00	156		127.59897940340684	95.01759973431605	0.019392747145432692	156	48.519574481887744	70.5892358961656	122.39192910237699	188.82594332412404	155	57.695002878144834	27.121700815219643	89.35253223625591	170.9566560133642	156	0.03740518562597536	0.004150390625	0.00897216796875	0.03851318359375
snapshots/2026-07/ibm_fez/20260704T172232000000Z.json	20260704T172232000000Z	ibm_fez	2026-07-04T17:22:32+00:00	2026-07-04T17:22:32+00:00	156		127.59897940340684	95.01759973431605	0.023568177834535256	156	48.519574481887744	70.5892358961656	122.39192910237699	188.82594332412404	155	57.695002878144834	27.121700815219643	89.35253223625591	170.9566560133642	156	0.05448683936133168	0.00457763671875	0.0089111328125	0.0390625
snapshots/2026-07/ibm_fez/20260704T172846000000Z.json	20260704T172846000000Z	ibm_fez	2026-07-04T17:28:46+00:00	2026-07-04T17:28:46+00:00	156		127.59897940340684	95.01759973431605	0.023568177834535256	156	48.519574481887744	70.5892358961656	122.39192910237699	188.82594332412404	155	57.695002878144834	27.121700815219643	89.35253223625591	170.9566560133642	156	0.05448683936133168	0.00457763671875	0.0089111328125	0.0390625
snapshots/2026-07/ibm_fez/20260704T193130000000Z.json	20260704T193130000000Z	ibm_fez	2026-07-04T19:31:30+00:00	2026-07-04T19:31:30+00:00	156		127.59897940340684	95.01759973431605	0.023568177834535256	156	48.519574481887744	70.5892358961656	122.39192910237699	188.82594332412404	155	57.695002878144834	27.121700815219643	89.35253223625591	170.9566560133642	156	0.05448683936133168	0.00457763671875	0.0089111328125	0.0390625
snapshots/2026-07/ibm_fez/20260704T203518000000Z.json	20260704T203518000000Z	ibm_fez	2026-07-04T20:35:18+00:00	2026-07-04T20:35:18+00:00	156		127.59897940340684	95.01759973431605	0.023568177834535256	156	48.519574481887744	70.5892358961656	122.39192910237699	188.82594332412404	155	57.695002878144834	27.121700815219643	89.35253223625591	170.9566560133642	156	0.05448683936133168	0.00457763671875	0.0089111328125	0.0390625
snapshots/2026-07/ibm_fez/20260704T215731000000Z.json	20260704T215731000000Z	ibm_fez	2026-07-04T21:57:31+00:00	2026-07-04T21:57:31+00:00	156		127.59897940340684	95.01759973431605	0.023568177834535256	156	48.519574481887744	70.5892358961656	122.39192910237699	188.82594332412404	155	57.695002878144834	27.121700815219643	89.35253223625591	170.9566560133642	156	0.05448683936133168	0.00457763671875	0.0089111328125	0.0390625
snapshots/2026-07/ibm_fez/20260704T231718000000Z.json	20260704T231718000000Z	ibm_fez	2026-07-04T23:17:18+00:00	2026-07-04T23:17:18+00:00	156		127.59897940340684	95.01759973431605	0.02051094250801282	156	48.519574481887744	70.5892358961656	122.39192910237699	188.82594332412404	155	57.695002878144834	27.121700815219643	89.35253223625591	170.9566560133642	156	0.05105416756931671	0.00433349609375	0.009033203125	0.03802490234375
snapshots/2026-07/ibm_fez/20260705T004724000000Z.json	20260705T004724000000Z	ibm_fez	2026-07-05T00:47:24+00:00	2026-07-05T00:47:24+00:00	156		127.59897940340684	95.01759973431605	0.02051094250801282	156	48.519574481887744	70.5892358961656	122.39192910237699	188.82594332412404	155	57.695002878144834	27.121700815219643	89.35253223625591	170.9566560133642	156	0.05105416756931671	0.00433349609375	0.009033203125	0.03802490234375
snapshots/2026-07/ibm_fez/20260705T051016000000Z.json	20260705T051016000000Z	ibm_fez	2026-07-05T05:10:16+00:00	2026-07-05T05:10:16+00:00	156		130.91358307516248	97.99149766588805	0.020207331730769232	156	44.55443374214465	76.14586736645259	129.96296536002805	190.44837389826046	155	54.62513818484209	30.005042331599583	102.79973125372297	167.5603425652848	156	0.04398031258190042	0.00439453125	0.00848388671875	0.035888671875
snapshots/2026-07/ibm_fez/20260705T082458000000Z.json	20260705T082458000000Z	ibm_fez	2026-07-05T08:24:58+00:00	2026-07-05T08:24:58+00:00	156		130.91358307516248	97.99149766588805	0.020207331730769232	156	44.55443374214465	76.14586736645259	129.96296536002805	190.44837389826046	155	54.62513818484209	30.005042331599583	102.79973125372297	167.5603425652848	156	0.04398031258190042	0.00439453125	0.00848388671875	0.035888671875
snapshots/2026-07/ibm_fez/20260705T102030000000Z.json	20260705T102030000000Z	ibm_fez	2026-07-05T10:20:30+00:00	2026-07-05T10:20:30+00:00	156		130.91358307516248	97.99149766588805	0.020207331730769232	156	44.55443374214465	76.14586736645259	129.96296536002805	190.44837389826046	155	54.62513818484209	30.005042331599583	102.79973125372297	167.5603425652848	156	0.04398031258190042	0.00439453125	0.00848388671875	0.035888671875
snapshots/2026-07/ibm_fez/20260705T115636000000Z.json	20260705T115636000000Z	ibm_fez	2026-07-05T11:56:36+00:00	2026-07-05T11:56:36+00:00	156		130.91358307516248	97.99149766588805	0.020207331730769232	156	44.55443374214465	76.14586736645259	129.96296536002805	190.44837389826046	155	54.62513818484209	30.005042331599583	102.79973125372297	167.5603425652848	156	0.04398031258190042	0.00439453125	0.00848388671875	0.035888671875
snapshots/2026-07/ibm_fez/20260705T140059000000Z.json	20260705T140059000000Z	ibm_fez	2026-07-05T14:00:59+00:00	2026-07-05T14:00:59+00:00	156		130.91358307516248	97.99149766588805	0.02181380834334936	156	44.55443374214465	76.14586736645259	129.96296536002805	190.44837389826046	155	54.62513818484209	30.005042331599583	102.79973125372297	167.5603425652848	156	0.05121731710917912	0.00421142578125	0.00933837890625	0.0404052734375
snapshots/2026-07/ibm_fez/20260705T161012000000Z.json	20260705T161012000000Z	ibm_fez	2026-07-05T16:10:12+00:00	2026-07-05T16:10:12+00:00	156		130.91358307516248	97.99149766588805	0.02181380834334936	156	44.55443374214465	76.14586736645259	129.96296536002805	190.44837389826046	155	54.62513818484209	30.005042331599583	102.79973125372297	167.5603425652848	156	0.05121731710917912	0.00421142578125	0.00933837890625	0.0404052734375
snapshots/2026-07/ibm_fez/20260705T164916000000Z.json	20260705T164916000000Z	ibm_fez	2026-07-05T16:49:16+00:00	2026-07-05T16:49:16+00:00	156		130.91358307516248	97.99149766588805	0.02181380834334936	156	44.55443374214465	76.14586736645259	129.96296536002805	190.44837389826046	155	54.62513818484209	30.005042331599583	102.79973125372297	167.5603425652848	156	0.05121731710917912	0.00421142578125	0.00933837890625	0.0404052734375
snapshots/2026-07/ibm_fez/20260705T185951000000Z.json	20260705T185951000000Z	ibm_fez	2026-07-05T18:59:51+00:00	2026-07-05T18:59:51+00:00	156		130.91358307516248	97.99149766588805	0.02144759740584936	156	44.55443374214465	76.14586736645259	129.96296536002805	190.44837389826046	155	54.62513818484209	30.005042331599583	102.79973125372297	167.5603425652848	156	0.05264781455265166	0.00482177734375	0.00885009765625	0.03826904296875
snapshots/2026-07/ibm_fez/20260707T025734000000Z.json	20260707T025734000000Z	ibm_fez	2026-07-07T02:57:34+00:00	2026-07-07T02:57:34+00:00	156		130.91358307516248	97.99149766588805	0.022224621895032052	156	44.55443374214465	76.14586736645259	129.96296536002805	190.44837389826046	155	54.62513818484209	30.005042331599583	102.79973125372297	167.5603425652848	156	0.055230944369797204	0.00445556640625	0.009521484375	0.03411865234375
snapshots/2026-07/ibm_fez/20260707T094329000000Z.json	20260707T094329000000Z	ibm_fez	2026-07-07T09:43:29+00:00	2026-07-07T09:43:29+00:00	156		135.59422424594263	100.5101298723613	0.02497276893028846	156	49.95558368334756	70.65349802107986	135.78177603155424	197.20256441639668	155	57.140815093083816	28.638344827058415	98.98478082671171	176.32877488960563	156	0.05850511642023109	0.00439453125	0.008544921875	0.0411376953125
snapshots/2026-07/ibm_fez/20260707T123625000000Z.json	20260707T123625000000Z	ibm_fez	2026-07-07T12:36:25+00:00	2026-07-07T12:36:25+00:00	156		135.59422424594263	100.5101298723613	0.023950821314102564	156	49.95558368334756	70.65349802107986	135.78177603155424	197.20256441639668	155	57.140815093083816	28.638344827058415	98.98478082671171	176.32877488960563	156	0.057650393066648854	0.0045166015625	0.00897216796875	0.04083251953125
snapshots/2026-07/ibm_fez/20260707T151958000000Z.json	20260707T151958000000Z	ibm_fez	2026-07-07T15:19:58+00:00	2026-07-07T15:19:58+00:00	156		135.59422424594263	100.5101298723613	0.023950821314102564	156	49.95558368334756	70.65349802107986	135.78177603155424	197.20256441639668	155	57.140815093083816	28.638344827058415	98.98478082671171	176.32877488960563	156	0.057650393066648854	0.0045166015625	0.00897216796875	0.04083251953125
snapshots/2026-07/ibm_fez/20260707T170455000000Z.json	20260707T170455000000Z	ibm_fez	2026-07-07T17:04:55+00:00	2026-07-07T17:04:55+00:00	156		135.59422424594263	100.5101298723613	0.023950821314102564	156	49.95558368334756	70.65349802107986	135.78177603155424	197.20256441639668	155	57.140815093083816	28.638344827058415	98.98478082671171	176.32877488960563	156	0.057650393066648854	0.0045166015625	0.00897216796875	0.04083251953125
snapshots/2026-07/ibm_fez/20260708T004450000000Z.json	20260708T004450000000Z	ibm_fez	2026-07-08T00:44:50+00:00	2026-07-08T00:44:50+00:00	156		135.59422424594263	100.5101298723613	0.023950821314102564	156	49.95558368334756	70.65349802107986	135.78177603155424	197.20256441639668	155	57.140815093083816	28.638344827058415	98.98478082671171	176.32877488960563	156	0.057650393066648854	0.0045166015625	0.00897216796875	0.04083251953125
snapshots/2026-07/ibm_fez/20260708T034444000000Z.json	20260708T034444000000Z	ibm_fez	2026-07-08T03:44:44+00:00	2026-07-08T03:44:44+00:00	156		135.59422424594263	100.5101298723613	0.022248879457131412	156	49.95558368334756	70.65349802107986	135.78177603155424	197.20256441639668	155	57.140815093083816	28.638344827058415	98.98478082671171	176.32877488960563	156	0.0577834446473495	0.0050048828125	0.0078125	0.03240966796875
snapshots/2026-07/ibm_fez/20260708T070800000000Z.json	20260708T070800000000Z	ibm_fez	2026-07-08T07:08:00+00:00	2026-07-08T07:08:00+00:00	156		135.59422424594263	100.5101298723613	0.024830353565705128	156	49.95558368334756	70.65349802107986	135.78177603155424	197.20256441639668	155	57.140815093083816	28.638344827058415	98.98478082671171	176.32877488960563	156	0.05929878419500097	0.004638671875	0.009765625	0.038818359375
snapshots/2026-07/ibm_fez/20260708T100734000000Z.json	20260708T100734000000Z	ibm_fez	2026-07-08T10:07:34+00:00	2026-07-08T10:07:34+00:00	156		133.53659783787322	98.92800240062289	0.024830353565705128	156	47.2235525234721	71.95044831675028	137.572490626356	196.0074465353352	155	53.87829295923818	34.09354804168019	96.71602044418233	172.34633239825848	156	0.05929878419500097	0.004638671875	0.009765625	0.038818359375
snapshots/2026-07/ibm_fez/20260708T104633000000Z.json	20260708T104633000000Z	ibm_fez	2026-07-08T10:46:33+00:00	2026-07-08T10:46:33+00:00	156		133.53659783787322	98.92800240062289	0.024830353565705128	156	47.2235525234721	71.95044831675028	137.572490626356	196.0074465353352	155	53.87829295923818	34.09354804168019	96.71602044418233	172.34633239825848	156	0.05929878419500097	0.004638671875	0.009765625	0.038818359375
snapshots/2026-07/ibm_fez/20260708T143430000000Z.json	20260708T143430000000Z	ibm_fez	2026-07-08T14:34:30+00:00	2026-07-08T14:34:30+00:00	156		133.53659783787322	98.92800240062289	0.020659617888621796	156	47.2235525234721	71.95044831675028	137.572490626356	196.0074465353352	155	53.87829295923818	34.09354804168019	96.71602044418233	172.34633239825848	156	0.04553892103379896	0.00457763671875	0.008544921875	0.02996826171875
snapshots/2026-07/ibm_fez/20260708T163759000000Z.json	20260708T163759000000Z	ibm_fez	2026-07-08T16:37:59+00:00	2026-07-08T16:37:59+00:00	156		133.53659783787322	98.92800240062289	0.021885016025641024	156	47.2235525234721	71.95044831675028	137.572490626356	196.0074465353352	155	53.87829295923818	34.09354804168019	96.71602044418233	172.34633239825848	156	0.049764830370737485	0.004638671875	0.00860595703125	0.03753662109375
snapshots/2026-07/ibm_fez/20260708T181925000000Z.json	20260708T181925000000Z	ibm_fez	2026-07-08T18:19:25+00:00	2026-07-08T18:19:25+00:00	156		133.53659783787322	98.92800240062289	0.021885016025641024	156	47.2235525234721	71.95044831675028	137.572490626356	196.0074465353352	155	53.87829295923818	34.09354804168019	96.71602044418233	172.34633239825848	156	0.049764830370737485	0.004638671875	0.00860595703125	0.03753662109375
snapshots/2026-07/ibm_fez/20260708T201625000000Z.json	20260708T201625000000Z	ibm_fez	2026-07-08T20:16:25+00:00	2026-07-08T20:16:25+00:00	156		133.53659783787322	98.92800240062289	0.018783178084935896	156	47.2235525234721	71.95044831675028	137.572490626356	196.0074465353352	155	53.87829295923818	34.09354804168019	96.71602044418233	172.34633239825848	156	0.03682567059906872	0.00433349609375	0.0086669921875	0.03594970703125
snapshots/2026-07/ibm_fez/20260708T214906000000Z.json	20260708T214906000000Z	ibm_fez	2026-07-08T21:49:06+00:00	2026-07-08T21:49:06+00:00	156		133.53659783787322	98.92800240062289	0.018783178084935896	156	47.2235525234721	71.95044831675028	137.572490626356	196.0074465353352	155	53.87829295923818	34.09354804168019	96.71602044418233	172.34633239825848	156	0.03682567059906872	0.00433349609375	0.0086669921875	0.03594970703125
snapshots/2026-07/ibm_fez/20260708T224610000000Z.json	20260708T224610000000Z	ibm_fez	2026-07-08T22:46:10+00:00	2026-07-08T22:46:10+00:00	156		133.53659783787322	98.92800240062289	0.018783178084935896	156	47.2235525234721	71.95044831675028	137.572490626356	196.0074465353352	155	53.87829295923818	34.09354804168019	96.71602044418233	172.34633239825848	156	0.03682567059906872	0.00433349609375	0.0086669921875	0.03594970703125
snapshots/2026-07/ibm_fez/20260709T025956000000Z.json	20260709T025956000000Z	ibm_fez	2026-07-09T02:59:56+00:00	2026-07-09T02:59:56+00:00	156		133.53659783787322	98.92800240062289	0.018608680138221152	156	47.2235525234721	71.95044831675028	137.572490626356	196.0074465353352	155	53.87829295923818	34.09354804168019	96.71602044418233	172.34633239825848	156	0.03597460550048777	0.0045166015625	0.0086669921875	0.032958984375
snapshots/2026-07/ibm_fez/20260709T071319000000Z.json	20260709T071319000000Z	ibm_fez	2026-07-09T07:13:19+00:00	2026-07-09T07:13:19+00:00	156		133.53659783787322	98.92800240062289	0.019606370192307692	156	47.2235525234721	71.95044831675028	137.572490626356	196.0074465353352	155	53.87829295923818	34.09354804168019	96.71602044418233	172.34633239825848	156	0.03866488600599029	0.004638671875	0.0093994140625	0.037109375
snapshots/2026-07/ibm_fez/20260709T133638000000Z.json	20260709T133638000000Z	ibm_fez	2026-07-09T13:36:38+00:00	2026-07-09T13:36:38+00:00	156		129.65674609241827	95.13219655301472	0.019274589342948716	156	48.70779708218912	69.47782847488052	124.48958373013357	188.08237583592998	155	54.76641674396723	26.184017257498432	93.13405529318	164.86635074061567	156	0.036075846269893797	0.00457763671875	0.00958251953125	0.0428466796875
snapshots/2026-07/ibm_fez/20260709T163602000000Z.json	20260709T163602000000Z	ibm_fez	2026-07-09T16:36:02+00:00	2026-07-09T16:36:02+00:00	156		129.65674609241827	95.13219655301472	0.019658015324519232	156	48.70779708218912	69.47782847488052	124.48958373013357	188.08237583592998	155	54.76641674396723	26.184017257498432	93.13405529318	164.86635074061567	156	0.038593453822059705	0.00457763671875	0.00921630859375	0.03314208984375
snapshots/2026-07/ibm_fez/20260709T185253000000Z.json	20260709T185253000000Z	ibm_fez	2026-07-09T18:52:53+00:00	2026-07-09T18:52:53+00:00	156		129.65674609241827	95.13219655301472	0.019863030849358976	156	48.70779708218912	69.47782847488052	124.48958373013357	188.08237583592998	155	54.76641674396723	26.184017257498432	93.13405529318	164.86635074061567	156	0.03923324380599066	0.00457763671875	0.0084228515625	0.04193115234375
snapshots/2026-07/ibm_fez/20260709T193727000000Z.json	20260709T193727000000Z	ibm_fez	2026-07-09T19:37:27+00:00	2026-07-09T19:37:27+00:00	156		129.65674609241827	95.13219655301472	0.019863030849358976	156	48.70779708218912	69.47782847488052	124.48958373013357	188.08237583592998	155	54.76641674396723	26.184017257498432	93.13405529318	164.86635074061567	156	0.03923324380599066	0.00457763671875	0.0084228515625	0.04193115234375
snapshots/2026-07/ibm_fez/20260709T211540000000Z.json	20260709T211540000000Z	ibm_fez	2026-07-09T21:15:40+00:00	2026-07-09T21:15:40+00:00	156		129.65674609241827	95.13219655301472	0.019863030849358976	156	48.70779708218912	69.47782847488052	124.48958373013357	188.08237583592998	155	54.76641674396723	26.184017257498432	93.13405529318	164.86635074061567	156	0.03923324380599066	0.00457763671875	0.0084228515625	0.04193115234375
snapshots/2026-07/ibm_fez/20260710T001628000000Z.json	20260710T001628000000Z	ibm_fez	2026-07-10T00:16:28+00:00	2026-07-10T00:16:28+00:00	156		129.65674609241827	95.13219655301472	0.018495217347756412	156	48.70779708218912	69.47782847488052	124.48958373013357	188.08237583592998	155	54.76641674396723	26.184017257498432	93.13405529318	164.86635074061567	156	0.037215016710146154	0.0047607421875	0.0087890625	0.031982421875
snapshots/2026-07/ibm_fez/20260710T051721000000Z.json	20260710T051721000000Z	ibm_fez	2026-07-10T05:17:21+00:00	2026-07-10T05:17:21+00:00	156		129.65674609241827	95.13219655301472	0.019965538611778848	156	48.70779708218912	69.47782847488052	124.48958373013357	188.08237583592998	155	54.76641674396723	26.184017257498432	93.13405529318	164.86635074061567	156	0.04564464992240356	0.004638671875	0.00848388671875	0.03448486328125
snapshots/2026-07/ibm_fez/20260710T093926000000Z.json	20260710T093926000000Z	ibm_fez	2026-07-10T09:39:26+00:00	2026-07-10T09:39:26+00:00	156		134.48444129782612	103.46329894796258	0.017797225560897436	156	46.623789131455716	80.62869908630395	131.1335406528691	195.32265627180237	155	55.6957952381788	31.69978826511297	102.47607167125736	176.69635080427557	156	0.034605209393087324	0.00390625	0.008544921875	0.0357666015625
snapshots/2026-07/ibm_fez/20260710T123614000000Z.json	20260710T123614000000Z	ibm_fez	2026-07-10T12:36:14+00:00	2026-07-10T12:36:14+00:00	156		134.48444129782612	103.46329894796258	0.021658872946714744	156	46.623789131455716	80.62869908630395	131.1335406528691	195.32265627180237	155	55.6957952381788	31.69978826511297	102.47607167125736	176.69635080427557	156	0.05262628799250153	0.00421142578125	0.00775146484375	0.03759765625
snapshots/2026-07/ibm_fez/20260710T153330000000Z.json	20260710T153330000000Z	ibm_fez	2026-07-10T15:33:30+00:00	2026-07-10T15:33:30+00:00	156		134.48444129782612	103.46329894796258	0.021658872946714744	156	46.623789131455716	80.62869908630395	131.1335406528691	195.32265627180237	155	55.6957952381788	31.69978826511297	102.47607167125736	176.69635080427557	156	0.05262628799250153	0.00421142578125	0.00775146484375	0.03759765625
snapshots/2026-07/ibm_fez/20260710T174344000000Z.json	20260710T174344000000Z	ibm_fez	2026-07-10T17:43:44+00:00	2026-07-10T17:43:44+00:00	156		134.48444129782612	103.46329894796258	0.019848945813301284	156	46.623789131455716	80.62869908630395	131.1335406528691	195.32265627180237	155	55.6957952381788	31.69978826511297	102.47607167125736	176.69635080427557	156	0.046786468085553624	0.00421142578125	0.0081787109375	0.03253173828125
snapshots/2026-07/ibm_fez/20260710T191017000000Z.json	20260710T191017000000Z	ibm_fez	2026-07-10T19:10:17+00:00	2026-07-10T19:10:17+00:00	156		134.48444129782612	103.46329894796258	0.019848945813301284	156	46.623789131455716	80.62869908630395	131.1335406528691	195.32265627180237	155	55.6957952381788	31.69978826511297	102.47607167125736	176.69635080427557	156	0.046786468085553624	0.00421142578125	0.0081787109375	0.03253173828125
snapshots/2026-07/ibm_fez/20260710T204627000000Z.json	20260710T204627000000Z	ibm_fez	2026-07-10T20:46:27+00:00	2026-07-10T20:46:27+00:00	156		134.48444129782612	103.46329894796258	0.019536727514022436	156	46.623789131455716	80.62869908630395	131.1335406528691	195.32265627180237	155	55.6957952381788	31.69978826511297	102.47607167125736	176.69635080427557	156	0.03744340271856353	0.00494384765625	0.00909423828125	0.03515625
snapshots/2026-07/ibm_fez/20260710T222003000000Z.json	20260710T222003000000Z	ibm_fez	2026-07-10T22:20:03+00:00	2026-07-10T22:20:03+00:00	156		134.48444129782612	103.46329894796258	0.019536727514022436	156	46.623789131455716	80.62869908630395	131.1335406528691	195.32265627180237	155	55.6957952381788	31.69978826511297	102.47607167125736	176.69635080427557	156	0.03744340271856353	0.00494384765625	0.00909423828125	0.03515625
snapshots/2026-07/ibm_fez/20260710T234825000000Z.json	20260710T234825000000Z	ibm_fez	2026-07-10T23:48:25+00:00	2026-07-10T23:48:25+00:00	156		134.48444129782612	103.46329894796258	0.019533597506009616	156	46.623789131455716	80.62869908630395	131.1335406528691	195.32265627180237	155	55.6957952381788	31.69978826511297	102.47607167125736	176.69635080427557	156	0.037807773301662274	0.0045166015625	0.00958251953125	0.040283203125
snapshots/2026-07/ibm_fez/20260711T031557000000Z.json	20260711T031557000000Z	ibm_fez	2026-07-11T03:15:57+00:00	2026-07-11T03:15:57+00:00	156		134.48444129782612	103.46329894796258	0.019898243439503204	156	46.623789131455716	80.62869908630395	131.1335406528691	195.32265627180237	155	55.6957952381788	31.69978826511297	102.47607167125736	176.69635080427557	156	0.039061541383842956	0.00457763671875	0.009521484375	0.0382080078125
snapshots/2026-07/ibm_fez/20260711T065600000000Z.json	20260711T065600000000Z	ibm_fez	2026-07-11T06:56:00+00:00	2026-07-11T06:56:00+00:00	156		134.48444129782612	103.46329894796258	0.018113356370192308	156	46.623789131455716	80.62869908630395	131.1335406528691	195.32265627180237	155	55.6957952381788	31.69978826511297	102.47607167125736	176.69635080427557	156	0.0357832141082402	0.00457763671875	0.00836181640625	0.03326416015625
snapshots/2026-07/ibm_fez/20260711T085651000000Z.json	20260711T085651000000Z	ibm_fez	2026-07-11T08:56:51+00:00	2026-07-11T08:56:51+00:00	156		134.48444129782612	103.46329894796258	0.019775390625	156	46.623789131455716	80.62869908630395	131.1335406528691	195.32265627180237	155	55.6957952381788	31.69978826511297	102.47607167125736	176.69635080427557	156	0.04065343084410008	0.004638671875	0.0084228515625	0.0325927734375
snapshots/2026-07/ibm_fez/20260711T101723000000Z.json	20260711T101723000000Z	ibm_fez	2026-07-11T10:17:23+00:00	2026-07-11T10:17:23+00:00	156		134.48444129782612	103.46329894796258	0.022298177083333332	156	46.623789131455716	80.62869908630395	131.1335406528691	195.32265627180237	155	55.6957952381788	31.69978826511297	102.47607167125736	176.69635080427557	156	0.05178141196187941	0.0042724609375	0.008544921875	0.035400390625
snapshots/2026-07/ibm_fez/20260711T113618000000Z.json	20260711T113618000000Z	ibm_fez	2026-07-11T11:36:18+00:00	2026-07-11T11:36:18+00:00	156		135.5941049658202	106.26599897002133	0.022298177083333332	156	46.730329893124264	80.84027380728101	131.2656655289303	187.25186864401502	155	57.460639466178314	29.68164463381424	109.39796670424273	179.18809114059349	156	0.05178141196187941	0.0042724609375	0.008544921875	0.035400390625
snapshots/2026-07/ibm_fez/20260711T134425000000Z.json	20260711T134425000000Z	ibm_fez	2026-07-11T13:44:25+00:00	2026-07-11T13:44:25+00:00	156		135.5941049658202	106.26599897002133	0.022298177083333332	156	46.730329893124264	80.84027380728101	131.2656655289303	187.25186864401502	155	57.460639466178314	29.68164463381424	109.39796670424273	179.18809114059349	156	0.05178141196187941	0.0042724609375	0.008544921875	0.035400390625
snapshots/2026-07/ibm_fez/20260711T145215000000Z.json	20260711T145215000000Z	ibm_fez	2026-07-11T14:52:15+00:00	2026-07-11T14:52:15+00:00	156		135.5941049658202	106.26599897002133	0.022298177083333332	156	46.730329893124264	80.84027380728101	131.2656655289303	187.25186864401502	155	57.460639466178314	29.68164463381424	109.39796670424273	179.18809114059349	156	0.05178141196187941	0.0042724609375	0.008544921875	0.035400390625
snapshots/2026-07/ibm_fez/20260711T155249000000Z.json	20260711T155249000000Z	ibm_fez	2026-07-11T15:52:49+00:00	2026-07-11T15:52:49+00:00	156		135.5941049658202	106.26599897002133	0.022298177083333332	156	46.730329893124264	80.84027380728101	131.2656655289303	187.25186864401502	155	57.460639466178314	29.68164463381424	109.39796670424273	179.18809114059349	156	0.05178141196187941	0.0042724609375	0.008544921875	0.035400390625
snapshots/2026-07/ibm_fez/20260711T171608000000Z.json	20260711T171608000000Z	ibm_fez	2026-07-11T17:16:08+00:00	2026-07-11T17:16:08+00:00	156		135.5941049658202	106.26599897002133	0.022298177083333332	156	46.730329893124264	80.84027380728101	131.2656655289303	187.25186864401502	155	57.460639466178314	29.68164463381424	109.39796670424273	179.18809114059349	156	0.05178141196187941	0.0042724609375	0.008544921875	0.035400390625
snapshots/2026-07/ibm_fez/20260711T172727000000Z.json	20260711T172727000000Z	ibm_fez	2026-07-11T17:27:27+00:00	2026-07-11T17:27:27+00:00	156		135.5941049658202	106.26599897002133	0.022298177083333332	156	46.730329893124264	80.84027380728101	131.2656655289303	187.25186864401502	155	57.460639466178314	29.68164463381424	109.39796670424273	179.18809114059349	156	0.05178141196187941	0.0042724609375	0.008544921875	0.035400390625
snapshots/2026-07/ibm_fez/20260711T183922000000Z.json	20260711T183922000000Z	ibm_fez	2026-07-11T18:39:22+00:00	2026-07-11T18:39:22+00:00	156		135.5941049658202	106.26599897002133	0.019822340745192308	156	46.730329893124264	80.84027380728101	131.2656655289303	187.25186864401502	155	57.460639466178314	29.68164463381424	109.39796670424273	179.18809114059349	156	0.04980638506981769	0.0047607421875	0.00885009765625	0.03167724609375
snapshots/2026-07/ibm_fez/20260711T203913000000Z.json	20260711T203913000000Z	ibm_fez	2026-07-11T20:39:13+00:00	2026-07-11T20:39:13+00:00	156		135.5941049658202	106.26599897002133	0.019822340745192308	156	46.730329893124264	80.84027380728101	131.2656655289303	187.25186864401502	155	57.460639466178314	29.68164463381424	109.39796670424273	179.18809114059349	156	0.04980638506981769	0.0047607421875	0.00885009765625	0.03167724609375
snapshots/2026-07/ibm_fez/20260711T215046000000Z.json	20260711T215046000000Z	ibm_fez	2026-07-11T21:50:46+00:00	2026-07-11T21:50:46+00:00	156		135.5941049658202	106.26599897002133	0.019822340745192308	156	46.730329893124264	80.84027380728101	131.2656655289303	187.25186864401502	155	57.460639466178314	29.68164463381424	109.39796670424273	179.18809114059349	156	0.04980638506981769	0.0047607421875	0.00885009765625	0.03167724609375
snapshots/2026-07/ibm_fez/20260711T230700000000Z.json	20260711T230700000000Z	ibm_fez	2026-07-11T23:07:00+00:00	2026-07-11T23:07:00+00:00	156		135.5941049658202	106.26599897002133	0.021262144431089744	156	46.730329893124264	80.84027380728101	131.2656655289303	187.25186864401502	155	57.460639466178314	29.68164463381424	109.39796670424273	179.18809114059349	156	0.05022083415010753	0.00469970703125	0.00885009765625	0.0355224609375
snapshots/2026-07/ibm_fez/20260712T004600000000Z.json	20260712T004600000000Z	ibm_fez	2026-07-12T00:46:00+00:00	2026-07-12T00:46:00+00:00	156		135.5941049658202	106.26599897002133	0.021262144431089744	156	46.730329893124264	80.84027380728101	131.2656655289303	187.25186864401502	155	57.460639466178314	29.68164463381424	109.39796670424273	179.18809114059349	156	0.05022083415010753	0.00469970703125	0.00885009765625	0.0355224609375
snapshots/2026-07/ibm_fez/20260712T034146000000Z.json	20260712T034146000000Z	ibm_fez	2026-07-12T03:41:46+00:00	2026-07-12T03:41:46+00:00	156		135.5941049658202	106.26599897002133	0.020600930238381412	156	46.730329893124264	80.84027380728101	131.2656655289303	187.25186864401502	155	57.460639466178314	29.68164463381424	109.39796670424273	179.18809114059349	156	0.036483397126337566	0.00494384765625	0.00927734375	0.04449462890625
snapshots/2026-07/ibm_fez/20260712T065610000000Z.json	20260712T065610000000Z	ibm_fez	2026-07-12T06:56:10+00:00	2026-07-12T06:56:10+00:00	156		135.5941049658202	106.26599897002133	0.020463209885817308	156	46.730329893124264	80.84027380728101	131.2656655289303	187.25186864401502	155	57.460639466178314	29.68164463381424	109.39796670424273	179.18809114059349	156	0.04521517264579553	0.00445556640625	0.00885009765625	0.03778076171875
snapshots/2026-07/ibm_fez/20260712T093912000000Z.json	20260712T093912000000Z	ibm_fez	2026-07-12T09:39:12+00:00	2026-07-12T09:39:12+00:00	156		135.5941049658202	106.26599897002133	0.022941393729967948	156	46.730329893124264	80.84027380728101	131.2656655289303	187.25186864401502	155	57.460639466178314	29.68164463381424	109.39796670424273	179.18809114059349	156	0.053496283548676436	0.004150390625	0.0087890625	0.0399169921875
snapshots/2026-07/ibm_fez/20260712T112119000000Z.json	20260712T112119000000Z	ibm_fez	2026-07-12T11:21:19+00:00	2026-07-12T11:21:19+00:00	156		135.5941049658202	106.26599897002133	0.021038348858173076	156	46.730329893124264	80.84027380728101	131.2656655289303	187.25186864401502	155	57.460639466178314	29.68164463381424	109.39796670424273	179.18809114059349	156	0.04237151956836168	0.004638671875	0.0086669921875	0.0361328125
snapshots/2026-07/ibm_fez/20260712T134103000000Z.json	20260712T134103000000Z	ibm_fez	2026-07-12T13:41:03+00:00	2026-07-12T13:41:03+00:00	156		137.81800328872401	102.8380329797347	0.021038348858173076	156	47.379463881631345	83.37610094309991	135.63425002650015	198.35789540793644	155	56.84306705183534	32.44432632993067	103.90662851828912	173.52824362865022	156	0.04237151956836168	0.004638671875	0.0086669921875	0.0361328125
snapshots/2026-07/ibm_fez/20260712T144239000000Z.json	20260712T144239000000Z	ibm_fez	2026-07-12T14:42:39+00:00	2026-07-12T14:42:39+00:00	156		137.81800328872401	102.8380329797347	0.021038348858173076	156	47.379463881631345	83.37610094309991	135.63425002650015	198.35789540793644	155	56.84306705183534	32.44432632993067	103.90662851828912	173.52824362865022	156	0.04237151956836168	0.004638671875	0.0086669921875	0.0361328125
snapshots/2026-07/ibm_fez/20260712T161639000000Z.json	20260712T161639000000Z	ibm_fez	2026-07-12T16:16:39+00:00	2026-07-12T16:16:39+00:00	156		137.81800328872401	102.8380329797347	0.021038348858173076	156	47.379463881631345	83.37610094309991	135.63425002650015	198.35789540793644	155	56.84306705183534	32.44432632993067	103.90662851828912	173.52824362865022	156	0.04237151956836168	0.004638671875	0.0086669921875	0.0361328125
snapshots/2026-07/ibm_fez/20260712T173648000000Z.json	20260712T173648000000Z	ibm_fez	2026-07-12T17:36:48+00:00	2026-07-12T17:36:48+00:00	156		137.81800328872401	102.8380329797347	0.020793425731169872	156	47.379463881631345	83.37610094309991	135.63425002650015	198.35789540793644	155	56.84306705183534	32.44432632993067	103.90662851828912	173.52824362865022	156	0.04511251671100521	0.004638671875	0.00860595703125	0.03900146484375
snapshots/2026-07/ibm_fez/20260712T185607000000Z.json	20260712T185607000000Z	ibm_fez	2026-07-12T18:56:07+00:00	2026-07-12T18:56:07+00:00	156		137.81800328872401	102.8380329797347	0.020793425731169872	156	47.379463881631345	83.37610094309991	135.63425002650015	198.35789540793644	155	56.84306705183534	32.44432632993067	103.90662851828912	173.52824362865022	156	0.04511251671100521	0.004638671875	0.00860595703125	0.03900146484375
snapshots/2026-07/ibm_fez/20260712T203829000000Z.json	20260712T203829000000Z	ibm_fez	2026-07-12T20:38:29+00:00	2026-07-12T20:38:29+00:00	156		137.81800328872401	102.8380329797347	0.020793425731169872	156	47.379463881631345	83.37610094309991	135.63425002650015	198.35789540793644	155	56.84306705183534	32.44432632993067	103.90662851828912	173.52824362865022	156	0.04511251671100521	0.004638671875	0.00860595703125	0.03900146484375
snapshots/2026-07/ibm_fez/20260712T220551000000Z.json	20260712T220551000000Z	ibm_fez	2026-07-12T22:05:51+00:00	2026-07-12T22:05:51+00:00	156		137.81800328872401	102.8380329797347	0.020793425731169872	156	47.379463881631345	83.37610094309991	135.63425002650015	198.35789540793644	155	56.84306705183534	32.44432632993067	103.90662851828912	173.52824362865022	156	0.04511251671100521	0.004638671875	0.00860595703125	0.03900146484375
snapshots/2026-07/ibm_fez/20260712T224648000000Z.json	20260712T224648000000Z	ibm_fez	2026-07-12T22:46:48+00:00	2026-07-12T22:46:48+00:00	156		137.81800328872401	102.8380329797347	0.022082989032451924	156	47.379463881631345	83.37610094309991	135.63425002650015	198.35789540793644	155	56.84306705183534	32.44432632993067	103.90662851828912	173.52824362865022	156	0.05110516435775906	0.0052490234375	0.0093994140625	0.03924560546875
snapshots/2026-07/ibm_fez/20260713T002117000000Z.json	20260713T002117000000Z	ibm_fez	2026-07-13T00:21:17+00:00	2026-07-13T00:21:17+00:00	156		137.81800328872401	102.8380329797347	0.022082989032451924	156	47.379463881631345	83.37610094309991	135.63425002650015	198.35789540793644	155	56.84306705183534	32.44432632993067	103.90662851828912	173.52824362865022	156	0.05110516435775906	0.0052490234375	0.0093994140625	0.03924560546875
snapshots/2026-07/ibm_fez/20260713T024245000000Z.json	20260713T024245000000Z	ibm_fez	2026-07-13T02:42:45+00:00	2026-07-13T02:42:45+00:00	156		137.81800328872401	102.8380329797347	0.022082989032451924	156	47.379463881631345	83.37610094309991	135.63425002650015	198.35789540793644	155	56.84306705183534	32.44432632993067	103.90662851828912	173.52824362865022	156	0.05110516435775906	0.0052490234375	0.0093994140625	0.03924560546875
snapshots/2026-07/ibm_fez/20260713T073209000000Z.json	20260713T073209000000Z	ibm_fez	2026-07-13T07:32:09+00:00	2026-07-13T07:32:09+00:00	156		137.81800328872401	102.8380329797347	0.019542987530048076	156	47.379463881631345	83.37610094309991	135.63425002650015	198.35789540793644	155	56.84306705183534	32.44432632993067	103.90662851828912	173.52824362865022	156	0.04258099507933673	0.0045166015625	0.008544921875	0.0347900390625
snapshots/2026-07/ibm_fez/20260713T111240000000Z.json	20260713T111240000000Z	ibm_fez	2026-07-13T11:12:40+00:00	2026-07-13T11:12:40+00:00	156		137.81800328872401	102.8380329797347	0.02167687049278846	156	47.379463881631345	83.37610094309991	135.63425002650015	198.35789540793644	155	56.84306705183534	32.44432632993067	103.90662851828912	173.52824362865022	156	0.048706981458644466	0.00469970703125	0.009521484375	0.03814697265625
snapshots/2026-07/ibm_fez/20260713T135208000000Z.json	20260713T135208000000Z	ibm_fez	2026-07-13T13:52:08+00:00	2026-07-13T13:52:08+00:00	156		148.11380640920393	109.53727868630554	0.02167687049278846	156	43.927047656333976	97.32197631188126	148.4904300961544	202.99826540058024	155	58.332804835143556	33.597893051093315	114.28489743821655	186.08757429338843	156	0.048706981458644466	0.00469970703125	0.009521484375	0.03814697265625
snapshots/2026-07/ibm_fez/20260713T171937000000Z.json	20260713T171937000000Z	ibm_fez	2026-07-13T17:19:37+00:00	2026-07-13T17:19:37+00:00	156		148.11380640920393	109.53727868630554	0.02167687049278846	156	43.927047656333976	97.32197631188126	148.4904300961544	202.99826540058024	155	58.332804835143556	33.597893051093315	114.28489743821655	186.08757429338843	156	0.048706981458644466	0.00469970703125	0.009521484375	0.03814697265625
snapshots/2026-07/ibm_fez/20260713T182836000000Z.json	20260713T182836000000Z	ibm_fez	2026-07-13T18:28:36+00:00	2026-07-13T18:28:36+00:00	156		148.11380640920393	109.53727868630554	0.02167687049278846	156	43.927047656333976	97.32197631188126	148.4904300961544	202.99826540058024	155	58.332804835143556	33.597893051093315	114.28489743821655	186.08757429338843	156	0.048706981458644466	0.00469970703125	0.009521484375	0.03814697265625
snapshots/2026-07/ibm_fez/20260713T194624000000Z.json	20260713T194624000000Z	ibm_fez	2026-07-13T19:46:24+00:00	2026-07-13T19:46:24+00:00	156		148.11380640920393	109.53727868630554	0.02167687049278846	156	43.927047656333976	97.32197631188126	148.4904300961544	202.99826540058024	155	58.332804835143556	33.597893051093315	114.28489743821655	186.08757429338843	156	0.048706981458644466	0.00469970703125	0.009521484375	0.03814697265625
snapshots/2026-07/ibm_fez/20260713T215759000000Z.json	20260713T215759000000Z	ibm_fez	2026-07-13T21:57:59+00:00	2026-07-13T21:57:59+00:00	156		148.11380640920393	109.53727868630554	0.02237877478966346	156	43.927047656333976	97.32197631188126	148.4904300961544	202.99826540058024	155	58.332804835143556	33.597893051093315	114.28489743821655	186.08757429338843	156	0.051658216300257305	0.0048828125	0.00946044921875	0.042236328125
snapshots/2026-07/ibm_fez/20260713T224451000000Z.json	20260713T224451000000Z	ibm_fez	2026-07-13T22:44:51+00:00	2026-07-13T22:44:51+00:00	156		148.11380640920393	109.53727868630554	0.02237877478966346	156	43.927047656333976	97.32197631188126	148.4904300961544	202.99826540058024	155	58.332804835143556	33.597893051093315	114.28489743821655	186.08757429338843	156	0.051658216300257305	0.0048828125	0.00946044921875	0.042236328125
snapshots/2026-07/ibm_fez/20260714T002454000000Z.json	20260714T002454000000Z	ibm_fez	2026-07-14T00:24:54+00:00	2026-07-14T00:24:54+00:00	156		148.11380640920393	109.53727868630554	0.02237877478966346	156	43.927047656333976	97.32197631188126	148.4904300961544	202.99826540058024	155	58.332804835143556	33.597893051093315	114.28489743821655	186.08757429338843	156	0.051658216300257305	0.0048828125	0.00946044921875	0.042236328125
snapshots/2026-07/ibm_fez/20260714T024822000000Z.json	20260714T024822000000Z	ibm_fez	2026-07-14T02:48:22+00:00	2026-07-14T02:48:22+00:00	156		148.11380640920393	109.53727868630554	0.02145072741386218	156	43.927047656333976	97.32197631188126	148.4904300961544	202.99826540058024	155	58.332804835143556	33.597893051093315	114.28489743821655	186.08757429338843	156	0.04177355059136943	0.004638671875	0.0089111328125	0.04058837890625
snapshots/2026-07/ibm_fez/20260714T054015000000Z.json	20260714T054015000000Z	ibm_fez	2026-07-14T05:40:15+00:00	2026-07-14T05:40:15+00:00	156		148.11380640920393	109.53727868630554	0.02145072741386218	156	43.927047656333976	97.32197631188126	148.4904300961544	202.99826540058024	155	58.332804835143556	33.597893051093315	114.28489743821655	186.08757429338843	156	0.04177355059136943	0.004638671875	0.0089111328125	0.04058837890625
snapshots/2026-07/ibm_fez/20260714T082939000000Z.json	20260714T082939000000Z	ibm_fez	2026-07-14T08:29:39+00:00	2026-07-14T08:29:39+00:00	156		148.11380640920393	109.53727868630554	0.020521115034054488	156	43.927047656333976	97.32197631188126	148.4904300961544	202.99826540058024	155	58.332804835143556	33.597893051093315	114.28489743821655	186.08757429338843	156	0.047650942562297544	0.00469970703125	0.00958251953125	0.03515625
snapshots/2026-07/ibm_fez/20260714T105002000000Z.json	20260714T105002000000Z	ibm_fez	2026-07-14T10:50:02+00:00	2026-07-14T10:50:02+00:00	156		148.11380640920393	109.53727868630554	0.021733210637019232	156	43.927047656333976	97.32197631188126	148.4904300961544	202.99826540058024	155	58.332804835143556	33.597893051093315	114.28489743821655	186.08757429338843	156	0.051770162723008335	0.004638671875	0.009033203125	0.03369140625
snapshots/2026-07/ibm_fez/20260714T123619000000Z.json	20260714T123619000000Z	ibm_fez	2026-07-14T12:36:19+00:00	2026-07-14T12:36:19+00:00	156		148.11380640920393	109.53727868630554	0.021413167317708332	156	43.927047656333976	97.32197631188126	148.4904300961544	202.99826540058024	155	58.332804835143556	33.597893051093315	114.28489743821655	186.08757429338843	156	0.05007903589314788	0.00457763671875	0.0089111328125	0.03802490234375
snapshots/2026-07/ibm_fez/20260714T130114000000Z.json	20260714T130114000000Z	ibm_fez	2026-07-14T13:01:14+00:00	2026-07-14T13:01:14+00:00	156		148.11380640920393	109.53727868630554	0.021413167317708332	156	43.927047656333976	97.32197631188126	148.4904300961544	202.99826540058024	155	58.332804835143556	33.597893051093315	114.28489743821655	186.08757429338843	156	0.05007903589314788	0.00457763671875	0.0089111328125	0.03802490234375
snapshots/2026-07/ibm_fez/20260714T194636000000Z.json	20260714T194636000000Z	ibm_fez	2026-07-14T19:46:36+00:00	2026-07-14T19:46:36+00:00	156		148.11380640920393	109.53727868630554	0.024646465594951924	156	43.927047656333976	97.32197631188126	148.4904300961544	202.99826540058024	155	58.332804835143556	33.597893051093315	114.28489743821655	186.08757429338843	156	0.04693958136245966	0.00494384765625	0.01116943359375	0.04827880859375
snapshots/2026-07/ibm_fez/20260714T220815000000Z.json	20260714T220815000000Z	ibm_fez	2026-07-14T22:08:15+00:00	2026-07-14T22:08:15+00:00	156		133.33666433372986	98.9504553711405	0.019681490384615384	156	42.90985879515628	80.17756572672687	135.46551001833186	187.46170043005247	155	53.246625017977074	29.222139805976564	97.6212394206937	170.74557446071313	156	0.03737960337764365	0.00439453125	0.0087890625	0.0394287109375
snapshots/2026-07/ibm_fez/20260714T223919000000Z.json	20260714T223919000000Z	ibm_fez	2026-07-14T22:39:19+00:00	2026-07-14T22:39:19+00:00	156		133.33666433372986	98.9504553711405	0.019681490384615384	156	42.90985879515628	80.17756572672687	135.46551001833186	187.46170043005247	155	53.246625017977074	29.222139805976564	97.6212394206937	170.74557446071313	156	0.03737960337764365	0.00439453125	0.0087890625	0.0394287109375
snapshots/2026-07/ibm_fez/20260714T233914000000Z.json	20260714T233914000000Z	ibm_fez	2026-07-14T23:39:14+00:00	2026-07-14T23:39:14+00:00	156		133.33666433372986	98.9504553711405	0.019681490384615384	156	42.90985879515628	80.17756572672687	135.46551001833186	187.46170043005247	155	53.246625017977074	29.222139805976564	97.6212394206937	170.74557446071313	156	0.03737960337764365	0.00439453125	0.0087890625	0.0394287109375
snapshots/2026-07/ibm_fez/20260715T031854000000Z.json	20260715T031854000000Z	ibm_fez	2026-07-15T03:18:54+00:00	2026-07-15T03:18:54+00:00	156		133.33666433372986	98.9504553711405	0.020211244240785256	156	42.90985879515628	80.17756572672687	135.46551001833186	187.46170043005247	155	53.246625017977074	29.222139805976564	97.6212394206937	170.74557446071313	156	0.03814162131613176	0.0045166015625	0.00921630859375	0.04425048828125
snapshots/2026-07/ibm_fez/20260715T054954000000Z.json	20260715T054954000000Z	ibm_fez	2026-07-15T05:49:54+00:00	2026-07-15T05:49:54+00:00	156		133.33666433372986	98.9504553711405	0.020211244240785256	156	42.90985879515628	80.17756572672687	135.46551001833186	187.46170043005247	155	53.246625017977074	29.222139805976564	97.6212394206937	170.74557446071313	156	0.03814162131613176	0.0045166015625	0.00921630859375	0.04425048828125
snapshots/2026-07/ibm_fez/20260715T090537000000Z.json	20260715T090537000000Z	ibm_fez	2026-07-15T09:05:37+00:00	2026-07-15T09:05:37+00:00	156		133.33666433372986	98.9504553711405	0.020211244240785256	156	42.90985879515628	80.17756572672687	135.46551001833186	187.46170043005247	155	53.246625017977074	29.222139805976564	97.6212394206937	170.74557446071313	156	0.03814162131613176	0.0045166015625	0.00921630859375	0.04425048828125
snapshots/2026-07/ibm_fez/20260715T104617000000Z.json	20260715T104617000000Z	ibm_fez	2026-07-15T10:46:17+00:00	2026-07-15T10:46:17+00:00	156		133.33666433372986	98.9504553711405	0.017166528946314104	156	42.90985879515628	80.17756572672687	135.46551001833186	187.46170043005247	155	53.246625017977074	29.222139805976564	97.6212394206937	170.74557446071313	156	0.02932654477875709	0.0042724609375	0.00860595703125	0.03564453125
snapshots/2026-07/ibm_fez/20260715T112646000000Z.json	20260715T112646000000Z	ibm_fez	2026-07-15T11:26:46+00:00	2026-07-15T11:26:46+00:00	156		133.33666433372986	98.9504553711405	0.017166528946314104	156	42.90985879515628	80.17756572672687	135.46551001833186	187.46170043005247	155	53.246625017977074	29.222139805976564	97.6212394206937	170.74557446071313	156	0.02932654477875709	0.0042724609375	0.00860595703125	0.03564453125
snapshots/2026-07/ibm_fez/20260715T125406000000Z.json	20260715T125406000000Z	ibm_fez	2026-07-15T12:54:06+00:00	2026-07-15T12:54:06+00:00	156		133.33666433372986	98.9504553711405	0.017166528946314104	156	42.90985879515628	80.17756572672687	135.46551001833186	187.46170043005247	155	53.246625017977074	29.222139805976564	97.6212394206937	170.74557446071313	156	0.02932654477875709	0.0042724609375	0.00860595703125	0.03564453125
snapshots/2026-07/ibm_fez/20260715T201253000000Z.json	20260715T201253000000Z	ibm_fez	2026-07-15T20:12:53+00:00	2026-07-15T20:12:53+00:00	156		133.33666433372986	98.9504553711405	0.017166528946314104	156	42.90985879515628	80.17756572672687	135.46551001833186	187.46170043005247	155	53.246625017977074	29.222139805976564	97.6212394206937	170.74557446071313	156	0.02932654477875709	0.0042724609375	0.00860595703125	0.03564453125
snapshots/2026-07/ibm_fez/20260715T203113000000Z.json	20260715T203113000000Z	ibm_fez	2026-07-15T20:31:13+00:00	2026-07-15T20:31:13+00:00	156		133.33666433372986	98.9504553711405	0.017166528946314104	156	42.90985879515628	80.17756572672687	135.46551001833186	187.46170043005247	155	53.246625017977074	29.222139805976564	97.6212394206937	170.74557446071313	156	0.02932654477875709	0.0042724609375	0.00860595703125	0.03564453125
snapshots/2026-07/ibm_fez/20260715T213949000000Z.json	20260715T213949000000Z	ibm_fez	2026-07-15T21:39:49+00:00	2026-07-15T21:39:49+00:00	156		133.33666433372986	98.9504553711405	0.017291729266826924	156	42.90985879515628	80.17756572672687	135.46551001833186	187.46170043005247	155	53.246625017977074	29.222139805976564	97.6212394206937	170.74557446071313	156	0.03189966606390954	0.0047607421875	0.00872802734375	0.03350830078125
snapshots/2026-07/ibm_fez/20260715T231232000000Z.json	20260715T231232000000Z	ibm_fez	2026-07-15T23:12:32+00:00	2026-07-15T23:12:32+00:00	156		138.5521674254755	101.02710020888264	0.016844138120993588	156	53.46562916471363	81.99713893536648	133.48648492119978	196.32573462289557	155	56.68836666140724	31.50349696731801	100.56852379570145	176.41400210947285	156	0.030409119225133324	0.00439453125	0.008544921875	0.0345458984375
snapshots/2026-07/ibm_fez/20260716T001841000000Z.json	20260716T001841000000Z	ibm_fez	2026-07-16T00:18:41+00:00	2026-07-16T00:18:41+00:00	156		138.5521674254755	101.02710020888264	0.016844138120993588	156	53.46562916471363	81.99713893536648	133.48648492119978	196.32573462289557	155	56.68836666140724	31.50349696731801	100.56852379570145	176.41400210947285	156	0.030409119225133324	0.00439453125	0.008544921875	0.0345458984375
snapshots/2026-07/ibm_fez/20260716T030013000000Z.json	20260716T030013000000Z	ibm_fez	2026-07-16T03:00:13+00:00	2026-07-16T03:00:13+00:00	156		138.5521674254755	101.02710020888264	0.016844138120993588	156	53.46562916471363	81.99713893536648	133.48648492119978	196.32573462289557	155	56.68836666140724	31.50349696731801	100.56852379570145	176.41400210947285	156	0.030409119225133324	0.00439453125	0.008544921875	0.0345458984375
snapshots/2026-07/ibm_fez/20260717T183327000000Z.json	20260717T183327000000Z	ibm_fez	2026-07-17T18:33:27+00:00	2026-07-17T18:33:27+00:00	156		112.75098314412658	89.76873364355403	0.016892653245192308	156	42.652640362492555	57.76192247542933	113.2365275350015	165.12269955582548	155	51.70673027031844	25.855856901269966	85.80330380703322	159.32369390640065	156	0.03530776884192079	0.004150390625	0.0091552734375	0.0308837890625
snapshots/2026-07/ibm_fez/20260717T204707000000Z.json	20260717T204707000000Z	ibm_fez	2026-07-17T20:47:07+00:00	2026-07-17T20:47:07+00:00	156		112.75098314412658	89.76873364355403	0.017855130709134616	156	42.652640362492555	57.76192247542933	113.2365275350015	165.12269955582548	155	51.70673027031844	25.855856901269966	85.80330380703322	159.32369390640065	156	0.03343953681079027	0.00439453125	0.0084228515625	0.0379638671875
snapshots/2026-07/ibm_fez/20260717T213036000000Z.json	20260717T213036000000Z	ibm_fez	2026-07-17T21:30:36+00:00	2026-07-17T21:30:36+00:00	156		112.75098314412658	89.76873364355403	0.017855130709134616	156	42.652640362492555	57.76192247542933	113.2365275350015	165.12269955582548	155	51.70673027031844	25.855856901269966	85.80330380703322	159.32369390640065	156	0.03343953681079027	0.00439453125	0.0084228515625	0.0379638671875
snapshots/2026-07/ibm_fez/20260717T225040000000Z.json	20260717T225040000000Z	ibm_fez	2026-07-17T22:50:40+00:00	2026-07-17T22:50:40+00:00	156		112.75098314412658	89.76873364355403	0.017855130709134616	156	42.652640362492555	57.76192247542933	113.2365275350015	165.12269955582548	155	51.70673027031844	25.855856901269966	85.80330380703322	159.32369390640065	156	0.03343953681079027	0.00439453125	0.0084228515625	0.0379638671875
snapshots/2026-07/ibm_fez/20260718T000900000000Z.json	20260718T000900000000Z	ibm_fez	2026-07-18T00:09:00+00:00	2026-07-18T00:09:00+00:00	156		112.75098314412658	89.76873364355403	0.017855130709134616	156	42.652640362492555	57.76192247542933	113.2365275350015	165.12269955582548	155	51.70673027031844	25.855856901269966	85.80330380703322	159.32369390640065	156	0.03343953681079027	0.00439453125	0.0084228515625	0.0379638671875
snapshots/2026-07/ibm_fez/20260718T030602000000Z.json	20260718T030602000000Z	ibm_fez	2026-07-18T03:06:02+00:00	2026-07-18T03:06:02+00:00	156		112.75098314412658	89.76873364355403	0.018064058743990384	156	42.652640362492555	57.76192247542933	113.2365275350015	165.12269955582548	155	51.70673027031844	25.855856901269966	85.80330380703322	159.32369390640065	156	0.03177102788041025	0.004150390625	0.00909423828125	0.0330810546875
snapshots/2026-07/ibm_fez/20260718T055619000000Z.json	20260718T055619000000Z	ibm_fez	2026-07-18T05:56:19+00:00	2026-07-18T05:56:19+00:00	156		112.75098314412658	89.76873364355403	0.019463172325721152	156	42.652640362492555	57.76192247542933	113.2365275350015	165.12269955582548	155	51.70673027031844	25.855856901269966	85.80330380703322	159.32369390640065	156	0.035268878637081814	0.00439453125	0.00872802734375	0.038818359375
snapshots/2026-07/ibm_fez/20260718T080957000000Z.json	20260718T080957000000Z	ibm_fez	2026-07-18T08:09:57+00:00	2026-07-18T08:09:57+00:00	156		112.75098314412658	89.76873364355403	0.021366999699519232	156	42.652640362492555	57.76192247542933	113.2365275350015	165.12269955582548	155	51.70673027031844	25.855856901269966	85.80330380703322	159.32369390640065	156	0.05263600878937278	0.004638671875	0.0084228515625	0.0357666015625
snapshots/2026-07/ibm_fez/20260718T113320000000Z.json	20260718T113320000000Z	ibm_fez	2026-07-18T11:33:20+00:00	2026-07-18T11:33:20+00:00	156		112.75098314412658	89.76873364355403	0.021366999699519232	156	42.652640362492555	57.76192247542933	113.2365275350015	165.12269955582548	155	51.70673027031844	25.855856901269966	85.80330380703322	159.32369390640065	156	0.05263600878937278	0.004638671875	0.0084228515625	0.0357666015625
snapshots/2026-07/ibm_fez/20260718T150922000000Z.json	20260718T150922000000Z	ibm_fez	2026-07-18T15:09:22+00:00	2026-07-18T15:09:22+00:00	156		112.75098314412658	89.76873364355403	0.021366999699519232	156	42.652640362492555	57.76192247542933	113.2365275350015	165.12269955582548	155	51.70673027031844	25.855856901269966	85.80330380703322	159.32369390640065	156	0.05263600878937278	0.004638671875	0.0084228515625	0.0357666015625
snapshots/2026-07/ibm_fez/20260718T190422000000Z.json	20260718T190422000000Z	ibm_fez	2026-07-18T19:04:22+00:00	2026-07-18T19:04:22+00:00	156		122.87198282720452	93.57698837441386	0.019191644130608976	156	46.28942149554252	69.18826410524633	117.6317661137293	184.35687524422184	155	50.64194096806674	28.48022287007726	92.16492105459344	162.4646994563309	156	0.03828060683229797	0.004638671875	0.0087890625	0.0361328125
snapshots/2026-07/ibm_fez/20260718T194331000000Z.json	20260718T194331000000Z	ibm_fez	2026-07-18T19:43:31+00:00	2026-07-18T19:43:31+00:00	156		122.87198282720452	93.57698837441386	0.019191644130608976	156	46.28942149554252	69.18826410524633	117.6317661137293	184.35687524422184	155	50.64194096806674	28.48022287007726	92.16492105459344	162.4646994563309	156	0.03828060683229797	0.004638671875	0.0087890625	0.0361328125
snapshots/2026-07/ibm_fez/20260718T214554000000Z.json	20260718T214554000000Z	ibm_fez	2026-07-18T21:45:54+00:00	2026-07-18T21:45:54+00:00	156		122.87198282720452	93.57698837441386	0.019191644130608976	156	46.28942149554252	69.18826410524633	117.6317661137293	184.35687524422184	155	50.64194096806674	28.48022287007726	92.16492105459344	162.4646994563309	156	0.03828060683229797	0.004638671875	0.0087890625	0.0361328125
snapshots/2026-07/ibm_fez/20260718T225955000000Z.json	20260718T225955000000Z	ibm_fez	2026-07-18T22:59:55+00:00	2026-07-18T22:59:55+00:00	156		122.87198282720452	93.57698837441386	0.019651755308493588	156	46.28942149554252	69.18826410524633	117.6317661137293	184.35687524422184	155	50.64194096806674	28.48022287007726	92.16492105459344	162.4646994563309	156	0.03820984577299861	0.0047607421875	0.00897216796875	0.03729248046875
snapshots/2026-07/ibm_fez/20260719T004545000000Z.json	20260719T004545000000Z	ibm_fez	2026-07-19T00:45:45+00:00	2026-07-19T00:45:45+00:00	156		122.87198282720452	93.57698837441386	0.019651755308493588	156	46.28942149554252	69.18826410524633	117.6317661137293	184.35687524422184	155	50.64194096806674	28.48022287007726	92.16492105459344	162.4646994563309	156	0.03820984577299861	0.0047607421875	0.00897216796875	0.03729248046875
snapshots/2026-07/ibm_fez/20260719T062608000000Z.json	20260719T062608000000Z	ibm_fez	2026-07-19T06:26:08+00:00	2026-07-19T06:26:08+00:00	156		122.87198282720452	93.57698837441386	0.019520294971955128	156	46.28942149554252	69.18826410524633	117.6317661137293	184.35687524422184	155	50.64194096806674	28.48022287007726	92.16492105459344	162.4646994563309	156	0.033431819666155604	0.004638671875	0.0091552734375	0.03875732421875
snapshots/2026-07/ibm_fez/20260719T092604000000Z.json	20260719T092604000000Z	ibm_fez	2026-07-19T09:26:04+00:00	2026-07-19T09:26:04+00:00	156		122.87198282720452	93.57698837441386	0.017852000701121796	156	46.28942149554252	69.18826410524633	117.6317661137293	184.35687524422184	155	50.64194096806674	28.48022287007726	92.16492105459344	162.4646994563309	156	0.03004930990322493	0.00457763671875	0.00823974609375	0.0389404296875
snapshots/2026-07/ibm_fez/20260719T105003000000Z.json	20260719T105003000000Z	ibm_fez	2026-07-19T10:50:03+00:00	2026-07-19T10:50:03+00:00	156		122.87198282720452	93.57698837441386	0.017821483122996796	156	46.28942149554252	69.18826410524633	117.6317661137293	184.35687524422184	155	50.64194096806674	28.48022287007726	92.16492105459344	162.4646994563309	156	0.030652092961776914	0.0045166015625	0.008544921875	0.03277587890625
snapshots/2026-07/ibm_fez/20260719T134111000000Z.json	20260719T134111000000Z	ibm_fez	2026-07-19T13:41:11+00:00	2026-07-19T13:41:11+00:00	156		122.87198282720452	93.57698837441386	0.017817570612980768	156	46.28942149554252	69.18826410524633	117.6317661137293	184.35687524422184	155	50.64194096806674	28.48022287007726	92.16492105459344	162.4646994563309	156	0.031143798287509086	0.0042724609375	0.0091552734375	0.037353515625
snapshots/2026-07/ibm_fez/20260719T135946000000Z.json	20260719T135946000000Z	ibm_fez	2026-07-19T13:59:46+00:00	2026-07-19T13:59:46+00:00	156		122.87198282720452	93.57698837441386	0.017817570612980768	156	46.28942149554252	69.18826410524633	117.6317661137293	184.35687524422184	155	50.64194096806674	28.48022287007726	92.16492105459344	162.4646994563309	156	0.031143798287509086	0.0042724609375	0.0091552734375	0.037353515625
snapshots/2026-07/ibm_fez/20260719T165702000000Z.json	20260719T165702000000Z	ibm_fez	2026-07-19T16:57:02+00:00	2026-07-19T16:57:02+00:00	156		122.87198282720452	93.57698837441386	0.017817570612980768	156	46.28942149554252	69.18826410524633	117.6317661137293	184.35687524422184	155	50.64194096806674	28.48022287007726	92.16492105459344	162.4646994563309	156	0.031143798287509086	0.0042724609375	0.0091552734375	0.037353515625
snapshots/2026-07/ibm_fez/20260719T173410000000Z.json	20260719T173410000000Z	ibm_fez	2026-07-19T17:34:10+00:00	2026-07-19T17:34:10+00:00	156		122.87198282720452	93.57698837441386	0.019760523086939104	156	46.28942149554252	69.18826410524633	117.6317661137293	184.35687524422184	155	50.64194096806674	28.48022287007726	92.16492105459344	162.4646994563309	156	0.04027397900159096	0.00469970703125	0.0084228515625	0.0360107421875
snapshots/2026-07/ibm_fez/20260719T184549000000Z.json	20260719T184549000000Z	ibm_fez	2026-07-19T18:45:49+00:00	2026-07-19T18:45:49+00:00	156		122.87198282720452	93.57698837441386	0.019760523086939104	156	46.28942149554252	69.18826410524633	117.6317661137293	184.35687524422184	155	50.64194096806674	28.48022287007726	92.16492105459344	162.4646994563309	156	0.04027397900159096	0.00469970703125	0.0084228515625	0.0360107421875
snapshots/2026-07/ibm_fez/20260719T211225000000Z.json	20260719T211225000000Z	ibm_fez	2026-07-19T21:12:25+00:00	2026-07-19T21:12:25+00:00	156		135.23672009319523	101.54658177471104	0.020869328425480768	156	44.755680465395834	77.64526459076035	131.04452426229568	186.18212443126566	155	54.90837978993332	30.123658436790436	109.14776613799687	170.26489600597154	156	0.04834454870634156	0.004150390625	0.0086669921875	0.0379638671875
snapshots/2026-07/ibm_fez/20260719T213644000000Z.json	20260719T213644000000Z	ibm_fez	2026-07-19T21:36:44+00:00	2026-07-19T21:36:44+00:00	156		135.23672009319523	101.54658177471104	0.020869328425480768	156	44.755680465395834	77.64526459076035	131.04452426229568	186.18212443126566	155	54.90837978993332	30.123658436790436	109.14776613799687	170.26489600597154	156	0.04834454870634156	0.004150390625	0.0086669921875	0.0379638671875
snapshots/2026-07/ibm_fez/20260720T003606000000Z.json	20260720T003606000000Z	ibm_fez	2026-07-20T00:36:06+00:00	2026-07-20T00:36:06+00:00	156		135.23672009319523	101.54658177471104	0.020909236027644232	156	44.755680465395834	77.64526459076035	131.04452426229568	186.18212443126566	155	54.90837978993332	30.123658436790436	109.14776613799687	170.26489600597154	156	0.04731353188852838	0.00457763671875	0.00927734375	0.034912109375
snapshots/2026-07/ibm_fez/20260720T032617000000Z.json	20260720T032617000000Z	ibm_fez	2026-07-20T03:26:17+00:00	2026-07-20T03:26:17+00:00	156		135.23672009319523	101.54658177471104	0.020909236027644232	156	44.755680465395834	77.64526459076035	131.04452426229568	186.18212443126566	155	54.90837978993332	30.123658436790436	109.14776613799687	170.26489600597154	156	0.04731353188852838	0.00457763671875	0.00927734375	0.034912109375
snapshots/2026-07/ibm_fez/20260720T075828000000Z.json	20260720T075828000000Z	ibm_fez	2026-07-20T07:58:28+00:00	2026-07-20T07:58:28+00:00	156		135.23672009319523	101.54658177471104	0.017949030949519232	156	44.755680465395834	77.64526459076035	131.04452426229568	186.18212443126566	155	54.90837978993332	30.123658436790436	109.14776613799687	170.26489600597154	156	0.03249108979395479	0.0042724609375	0.00823974609375	0.03753662109375
snapshots/2026-07/ibm_fez/20260720T084026000000Z.json	20260720T084026000000Z	ibm_fez	2026-07-20T08:40:26+00:00	2026-07-20T08:40:26+00:00	156		135.23672009319523	101.54658177471104	0.017949030949519232	156	44.755680465395834	77.64526459076035	131.04452426229568	186.18212443126566	155	54.90837978993332	30.123658436790436	109.14776613799687	170.26489600597154	156	0.03249108979395479	0.0042724609375	0.00823974609375	0.03753662109375
snapshots/2026-07/ibm_fez/20260720T130757000000Z.json	20260720T130757000000Z	ibm_fez	2026-07-20T13:07:57+00:00	2026-07-20T13:07:57+00:00	156		135.23672009319523	101.54658177471104	0.018624330178285256	156	44.755680465395834	77.64526459076035	131.04452426229568	186.18212443126566	155	54.90837978993332	30.123658436790436	109.14776613799687	170.26489600597154	156	0.03593515843840358	0.00433349609375	0.0089111328125	0.03509521484375
snapshots/2026-07/ibm_fez/20260720T132737000000Z.json	20260720T132737000000Z	ibm_fez	2026-07-20T13:27:37+00:00	2026-07-20T13:27:37+00:00	156		135.23672009319523	101.54658177471104	0.018624330178285256	156	44.755680465395834	77.64526459076035	131.04452426229568	186.18212443126566	155	54.90837978993332	30.123658436790436	109.14776613799687	170.26489600597154	156	0.03593515843840358	0.00433349609375	0.0089111328125	0.03509521484375
snapshots/2026-07/ibm_fez/20260720T154021000000Z.json	20260720T154021000000Z	ibm_fez	2026-07-20T15:40:21+00:00	2026-07-20T15:40:21+00:00	156		135.23672009319523	101.54658177471104	0.017698630308493588	156	44.755680465395834	77.64526459076035	131.04452426229568	186.18212443126566	155	54.90837978993332	30.123658436790436	109.14776613799687	170.26489600597154	156	0.028864675445867724	0.004638671875	0.00860595703125	0.03399658203125
snapshots/2026-07/ibm_fez/20260720T202603000000Z.json	20260720T202603000000Z	ibm_fez	2026-07-20T20:26:03+00:00	2026-07-20T20:26:03+00:00	156		127.38844011529137	97.63456280813979	0.018041366185897436	156	45.77560415588844	76.0927979066805	123.19757630220099	181.56908879240325	155	54.34581751217996	32.22155060101537	94.4751394465318	174.7181246310194	156	0.02967762521506794	0.0042724609375	0.0086669921875	0.0384521484375
snapshots/2026-07/ibm_fez/20260720T223132000000Z.json	20260720T223132000000Z	ibm_fez	2026-07-20T22:31:32+00:00	2026-07-20T22:31:32+00:00	156		127.38844011529137	97.63456280813979	0.018041366185897436	156	45.77560415588844	76.0927979066805	123.19757630220099	181.56908879240325	155	54.34581751217996	32.22155060101537	94.4751394465318	174.7181246310194	156	0.02967762521506794	0.0042724609375	0.0086669921875	0.0384521484375
snapshots/2026-07/ibm_fez/20260721T032954000000Z.json	20260721T032954000000Z	ibm_fez	2026-07-21T03:29:54+00:00	2026-07-21T03:29:54+00:00	156		127.38844011529137	97.63456280813979	0.020339574569310896	156	45.77560415588844	76.0927979066805	123.19757630220099	181.56908879240325	155	54.34581751217996	32.22155060101537	94.4751394465318	174.7181246310194	156	0.048435032377688376	0.00482177734375	0.00897216796875	0.03582763671875
snapshots/2026-07/ibm_fez/20260721T072941000000Z.json	20260721T072941000000Z	ibm_fez	2026-07-21T07:29:41+00:00	2026-07-21T07:29:41+00:00	156		127.38844011529137	97.63456280813979	0.017734625400641024	156	45.77560415588844	76.0927979066805	123.19757630220099	181.56908879240325	155	54.34581751217996	32.22155060101537	94.4751394465318	174.7181246310194	156	0.028065102195143892	0.004638671875	0.009033203125	0.03564453125
snapshots/2026-07/ibm_fez/20260721T091851000000Z.json	20260721T091851000000Z	ibm_fez	2026-07-21T09:18:51+00:00	2026-07-21T09:18:51+00:00	156		127.38844011529137	97.63456280813979	0.017310509314903848	156	45.77560415588844	76.0927979066805	123.19757630220099	181.56908879240325	155	54.34581751217996	32.22155060101537	94.4751394465318	174.7181246310194	156	0.028649822281219227	0.0042724609375	0.0087890625	0.03424072265625
snapshots/2026-07/ibm_fez/20260721T142623000000Z.json	20260721T142623000000Z	ibm_fez	2026-07-21T14:26:23+00:00	2026-07-21T14:26:23+00:00	156		127.38844011529137	97.63456280813979	0.016997508513621796	156	45.77560415588844	76.0927979066805	123.19757630220099	181.56908879240325	155	54.34581751217996	32.22155060101537	94.4751394465318	174.7181246310194	156	0.029796874798527273	0.0045166015625	0.00872802734375	0.03326416015625
snapshots/2026-07/ibm_fez/20260721T160920000000Z.json	20260721T160920000000Z	ibm_fez	2026-07-21T16:09:20+00:00	2026-07-21T16:09:20+00:00	156		127.38844011529137	97.63456280813979	0.021107991536458332	156	45.77560415588844	76.0927979066805	123.19757630220099	181.56908879240325	155	54.34581751217996	32.22155060101537	94.4751394465318	174.7181246310194	156	0.044275642733373186	0.00439453125	0.008544921875	0.03790283203125
snapshots/2026-07/ibm_fez/20260722T004333000000Z.json	20260722T004333000000Z	ibm_fez	2026-07-22T00:43:33+00:00	2026-07-22T00:43:33+00:00	156		118.4858909096192	92.56804585697049	0.017667330228365384	156	39.059259587898815	68.97833696658637	115.3549002671322	162.79687669014072	155	52.6290036954977	24.72912971868294	89.33188255526298	161.77813981307193	156	0.029172322796932253	0.004150390625	0.0093994140625	0.036865234375
snapshots/2026-07/ibm_fez/20260722T023716000000Z.json	20260722T023716000000Z	ibm_fez	2026-07-22T02:37:16+00:00	2026-07-22T02:37:16+00:00	156		118.4858909096192	92.56804585697049	0.017667330228365384	156	39.059259587898815	68.97833696658637	115.3549002671322	162.79687669014072	155	52.6290036954977	24.72912971868294	89.33188255526298	161.77813981307193	156	0.029172322796932253	0.004150390625	0.0093994140625	0.036865234375
snapshots/2026-07/ibm_fez/20260722T054550000000Z.json	20260722T054550000000Z	ibm_fez	2026-07-22T05:45:50+00:00	2026-07-22T05:45:50+00:00	156		118.4858909096192	92.56804585697049	0.018391927083333332	156	39.059259587898815	68.97833696658637	115.3549002671322	162.79687669014072	155	52.6290036954977	24.72912971868294	89.33188255526298	161.77813981307193	156	0.035242564936150654	0.0042724609375	0.00958251953125	0.03680419921875
snapshots/2026-07/ibm_fez/20260722T083249000000Z.json	20260722T083249000000Z	ibm_fez	2026-07-22T08:32:49+00:00	2026-07-22T08:32:49+00:00	156		118.4858909096192	92.56804585697049	0.018391927083333332	156	39.059259587898815	68.97833696658637	115.3549002671322	162.79687669014072	155	52.6290036954977	24.72912971868294	89.33188255526298	161.77813981307193	156	0.035242564936150654	0.0042724609375	0.00958251953125	0.03680419921875
snapshots/2026-07/ibm_fez/20260722T122855000000Z.json	20260722T122855000000Z	ibm_fez	2026-07-22T12:28:55+00:00	2026-07-22T12:28:55+00:00	156		118.4858909096192	92.56804585697049	0.0211181640625	156	39.059259587898815	68.97833696658637	115.3549002671322	162.79687669014072	155	52.6290036954977	24.72912971868294	89.33188255526298	161.77813981307193	156	0.04268559431538113	0.0042724609375	0.00872802734375	0.036865234375
snapshots/2026-07/ibm_fez/20260722T145629000000Z.json	20260722T145629000000Z	ibm_fez	2026-07-22T14:56:29+00:00	2026-07-22T14:56:29+00:00	156		118.4858909096192	92.56804585697049	0.019942063551682692	156	39.059259587898815	68.97833696658637	115.3549002671322	162.79687669014072	155	52.6290036954977	24.72912971868294	89.33188255526298	161.77813981307193	156	0.039903689729525425	0.0045166015625	0.00921630859375	0.03900146484375
snapshots/2026-07/ibm_fez/20260722T182700000000Z.json	20260722T182700000000Z	ibm_fez	2026-07-22T18:27:00+00:00	2026-07-22T18:27:00+00:00	156		118.4858909096192	92.56804585697049	0.018603985126201924	156	39.059259587898815	68.97833696658637	115.3549002671322	162.79687669014072	155	52.6290036954977	24.72912971868294	89.33188255526298	161.77813981307193	156	0.03150030849078588	0.00445556640625	0.0084228515625	0.04248046875
snapshots/2026-07/ibm_fez/20260722T202637000000Z.json	20260722T202637000000Z	ibm_fez	2026-07-22T20:26:37+00:00	2026-07-22T20:26:37+00:00	156		118.4858909096192	92.56804585697049	0.01977852063301282	156	39.059259587898815	68.97833696658637	115.3549002671322	162.79687669014072	155	52.6290036954977	24.72912971868294	89.33188255526298	161.77813981307193	156	0.03619569781777256	0.004150390625	0.00927734375	0.044189453125
snapshots/2026-07/ibm_fez/20260722T224142000000Z.json	20260722T224142000000Z	ibm_fez	2026-07-22T22:41:42+00:00	2026-07-22T22:41:42+00:00	156		118.4858909096192	92.56804585697049	0.018389579577323716	156	39.059259587898815	68.97833696658637	115.3549002671322	162.79687669014072	155	52.6290036954977	24.72912971868294	89.33188255526298	161.77813981307193	156	0.03153401123942812	0.004150390625	0.00836181640625	0.03424072265625
snapshots/2026-07/ibm_fez/20260723T000700000000Z.json	20260723T000700000000Z	ibm_fez	2026-07-23T00:07:00+00:00	2026-07-23T00:07:00+00:00	156		118.4858909096192	92.56804585697049	0.018389579577323716	156	39.059259587898815	68.97833696658637	115.3549002671322	162.79687669014072	155	52.6290036954977	24.72912971868294	89.33188255526298	161.77813981307193	156	0.03153401123942812	0.004150390625	0.00836181640625	0.03424072265625
snapshots/2026-07/ibm_fez/20260723T083139000000Z.json	20260723T083139000000Z	ibm_fez	2026-07-23T08:31:39+00:00	2026-07-23T08:31:39+00:00	156		118.4858909096192	92.56804585697049	0.018389579577323716	156	39.059259587898815	68.97833696658637	115.3549002671322	162.79687669014072	155	52.6290036954977	24.72912971868294	89.33188255526298	161.77813981307193	156	0.03153401123942812	0.004150390625	0.00836181640625	0.03424072265625
snapshots/2026-07/ibm_fez/20260723T113258000000Z.json	20260723T113258000000Z	ibm_fez	2026-07-23T11:32:58+00:00	2026-07-23T11:32:58+00:00	156		118.4858909096192	92.56804585697049	0.018389579577323716	156	39.059259587898815	68.97833696658637	115.3549002671322	162.79687669014072	155	52.6290036954977	24.72912971868294	89.33188255526298	161.77813981307193	156	0.03153401123942812	0.004150390625	0.00836181640625	0.03424072265625
snapshots/2026-07/ibm_fez/20260723T154757000000Z.json	20260723T154757000000Z	ibm_fez	2026-07-23T15:47:57+00:00	2026-07-23T15:47:57+00:00	156		118.4858909096192	92.56804585697049	0.018389579577323716	156	39.059259587898815	68.97833696658637	115.3549002671322	162.79687669014072	155	52.6290036954977	24.72912971868294	89.33188255526298	161.77813981307193	156	0.03153401123942812	0.004150390625	0.00836181640625	0.03424072265625
snapshots/2026-07/ibm_fez/20260723T172637000000Z.json	20260723T172637000000Z	ibm_fez	2026-07-23T17:26:37+00:00	2026-07-23T17:26:37+00:00	156		118.4858909096192	92.56804585697049	0.018389579577323716	156	39.059259587898815	68.97833696658637	115.3549002671322	162.79687669014072	155	52.6290036954977	24.72912971868294	89.33188255526298	161.77813981307193	156	0.03153401123942812	0.004150390625	0.00836181640625	0.03424072265625
snapshots/2026-07/ibm_fez/20260723T195859000000Z.json	20260723T195859000000Z	ibm_fez	2026-07-23T19:58:59+00:00	2026-07-23T19:58:59+00:00	156		118.4858909096192	92.56804585697049	0.01881995567908654	156	39.059259587898815	68.97833696658637	115.3549002671322	162.79687669014072	155	52.6290036954977	24.72912971868294	89.33188255526298	161.77813981307193	156	0.03675045187922597	0.004638671875	0.008544921875	0.0328369140625
snapshots/2026-07/ibm_fez/20260723T205231000000Z.json	20260723T205231000000Z	ibm_fez	2026-07-23T20:52:31+00:00	2026-07-23T20:52:31+00:00	156		118.4858909096192	92.56804585697049	0.01881995567908654	156	39.059259587898815	68.97833696658637	115.3549002671322	162.79687669014072	155	52.6290036954977	24.72912971868294	89.33188255526298	161.77813981307193	156	0.03675045187922597	0.004638671875	0.008544921875	0.0328369140625
snapshots/2026-07/ibm_fez/20260724T003017000000Z.json	20260724T003017000000Z	ibm_fez	2026-07-24T00:30:17+00:00	2026-07-24T00:30:17+00:00	156		118.4858909096192	92.56804585697049	0.018639197716346152	156	39.059259587898815	68.97833696658637	115.3549002671322	162.79687669014072	155	52.6290036954977	24.72912971868294	89.33188255526298	161.77813981307193	156	0.032805154026121525	0.004150390625	0.00927734375	0.0367431640625
snapshots/2026-07/ibm_fez/20260724T030515000000Z.json	20260724T030515000000Z	ibm_fez	2026-07-24T03:05:15+00:00	2026-07-24T03:05:15+00:00	156		118.4858909096192	92.56804585697049	0.018395057091346152	156	39.059259587898815	68.97833696658637	115.3549002671322	162.79687669014072	155	52.6290036954977	24.72912971868294	89.33188255526298	161.77813981307193	156	0.03265269935178063	0.00433349609375	0.00848388671875	0.037109375
snapshots/2026-07/ibm_fez/20260724T053910000000Z.json	20260724T053910000000Z	ibm_fez	2026-07-24T05:39:10+00:00	2026-07-24T05:39:10+00:00	156		118.4858909096192	92.56804585697049	0.018395057091346152	156	39.059259587898815	68.97833696658637	115.3549002671322	162.79687669014072	155	52.6290036954977	24.72912971868294	89.33188255526298	161.77813981307193	156	0.03265269935178063	0.00433349609375	0.00848388671875	0.037109375
snapshots/2026-07/ibm_fez/20260724T084616000000Z.json	20260724T084616000000Z	ibm_fez	2026-07-24T08:46:16+00:00	2026-07-24T08:46:16+00:00	156		118.4858909096192	92.56804585697049	0.017622727614182692	156	39.059259587898815	68.97833696658637	115.3549002671322	162.79687669014072	155	52.6290036954977	24.72912971868294	89.33188255526298	161.77813981307193	156	0.031800279928699146	0.0047607421875	0.00848388671875	0.03265380859375
snapshots/2026-07/ibm_fez/20260724T124953000000Z.json	20260724T124953000000Z	ibm_fez	2026-07-24T12:49:53+00:00	2026-07-24T12:49:53+00:00	156		131.37986671978697	98.45851319275974	0.017622727614182692	156	52.7290584906005	71.80267333871333	130.58525615334747	187.13941304635085	155	57.86246204472246	27.823398759722135	90.988355355178	177.81818782710687	156	0.031800279928699146	0.0047607421875	0.00848388671875	0.03265380859375
snapshots/2026-07/ibm_fez/20260724T144549000000Z.json	20260724T144549000000Z	ibm_fez	2026-07-24T14:45:49+00:00	2026-07-24T14:45:49+00:00	156		131.37986671978697	98.45851319275974	0.017622727614182692	156	52.7290584906005	71.80267333871333	130.58525615334747	187.13941304635085	155	57.86246204472246	27.823398759722135	90.988355355178	177.81818782710687	156	0.031800279928699146	0.0047607421875	0.00848388671875	0.03265380859375
snapshots/2026-07/ibm_fez/20260724T170213000000Z.json	20260724T170213000000Z	ibm_fez	2026-07-24T17:02:13+00:00	2026-07-24T17:02:13+00:00	156		131.37986671978697	98.45851319275974	0.017622727614182692	156	52.7290584906005	71.80267333871333	130.58525615334747	187.13941304635085	155	57.86246204472246	27.823398759722135	90.988355355178	177.81818782710687	156	0.031800279928699146	0.0047607421875	0.00848388671875	0.03265380859375
snapshots/2026-07/ibm_fez/20260724T192603000000Z.json	20260724T192603000000Z	ibm_fez	2026-07-24T19:26:03+00:00	2026-07-24T19:26:03+00:00	156		131.37986671978697	98.45851319275974	0.017848088191105768	156	52.7290584906005	71.80267333871333	130.58525615334747	187.13941304635085	155	57.86246204472246	27.823398759722135	90.988355355178	177.81818782710687	156	0.02963136767630847	0.0045166015625	0.00872802734375	0.03790283203125
snapshots/2026-07/ibm_fez/20260724T202121000000Z.json	20260724T202121000000Z	ibm_fez	2026-07-24T20:21:21+00:00	2026-07-24T20:21:21+00:00	156		131.37986671978697	98.45851319275974	0.017848088191105768	156	52.7290584906005	71.80267333871333	130.58525615334747	187.13941304635085	155	57.86246204472246	27.823398759722135	90.988355355178	177.81818782710687	156	0.02963136767630847	0.0045166015625	0.00872802734375	0.03790283203125
snapshots/2026-07/ibm_fez/20260724T223905000000Z.json	20260724T223905000000Z	ibm_fez	2026-07-24T22:39:05+00:00	2026-07-24T22:39:05+00:00	156		131.37986671978697	98.45851319275974	0.01752647986778846	156	52.7290584906005	71.80267333871333	130.58525615334747	187.13941304635085	155	57.86246204472246	27.823398759722135	90.988355355178	177.81818782710687	156	0.027923905698020095	0.00457763671875	0.009033203125	0.035888671875
snapshots/2026-07/ibm_fez/20260725T003338000000Z.json	20260725T003338000000Z	ibm_fez	2026-07-25T00:33:38+00:00	2026-07-25T00:33:38+00:00	156		131.37986671978697	98.45851319275974	0.01722130408653846	156	52.7290584906005	71.80267333871333	130.58525615334747	187.13941304635085	155	57.86246204472246	27.823398759722135	90.988355355178	177.81818782710687	156	0.028275663722782327	0.00439453125	0.008544921875	0.0386962890625
snapshots/2026-07/ibm_fez/20260725T024548000000Z.json	20260725T024548000000Z	ibm_fez	2026-07-25T02:45:48+00:00	2026-07-25T02:45:48+00:00	156		131.37986671978697	98.45851319275974	0.01744666466346154	156	52.7290584906005	71.80267333871333	130.58525615334747	187.13941304635085	155	57.86246204472246	27.823398759722135	90.988355355178	177.81818782710687	156	0.028948499865886768	0.00439453125	0.00823974609375	0.03955078125
snapshots/2026-07/ibm_fez/20260725T061614000000Z.json	20260725T061614000000Z	ibm_fez	2026-07-25T06:16:14+00:00	2026-07-25T06:16:14+00:00	156		126.12827692275856	95.52740148840796	0.01751395983573718	156	44.602772035231126	69.70346778847446	126.26160701027413	176.25943876305263	155	54.14004282977577	28.925701642598234	93.72593535480809	164.4446625400976	156	0.0295367145340143	0.00439453125	0.008544921875	0.0352783203125
snapshots/2026-07/ibm_fez/20260725T103546000000Z.json	20260725T103546000000Z	ibm_fez	2026-07-25T10:35:46+00:00	2026-07-25T10:35:46+00:00	156		126.12827692275856	95.52740148840796	0.01751395983573718	156	44.602772035231126	69.70346778847446	126.26160701027413	176.25943876305263	155	54.14004282977577	28.925701642598234	93.72593535480809	164.4446625400976	156	0.0295367145340143	0.00439453125	0.008544921875	0.0352783203125
snapshots/2026-07/ibm_fez/20260725T120619000000Z.json	20260725T120619000000Z	ibm_fez	2026-07-25T12:06:19+00:00	2026-07-25T12:06:19+00:00	156		126.12827692275856	95.52740148840796	0.017729930388621796	156	44.602772035231126	69.70346778847446	126.26160701027413	176.25943876305263	155	54.14004282977577	28.925701642598234	93.72593535480809	164.4446625400976	156	0.029041459534208218	0.00469970703125	0.00830078125	0.04010009765625
snapshots/2026-07/ibm_fez/20260725T133606000000Z.json	20260725T133606000000Z	ibm_fez	2026-07-25T13:36:06+00:00	2026-07-25T13:36:06+00:00	156		126.12827692275856	95.52740148840796	0.017729930388621796	156	44.602772035231126	69.70346778847446	126.26160701027413	176.25943876305263	155	54.14004282977577	28.925701642598234	93.72593535480809	164.4446625400976	156	0.029041459534208218	0.00469970703125	0.00830078125	0.04010009765625
snapshots/2026-07/ibm_fez/20260725T151145000000Z.json	20260725T151145000000Z	ibm_fez	2026-07-25T15:11:45+00:00	2026-07-25T15:11:45+00:00	156		126.12827692275856	95.52740148840796	0.018561730018028848	156	44.602772035231126	69.70346778847446	126.26160701027413	176.25943876305263	155	54.14004282977577	28.925701642598234	93.72593535480809	164.4446625400976	156	0.031019843737836002	0.00445556640625	0.00830078125	0.03741455078125
snapshots/2026-07/ibm_fez/20260725T170249000000Z.json	20260725T170249000000Z	ibm_fez	2026-07-25T17:02:49+00:00	2026-07-25T17:02:49+00:00	156		126.12827692275856	95.52740148840796	0.018561730018028848	156	44.602772035231126	69.70346778847446	126.26160701027413	176.25943876305263	155	54.14004282977577	28.925701642598234	93.72593535480809	164.4446625400976	156	0.031019843737836002	0.00445556640625	0.00830078125	0.03741455078125
snapshots/2026-07/ibm_fez/20260725T183331000000Z.json	20260725T183331000000Z	ibm_fez	2026-07-25T18:33:31+00:00	2026-07-25T18:33:31+00:00	156		126.12827692275856	95.52740148840796	0.018054668719951924	156	44.602772035231126	69.70346778847446	126.26160701027413	176.25943876305263	155	54.14004282977577	28.925701642598234	93.72593535480809	164.4446625400976	156	0.03301565322572565	0.0047607421875	0.0084228515625	0.03619384765625
snapshots/2026-07/ibm_fez/20260725T195717000000Z.json	20260725T195717000000Z	ibm_fez	2026-07-25T19:57:17+00:00	2026-07-25T19:57:17+00:00	156		126.12827692275856	95.52740148840796	0.018054668719951924	156	44.602772035231126	69.70346778847446	126.26160701027413	176.25943876305263	155	54.14004282977577	28.925701642598234	93.72593535480809	164.4446625400976	156	0.03301565322572565	0.0047607421875	0.0084228515625	0.03619384765625
snapshots/2026-07/ibm_fez/20260725T225622000000Z.json	20260725T225622000000Z	ibm_fez	2026-07-25T22:56:22+00:00	2026-07-25T22:56:22+00:00	156		126.12827692275856	95.52740148840796	0.018701797876602564	156	44.602772035231126	69.70346778847446	126.26160701027413	176.25943876305263	155	54.14004282977577	28.925701642598234	93.72593535480809	164.4446625400976	156	0.0336397899151463	0.004150390625	0.00860595703125	0.033203125
snapshots/2026-07/ibm_fez/20260726T005035000000Z.json	20260726T005035000000Z	ibm_fez	2026-07-26T00:50:35+00:00	2026-07-26T00:50:35+00:00	156		126.12827692275856	95.52740148840796	0.018701797876602564	156	44.602772035231126	69.70346778847446	126.26160701027413	176.25943876305263	155	54.14004282977577	28.925701642598234	93.72593535480809	164.4446625400976	156	0.0336397899151463	0.004150390625	0.00860595703125	0.033203125
snapshots/2026-07/ibm_fez/20260726T031621000000Z.json	20260726T031621000000Z	ibm_fez	2026-07-26T03:16:21+00:00	2026-07-26T03:16:21+00:00	156		126.12827692275856	95.52740148840796	0.021181546724759616	156	44.602772035231126	69.70346778847446	126.26160701027413	176.25943876305263	155	54.14004282977577	28.925701642598234	93.72593535480809	164.4446625400976	156	0.04714080036495765	0.00390625	0.0093994140625	0.04437255859375
snapshots/2026-07/ibm_fez/20260726T071018000000Z.json	20260726T071018000000Z	ibm_fez	2026-07-26T07:10:18+00:00	2026-07-26T07:10:18+00:00	156		141.29591076174415	100.81362364317181	0.019545335036057692	156	47.400714060189806	85.69424922164248	141.30948468783455	197.18098842077288	155	58.0381586837166	27.17988321777623	100.10798266850216	171.12496776517173	156	0.035083295707132874	0.004150390625	0.0096435546875	0.040771484375
snapshots/2026-07/ibm_fez/20260726T092809000000Z.json	20260726T092809000000Z	ibm_fez	2026-07-26T09:28:09+00:00	2026-07-26T09:28:09+00:00	156		141.29591076174415	100.81362364317181	0.019545335036057692	156	47.400714060189806	85.69424922164248	141.30948468783455	197.18098842077288	155	58.0381586837166	27.17988321777623	100.10798266850216	171.12496776517173	156	0.035083295707132874	0.004150390625	0.0096435546875	0.040771484375
snapshots/2026-07/ibm_fez/20260726T112255000000Z.json	20260726T112255000000Z	ibm_fez	2026-07-26T11:22:55+00:00	2026-07-26T11:22:55+00:00	156		141.29591076174415	100.81362364317181	0.019545335036057692	156	47.400714060189806	85.69424922164248	141.30948468783455	197.18098842077288	155	58.0381586837166	27.17988321777623	100.10798266850216	171.12496776517173	156	0.035083295707132874	0.004150390625	0.0096435546875	0.040771484375
snapshots/2026-07/ibm_fez/20260726T135601000000Z.json	20260726T135601000000Z	ibm_fez	2026-07-26T13:56:01+00:00	2026-07-26T13:56:01+00:00	156		141.29591076174415	100.81362364317181	0.019545335036057692	156	47.400714060189806	85.69424922164248	141.30948468783455	197.18098842077288	155	58.0381586837166	27.17988321777623	100.10798266850216	171.12496776517173	156	0.035083295707132874	0.004150390625	0.0096435546875	0.040771484375
snapshots/2026-07/ibm_fez/20260726T142253000000Z.json	20260726T142253000000Z	ibm_fez	2026-07-26T14:22:53+00:00	2026-07-26T14:22:53+00:00	156		141.29591076174415	100.81362364317181	0.018042931189903848	156	47.400714060189806	85.69424922164248	141.30948468783455	197.18098842077288	155	58.0381586837166	27.17988321777623	100.10798266850216	171.12496776517173	156	0.028638367426125626	0.00433349609375	0.008544921875	0.03961181640625
snapshots/2026-07/ibm_fez/20260726T171127000000Z.json	20260726T171127000000Z	ibm_fez	2026-07-26T17:11:27+00:00	2026-07-26T17:11:27+00:00	156		141.29591076174415	100.81362364317181	0.018042931189903848	156	47.400714060189806	85.69424922164248	141.30948468783455	197.18098842077288	155	58.0381586837166	27.17988321777623	100.10798266850216	171.12496776517173	156	0.028638367426125626	0.00433349609375	0.008544921875	0.03961181640625
snapshots/2026-07/ibm_fez/20260726T174605000000Z.json	20260726T174605000000Z	ibm_fez	2026-07-26T17:46:05+00:00	2026-07-26T17:46:05+00:00	156		141.29591076174415	100.81362364317181	0.018042931189903848	156	47.400714060189806	85.69424922164248	141.30948468783455	197.18098842077288	155	58.0381586837166	27.17988321777623	100.10798266850216	171.12496776517173	156	0.028638367426125626	0.00433349609375	0.008544921875	0.03961181640625
snapshots/2026-07/ibm_fez/20260726T195240000000Z.json	20260726T195240000000Z	ibm_fez	2026-07-26T19:52:40+00:00	2026-07-26T19:52:40+00:00	156		141.29591076174415	100.81362364317181	0.019228421724759616	156	47.400714060189806	85.69424922164248	141.30948468783455	197.18098842077288	155	58.0381586837166	27.17988321777623	100.10798266850216	171.12496776517173	156	0.033096743769567505	0.00482177734375	0.008056640625	0.04296875
snapshots/2026-07/ibm_fez/20260726T205510000000Z.json	20260726T205510000000Z	ibm_fez	2026-07-26T20:55:10+00:00	2026-07-26T20:55:10+00:00	156		141.29591076174415	100.81362364317181	0.019228421724759616	156	47.400714060189806	85.69424922164248	141.30948468783455	197.18098842077288	155	58.0381586837166	27.17988321777623	100.10798266850216	171.12496776517173	156	0.033096743769567505	0.00482177734375	0.008056640625	0.04296875
snapshots/2026-07/ibm_fez/20260726T221550000000Z.json	20260726T221550000000Z	ibm_fez	2026-07-26T22:15:50+00:00	2026-07-26T22:15:50+00:00	156		141.29591076174415	100.81362364317181	0.018791785606971152	156	47.400714060189806	85.69424922164248	141.30948468783455	197.18098842077288	155	58.0381586837166	27.17988321777623	100.10798266850216	171.12496776517173	156	0.032948984585926	0.0045166015625	0.0086669921875	0.04534912109375
snapshots/2026-07/ibm_fez/20260726T223350000000Z.json	20260726T223350000000Z	ibm_fez	2026-07-26T22:33:50+00:00	2026-07-26T22:33:50+00:00	156		141.29591076174415	100.81362364317181	0.018791785606971152	156	47.400714060189806	85.69424922164248	141.30948468783455	197.18098842077288	155	58.0381586837166	27.17988321777623	100.10798266850216	171.12496776517173	156	0.032948984585926	0.0045166015625	0.0086669921875	0.04534912109375
snapshots/2026-07/ibm_fez/20260727T004418000000Z.json	20260727T004418000000Z	ibm_fez	2026-07-27T00:44:18+00:00	2026-07-27T00:44:18+00:00	156		141.29591076174415	100.81362364317181	0.018791785606971152	156	47.400714060189806	85.69424922164248	141.30948468783455	197.18098842077288	155	58.0381586837166	27.17988321777623	100.10798266850216	171.12496776517173	156	0.032948984585926	0.0045166015625	0.0086669921875	0.04534912109375
snapshots/2026-07/ibm_fez/20260727T024615000000Z.json	20260727T024615000000Z	ibm_fez	2026-07-27T02:46:15+00:00	2026-07-27T02:46:15+00:00	156		141.29591076174415	100.81362364317181	0.018698667868589744	156	47.400714060189806	85.69424922164248	141.30948468783455	197.18098842077288	155	58.0381586837166	27.17988321777623	100.10798266850216	171.12496776517173	156	0.030029314441785172	0.0042724609375	0.0087890625	0.0484619140625
snapshots/2026-07/ibm_fez/20260727T084024000000Z.json	20260727T084024000000Z	ibm_fez	2026-07-27T08:40:24+00:00	2026-07-27T08:40:24+00:00	156		136.9833458857127	98.10706818934796	0.021174504206730768	156	46.77477451049045	83.39790900133859	133.07414452254733	202.92993940796757	155	55.04588675697492	28.60433824074586	98.32039283322017	169.35958145174828	156	0.04843868247148914	0.004150390625	0.009033203125	0.040771484375
snapshots/2026-07/ibm_fez/20260727T113702000000Z.json	20260727T113702000000Z	ibm_fez	2026-07-27T11:37:02+00:00	2026-07-27T11:37:02+00:00	156		136.9833458857127	98.10706818934796	0.021174504206730768	156	46.77477451049045	83.39790900133859	133.07414452254733	202.92993940796757	155	55.04588675697492	28.60433824074586	98.32039283322017	169.35958145174828	156	0.04843868247148914	0.004150390625	0.009033203125	0.040771484375
snapshots/2026-07/ibm_fez/20260727T151653000000Z.json	20260727T151653000000Z	ibm_fez	2026-07-27T15:16:53+00:00	2026-07-27T15:16:53+00:00	156		136.9833458857127	98.10706818934796	0.021174504206730768	156	46.77477451049045	83.39790900133859	133.07414452254733	202.92993940796757	155	55.04588675697492	28.60433824074586	98.32039283322017	169.35958145174828	156	0.04843868247148914	0.004150390625	0.009033203125	0.040771484375
snapshots/2026-07/ibm_fez/20260727T172642000000Z.json	20260727T172642000000Z	ibm_fez	2026-07-27T17:26:42+00:00	2026-07-27T17:26:42+00:00	156		136.9833458857127	98.10706818934796	0.020725348056891024	156	46.77477451049045	83.39790900133859	133.07414452254733	202.92993940796757	155	55.04588675697492	28.60433824074586	98.32039283322017	169.35958145174828	156	0.040760863546177424	0.0047607421875	0.00872802734375	0.04180908203125
snapshots/2026-07/ibm_fez/20260727T194245000000Z.json	20260727T194245000000Z	ibm_fez	2026-07-27T19:42:45+00:00	2026-07-27T19:42:45+00:00	156		136.9833458857127	98.10706818934796	0.020725348056891024	156	46.77477451049045	83.39790900133859	133.07414452254733	202.92993940796757	155	55.04588675697492	28.60433824074586	98.32039283322017	169.35958145174828	156	0.040760863546177424	0.0047607421875	0.00872802734375	0.04180908203125
snapshots/2026-07/ibm_fez/20260727T210358000000Z.json	20260727T210358000000Z	ibm_fez	2026-07-27T21:03:58+00:00	2026-07-27T21:03:58+00:00	156		136.9833458857127	98.10706818934796	0.019471779847756412	156	46.77477451049045	83.39790900133859	133.07414452254733	202.92993940796757	155	55.04588675697492	28.60433824074586	98.32039283322017	169.35958145174828	156	0.03571508066504484	0.0047607421875	0.00897216796875	0.04345703125
snapshots/2026-07/ibm_fez/20260727T224823000000Z.json	20260727T224823000000Z	ibm_fez	2026-07-27T22:48:23+00:00	2026-07-27T22:48:23+00:00	156		136.9833458857127	98.10706818934796	0.019471779847756412	156	46.77477451049045	83.39790900133859	133.07414452254733	202.92993940796757	155	55.04588675697492	28.60433824074586	98.32039283322017	169.35958145174828	156	0.03571508066504484	0.0047607421875	0.00897216796875	0.04345703125
snapshots/2026-07/ibm_fez/20260728T004038000000Z.json	20260728T004038000000Z	ibm_fez	2026-07-28T00:40:38+00:00	2026-07-28T00:40:38+00:00	156		136.9833458857127	98.10706818934796	0.019471779847756412	156	46.77477451049045	83.39790900133859	133.07414452254733	202.92993940796757	155	55.04588675697492	28.60433824074586	98.32039283322017	169.35958145174828	156	0.03571508066504484	0.0047607421875	0.00897216796875	0.04345703125
snapshots/2026-07/ibm_fez/20260728T031559000000Z.json	20260728T031559000000Z	ibm_fez	2026-07-28T03:15:59+00:00	2026-07-28T03:15:59+00:00	156		136.9833458857127	98.10706818934796	0.019586807642227564	156	46.77477451049045	83.39790900133859	133.07414452254733	202.92993940796757	155	55.04588675697492	28.60433824074586	98.32039283322017	169.35958145174828	156	0.033846383690697895	0.00439453125	0.00872802734375	0.04522705078125
snapshots/2026-07/ibm_fez/20260728T073728000000Z.json	20260728T073728000000Z	ibm_fez	2026-07-28T07:37:28+00:00	2026-07-28T07:37:28+00:00	156		136.9833458857127	98.10706818934796	0.01830115685096154	156	46.77477451049045	83.39790900133859	133.07414452254733	202.92993940796757	155	55.04588675697492	28.60433824074586	98.32039283322017	169.35958145174828	156	0.028880449996818557	0.004638671875	0.00927734375	0.03662109375
snapshots/2026-07/ibm_fez/20260728T100029000000Z.json	20260728T100029000000Z	ibm_fez	2026-07-28T10:00:29+00:00	2026-07-28T10:00:29+00:00	156		120.60522602263684	87.35621189901966	0.018373147035256412	156	44.59591152146987	66.00053755182141	119.37151291644982	186.71024157813036	155	50.03206902670302	26.108025980864944	81.0371882128194	153.98148721854315	156	0.031107594940226253	0.004150390625	0.0084228515625	0.0438232421875
snapshots/2026-07/ibm_fez/20260728T122536000000Z.json	20260728T122536000000Z	ibm_fez	2026-07-28T12:25:36+00:00	2026-07-28T12:25:36+00:00	156		120.60522602263684	87.35621189901966	0.018373147035256412	156	44.59591152146987	66.00053755182141	119.37151291644982	186.71024157813036	155	50.03206902670302	26.108025980864944	81.0371882128194	153.98148721854315	156	0.031107594940226253	0.004150390625	0.0084228515625	0.0438232421875
snapshots/2026-07/ibm_fez/20260728T141313000000Z.json	20260728T141313000000Z	ibm_fez	2026-07-28T14:13:13+00:00	2026-07-28T14:13:13+00:00	156		120.60522602263684	87.35621189901966	0.01882308568709936	156	44.59591152146987	66.00053755182141	119.37151291644982	186.71024157813036	155	50.03206902670302	26.108025980864944	81.0371882128194	153.98148721854315	156	0.03342330119343493	0.004638671875	0.00872802734375	0.0404052734375
snapshots/2026-07/ibm_fez/20260728T174712000000Z.json	20260728T174712000000Z	ibm_fez	2026-07-28T17:47:12+00:00	2026-07-28T17:47:12+00:00	156		120.60522602263684	87.35621189901966	0.01882308568709936	156	44.59591152146987	66.00053755182141	119.37151291644982	186.71024157813036	155	50.03206902670302	26.108025980864944	81.0371882128194	153.98148721854315	156	0.03342330119343493	0.004638671875	0.00872802734375	0.0404052734375
snapshots/2026-07/ibm_fez/20260728T185140000000Z.json	20260728T185140000000Z	ibm_fez	2026-07-28T18:51:40+00:00	2026-07-28T18:51:40+00:00	156		120.60522602263684	87.35621189901966	0.01882308568709936	156	44.59591152146987	66.00053755182141	119.37151291644982	186.71024157813036	155	50.03206902670302	26.108025980864944	81.0371882128194	153.98148721854315	156	0.03342330119343493	0.004638671875	0.00872802734375	0.0404052734375
snapshots/2026-07/ibm_fez/20260728T203345000000Z.json	20260728T203345000000Z	ibm_fez	2026-07-28T20:33:45+00:00	2026-07-28T20:33:45+00:00	156		120.60522602263684	87.35621189901966	0.01882308568709936	156	44.59591152146987	66.00053755182141	119.37151291644982	186.71024157813036	155	50.03206902670302	26.108025980864944	81.0371882128194	153.98148721854315	156	0.03342330119343493	0.004638671875	0.00872802734375	0.0404052734375
snapshots/2026-07/ibm_fez/20260729T032508000000Z.json	20260729T032508000000Z	ibm_fez	2026-07-29T03:25:08+00:00	2026-07-29T03:25:08+00:00	156		120.60522602263684	87.35621189901966	0.019726092998798076	156	44.59591152146987	66.00053755182141	119.37151291644982	186.71024157813036	155	50.03206902670302	26.108025980864944	81.0371882128194	153.98148721854315	156	0.039483224598592326	0.004638671875	0.00933837890625	0.0360107421875
snapshots/2026-07/ibm_fez/20260729T075702000000Z.json	20260729T075702000000Z	ibm_fez	2026-07-29T07:57:02+00:00	2026-07-29T07:57:02+00:00	156		120.60522602263684	87.35621189901966	0.019726092998798076	156	44.59591152146987	66.00053755182141	119.37151291644982	186.71024157813036	155	50.03206902670302	26.108025980864944	81.0371882128194	153.98148721854315	156	0.039483224598592326	0.004638671875	0.00933837890625	0.0360107421875
snapshots/2026-07/ibm_fez/20260729T100710000000Z.json	20260729T100710000000Z	ibm_fez	2026-07-29T10:07:10+00:00	2026-07-29T10:07:10+00:00	156		126.04109093731448	95.38467774421062	0.020104041466346152	156	44.0433039949238	69.78961741598454	124.3837842121709	182.46713455656794	155	55.8273796683548	24.63491088329921	94.11115853161198	173.95581473660923	156	0.03773033053508071	0.0040283203125	0.0089111328125	0.0379638671875
snapshots/2026-07/ibm_fez/20260729T113852000000Z.json	20260729T113852000000Z	ibm_fez	2026-07-29T11:38:52+00:00	2026-07-29T11:38:52+00:00	156		126.04109093731448	95.38467774421062	0.020104041466346152	156	44.0433039949238	69.78961741598454	124.3837842121709	182.46713455656794	155	55.8273796683548	24.63491088329921	94.11115853161198	173.95581473660923	156	0.03773033053508071	0.0040283203125	0.0089111328125	0.0379638671875
snapshots/2026-07/ibm_fez/20260729T144454000000Z.json	20260729T144454000000Z	ibm_fez	2026-07-29T14:44:54+00:00	2026-07-29T14:44:54+00:00	156		126.04109093731448	95.38467774421062	0.020722218048878204	156	44.0433039949238	69.78961741598454	124.3837842121709	182.46713455656794	155	55.8273796683548	24.63491088329921	94.11115853161198	173.95581473660923	156	0.0371948614297639	0.0045166015625	0.00921630859375	0.0462646484375
snapshots/2026-07/ibm_fez/20260729T161600000000Z.json	20260729T161600000000Z	ibm_fez	2026-07-29T16:16:00+00:00	2026-07-29T16:16:00+00:00	156		126.04109093731448	95.38467774421062	0.020722218048878204	156	44.0433039949238	69.78961741598454	124.3837842121709	182.46713455656794	155	55.8273796683548	24.63491088329921	94.11115853161198	173.95581473660923	156	0.0371948614297639	0.0045166015625	0.00921630859375	0.0462646484375
snapshots/2026-07/ibm_fez/20260729T174657000000Z.json	20260729T174657000000Z	ibm_fez	2026-07-29T17:46:57+00:00	2026-07-29T17:46:57+00:00	156		126.04109093731448	95.38467774421062	0.018363757011217948	156	44.0433039949238	69.78961741598454	124.3837842121709	182.46713455656794	155	55.8273796683548	24.63491088329921	94.11115853161198	173.95581473660923	156	0.02912728453845338	0.00457763671875	0.00933837890625	0.04034423828125
snapshots/2026-07/ibm_fez/20260729T191446000000Z.json	20260729T191446000000Z	ibm_fez	2026-07-29T19:14:46+00:00	2026-07-29T19:14:46+00:00	156		126.04109093731448	95.38467774421062	0.018363757011217948	156	44.0433039949238	69.78961741598454	124.3837842121709	182.46713455656794	155	55.8273796683548	24.63491088329921	94.11115853161198	173.95581473660923	156	0.02912728453845338	0.00457763671875	0.00933837890625	0.04034423828125
snapshots/2026-07/ibm_fez/20260729T205418000000Z.json	20260729T205418000000Z	ibm_fez	2026-07-29T20:54:18+00:00	2026-07-29T20:54:18+00:00	156		126.04109093731448	95.38467774421062	0.018363757011217948	156	44.0433039949238	69.78961741598454	124.3837842121709	182.46713455656794	155	55.8273796683548	24.63491088329921	94.11115853161198	173.95581473660923	156	0.02912728453845338	0.00457763671875	0.00933837890625	0.04034423828125
snapshots/2026-07/ibm_fez/20260729T221644000000Z.json	20260729T221644000000Z	ibm_fez	2026-07-29T22:16:44+00:00	2026-07-29T22:16:44+00:00	156		126.04109093731448	95.38467774421062	0.018363757011217948	156	44.0433039949238	69.78961741598454	124.3837842121709	182.46713455656794	155	55.8273796683548	24.63491088329921	94.11115853161198	173.95581473660923	156	0.02912728453845338	0.00457763671875	0.00933837890625	0.04034423828125
snapshots/2026-07/ibm_fez/20260729T225936000000Z.json	20260729T225936000000Z	ibm_fez	2026-07-29T22:59:36+00:00	2026-07-29T22:59:36+00:00	156		126.04109093731448	95.38467774421062	0.018359844501201924	156	44.0433039949238	69.78961741598454	124.3837842121709	182.46713455656794	155	55.8273796683548	24.63491088329921	94.11115853161198	173.95581473660923	156	0.02910574896364461	0.00433349609375	0.0089111328125	0.048583984375
snapshots/2026-07/ibm_fez/20260729T235604000000Z.json	20260729T235604000000Z	ibm_fez	2026-07-29T23:56:04+00:00	2026-07-29T23:56:04+00:00	156		126.04109093731448	95.38467774421062	0.018359844501201924	156	44.0433039949238	69.78961741598454	124.3837842121709	182.46713455656794	155	55.8273796683548	24.63491088329921	94.11115853161198	173.95581473660923	156	0.02910574896364461	0.00433349609375	0.0089111328125	0.048583984375
snapshots/2026-07/ibm_fez/20260730T033825000000Z.json	20260730T033825000000Z	ibm_fez	2026-07-30T03:38:25+00:00	2026-07-30T03:38:25+00:00	156		126.04109093731448	95.38467774421062	0.018562512520032052	156	44.0433039949238	69.78961741598454	124.3837842121709	182.46713455656794	155	55.8273796683548	24.63491088329921	94.11115853161198	173.95581473660923	156	0.029676669463770004	0.00433349609375	0.009521484375	0.04730224609375
snapshots/2026-07/ibm_fez/20260730T073840000000Z.json	20260730T073840000000Z	ibm_fez	2026-07-30T07:38:40+00:00	2026-07-30T07:38:40+00:00	156		126.04109093731448	95.38467774421062	0.017816788110977564	156	44.0433039949238	69.78961741598454	124.3837842121709	182.46713455656794	155	55.8273796683548	24.63491088329921	94.11115853161198	173.95581473660923	156	0.030330022647720906	0.00433349609375	0.00848388671875	0.04327392578125
snapshots/2026-07/ibm_fez/20260730T102403000000Z.json	20260730T102403000000Z	ibm_fez	2026-07-30T10:24:03+00:00	2026-07-30T10:24:03+00:00	156		126.04109093731448	95.38467774421062	0.020163511618589744	156	44.0433039949238	69.78961741598454	124.3837842121709	182.46713455656794	155	55.8273796683548	24.63491088329921	94.11115853161198	173.95581473660923	156	0.04903100078749674	0.00439453125	0.0087890625	0.0389404296875
snapshots/2026-07/ibm_fez/20260730T121022000000Z.json	20260730T121022000000Z	ibm_fez	2026-07-30T12:10:22+00:00	2026-07-30T12:10:22+00:00	156		126.04109093731448	95.38467774421062	0.021095471504407052	156	44.0433039949238	69.78961741598454	124.3837842121709	182.46713455656794	155	55.8273796683548	24.63491088329921	94.11115853161198	173.95581473660923	156	0.0517189419585248	0.0042724609375	0.0081787109375	0.03839111328125
snapshots/2026-07/ibm_fez/20260730T150324000000Z.json	20260730T150324000000Z	ibm_fez	2026-07-30T15:03:24+00:00	2026-07-30T15:03:24+00:00	156		126.04109093731448	95.38467774421062	0.021095471504407052	156	44.0433039949238	69.78961741598454	124.3837842121709	182.46713455656794	155	55.8273796683548	24.63491088329921	94.11115853161198	173.95581473660923	156	0.0517189419585248	0.0042724609375	0.0081787109375	0.03839111328125
snapshots/2026-07/ibm_fez/20260730T163251000000Z.json	20260730T163251000000Z	ibm_fez	2026-07-30T16:32:51+00:00	2026-07-30T16:32:51+00:00	156		126.04109093731448	95.38467774421062	0.021638527894631412	156	44.0433039949238	69.78961741598454	124.3837842121709	182.46713455656794	155	55.8273796683548	24.63491088329921	94.11115853161198	173.95581473660923	156	0.05204919414215059	0.004638671875	0.00836181640625	0.033935546875
snapshots/2026-07/ibm_fez/20260730T181606000000Z.json	20260730T181606000000Z	ibm_fez	2026-07-30T18:16:06+00:00	2026-07-30T18:16:06+00:00	156		126.04109093731448	95.38467774421062	0.021638527894631412	156	44.0433039949238	69.78961741598454	124.3837842121709	182.46713455656794	155	55.8273796683548	24.63491088329921	94.11115853161198	173.95581473660923	156	0.05204919414215059	0.004638671875	0.00836181640625	0.033935546875
snapshots/2026-07/ibm_fez/20260730T192340000000Z.json	20260730T192340000000Z	ibm_fez	2026-07-30T19:23:40+00:00	2026-07-30T19:23:40+00:00	156		126.04109093731448	95.38467774421062	0.021638527894631412	156	44.0433039949238	69.78961741598454	124.3837842121709	182.46713455656794	155	55.8273796683548	24.63491088329921	94.11115853161198	173.95581473660923	156	0.05204919414215059	0.004638671875	0.00836181640625	0.033935546875
snapshots/2026-07/ibm_fez/20260730T210917000000Z.json	20260730T210917000000Z	ibm_fez	2026-07-30T21:09:17+00:00	2026-07-30T21:09:17+00:00	156		126.04109093731448	95.38467774421062	0.021638527894631412	156	44.0433039949238	69.78961741598454	124.3837842121709	182.46713455656794	155	55.8273796683548	24.63491088329921	94.11115853161198	173.95581473660923	156	0.05204919414215059	0.004638671875	0.00836181640625	0.033935546875
snapshots/2026-07/ibm_fez/20260731T001407000000Z.json	20260731T001407000000Z	ibm_fez	2026-07-31T00:14:07+00:00	2026-07-31T00:14:07+00:00	156		126.04109093731448	95.38467774421062	0.021638527894631412	156	44.0433039949238	69.78961741598454	124.3837842121709	182.46713455656794	155	55.8273796683548	24.63491088329921	94.11115853161198	173.95581473660923	156	0.05204919414215059	0.004638671875	0.00836181640625	0.033935546875
snapshots/2026-07/ibm_fez/20260731T034603000000Z.json	20260731T034603000000Z	ibm_fez	2026-07-31T03:46:03+00:00	2026-07-31T03:46:03+00:00	156		126.04109093731448	95.38467774421062	0.021638527894631412	156	44.0433039949238	69.78961741598454	124.3837842121709	182.46713455656794	155	55.8273796683548	24.63491088329921	94.11115853161198	173.95581473660923	156	0.05204919414215059	0.004638671875	0.00836181640625	0.033935546875
snapshots/2026-07/ibm_fez/20260731T080210000000Z.json	20260731T080210000000Z	ibm_fez	2026-07-31T08:02:10+00:00	2026-07-31T08:02:10+00:00	156		126.04109093731448	95.38467774421062	0.020253499348958332	156	44.0433039949238	69.78961741598454	124.3837842121709	182.46713455656794	155	55.8273796683548	24.63491088329921	94.11115853161198	173.95581473660923	156	0.03330764377425229	0.0042724609375	0.009521484375	0.04296875
snapshots/2026-07/ibm_fez/20260731T100847000000Z.json	20260731T100847000000Z	ibm_fez	2026-07-31T10:08:47+00:00	2026-07-31T10:08:47+00:00	156		135.38898247512296	99.44942263599971	0.019526554987980768	156	45.34922347511257	80.98089069159421	138.8237173871765	190.9753873534993	155	56.86996793143406	30.444943319324192	96.07964906132106	171.13137220867105	156	0.03155887266328923	0.00439453125	0.008544921875	0.056640625
snapshots/2026-07/ibm_fez/20260731T124300000000Z.json	20260731T124300000000Z	ibm_fez	2026-07-31T12:43:00+00:00	2026-07-31T12:43:00+00:00	156		135.38898247512296	99.44942263599971	0.019526554987980768	156	45.34922347511257	80.98089069159421	138.8237173871765	190.9753873534993	155	56.86996793143406	30.444943319324192	96.07964906132106	171.13137220867105	156	0.03155887266328923	0.00439453125	0.008544921875	0.056640625
snapshots/2026-07/ibm_fez/20260731T145724000000Z.json	20260731T145724000000Z	ibm_fez	2026-07-31T14:57:24+00:00	2026-07-31T14:57:24+00:00	156		135.38898247512296	99.44942263599971	0.019526554987980768	156	45.34922347511257	80.98089069159421	138.8237173871765	190.9753873534993	155	56.86996793143406	30.444943319324192	96.07964906132106	171.13137220867105	156	0.03155887266328923	0.00439453125	0.008544921875	0.056640625
snapshots/2026-07/ibm_fez/20260731T164633000000Z.json	20260731T164633000000Z	ibm_fez	2026-07-31T16:46:33+00:00	2026-07-31T16:46:33+00:00	156		135.38898247512296	99.44942263599971	0.018800393129006412	156	45.34922347511257	80.98089069159421	138.8237173871765	190.9753873534993	155	56.86996793143406	30.444943319324192	96.07964906132106	171.13137220867105	156	0.03403828562963233	0.00457763671875	0.00860595703125	0.04718017578125
snapshots/2026-07/ibm_fez/20260731T191611000000Z.json	20260731T191611000000Z	ibm_fez	2026-07-31T19:16:11+00:00	2026-07-31T19:16:11+00:00	156		135.38898247512296	99.44942263599971	0.018800393129006412	156	45.34922347511257	80.98089069159421	138.8237173871765	190.9753873534993	155	56.86996793143406	30.444943319324192	96.07964906132106	171.13137220867105	156	0.03403828562963233	0.00457763671875	0.00860595703125	0.04718017578125
snapshots/2026-07/ibm_fez/20260731T204559000000Z.json	20260731T204559000000Z	ibm_fez	2026-07-31T20:45:59+00:00	2026-07-31T20:45:59+00:00	156		135.38898247512296	99.44942263599971	0.018759703024839744	156	45.34922347511257	80.98089069159421	138.8237173871765	190.9753873534993	155	56.86996793143406	30.444943319324192	96.07964906132106	171.13137220867105	156	0.03316908359779485	0.004638671875	0.0093994140625	0.04046630859375
snapshots/2026-07/ibm_fez/20260731T231434000000Z.json	20260731T231434000000Z	ibm_fez	2026-07-31T23:14:34+00:00	2026-07-31T23:14:34+00:00	156		135.38898247512296	99.44942263599971	0.018759703024839744	156	45.34922347511257	80.98089069159421	138.8237173871765	190.9753873534993	155	56.86996793143406	30.444943319324192	96.07964906132106	171.13137220867105	156	0.03316908359779485	0.004638671875	0.0093994140625	0.04046630859375
snapshots/2026-08/ibm_fez/20260801T001902000000Z.json	20260801T001902000000Z	ibm_fez	2026-08-01T00:19:02+00:00	2026-08-01T00:19:02+00:00	156		135.38898247512296	99.44942263599971	0.018180651542467948	156	45.34922347511257	80.98089069159421	138.8237173871765	190.9753873534993	155	56.86996793143406	30.444943319324192	96.07964906132106	171.13137220867105	156	0.030640878935155023	0.0048828125	0.00933837890625	0.04791259765625
snapshots/2026-08/ibm_fez/20260801T024602000000Z.json	20260801T024602000000Z	ibm_fez	2026-08-01T02:46:02+00:00	2026-08-01T02:46:02+00:00	156		135.38898247512296	99.44942263599971	0.018180651542467948	156	45.34922347511257	80.98089069159421	138.8237173871765	190.9753873534993	155	56.86996793143406	30.444943319324192	96.07964906132106	171.13137220867105	156	0.030640878935155023	0.0048828125	0.00933837890625	0.04791259765625
snapshots/2026-08/ibm_fez/20260801T071655000000Z.json	20260801T071655000000Z	ibm_fez	2026-08-01T07:16:55+00:00	2026-08-01T07:16:55+00:00	156		135.38898247512296	99.44942263599971	0.018180651542467948	156	45.34922347511257	80.98089069159421	138.8237173871765	190.9753873534993	155	56.86996793143406	30.444943319324192	96.07964906132106	171.13137220867105	156	0.030640878935155023	0.0048828125	0.00933837890625	0.04791259765625
snapshots/2026-08/ibm_fez/20260801T095709000000Z.json	20260801T095709000000Z	ibm_fez	2026-08-01T09:57:09+00:00	2026-08-01T09:57:09+00:00	156		128.77543322604504	96.93509751893825	0.017862955729166668	156	44.776395537188726	75.47607994451315	122.54148952580528	190.11154540141163	155	56.0768369780575	29.30420437527447	88.43941165078763	176.00983651371843	156	0.03136121382395961	0.00439453125	0.008056640625	0.0411376953125
snapshots/2026-08/ibm_fez/20260801T105138000000Z.json	20260801T105138000000Z	ibm_fez	2026-08-01T10:51:38+00:00	2026-08-01T10:51:38+00:00	156		128.77543322604504	96.93509751893825	0.017862955729166668	156	44.776395537188726	75.47607994451315	122.54148952580528	190.11154540141163	155	56.0768369780575	29.30420437527447	88.43941165078763	176.00983651371843	156	0.03136121382395961	0.00439453125	0.008056640625	0.0411376953125
snapshots/2026-08/ibm_fez/20260801T135000000000Z.json	20260801T135000000000Z	ibm_fez	2026-08-01T13:50:00+00:00	2026-08-01T13:50:00+00:00	156		128.77543322604504	96.93509751893825	0.017409887069310896	156	44.776395537188726	75.47607994451315	122.54148952580528	190.11154540141163	155	56.0768369780575	29.30420437527447	88.43941165078763	176.00983651371843	156	0.02938718381740828	0.00439453125	0.00823974609375	0.03851318359375
snapshots/2026-08/ibm_fez/20260801T151949000000Z.json	20260801T151949000000Z	ibm_fez	2026-08-01T15:19:49+00:00	2026-08-01T15:19:49+00:00	156		128.77543322604504	96.93509751893825	0.01883873572716346	156	44.776395537188726	75.47607994451315	122.54148952580528	190.11154540141163	155	56.0768369780575	29.30420437527447	88.43941165078763	176.00983651371843	156	0.03330417482883824	0.00457763671875	0.0081787109375	0.038818359375
snapshots/2026-08/ibm_fez/20260801T160632000000Z.json	20260801T160632000000Z	ibm_fez	2026-08-01T16:06:32+00:00	2026-08-01T16:06:32+00:00	156		128.77543322604504	96.93509751893825	0.01883873572716346	156	44.776395537188726	75.47607994451315	122.54148952580528	190.11154540141163	155	56.0768369780575	29.30420437527447	88.43941165078763	176.00983651371843	156	0.03330417482883824	0.00457763671875	0.0081787109375	0.038818359375
snapshots/2026-08/ibm_fez/20260801T173752000000Z.json	20260801T173752000000Z	ibm_fez	2026-08-01T17:37:52+00:00	2026-08-01T17:37:52+00:00	156		128.77543322604504	96.93509751893825	0.01883873572716346	156	44.776395537188726	75.47607994451315	122.54148952580528	190.11154540141163	155	56.0768369780575	29.30420437527447	88.43941165078763	176.00983651371843	156	0.03330417482883824	0.00457763671875	0.0081787109375	0.038818359375
snapshots/2026-08/ibm_fez/20260801T190642000000Z.json	20260801T190642000000Z	ibm_fez	2026-08-01T19:06:42+00:00	2026-08-01T19:06:42+00:00	156		128.77543322604504	96.93509751893825	0.017291729266826924	156	44.776395537188726	75.47607994451315	122.54148952580528	190.11154540141163	155	56.0768369780575	29.30420437527447	88.43941165078763	176.00983651371843	156	0.029346830878934856	0.00445556640625	0.00836181640625	0.0377197265625
snapshots/2026-08/ibm_fez/20260801T203431000000Z.json	20260801T203431000000Z	ibm_fez	2026-08-01T20:34:31+00:00	2026-08-01T20:34:31+00:00	156		128.77543322604504	96.93509751893825	0.017291729266826924	156	44.776395537188726	75.47607994451315	122.54148952580528	190.11154540141163	155	56.0768369780575	29.30420437527447	88.43941165078763	176.00983651371843	156	0.029346830878934856	0.00445556640625	0.00836181640625	0.0377197265625
snapshots/2026-08/ibm_fez/20260801T221228000000Z.json	20260801T221228000000Z	ibm_fez	2026-08-01T22:12:28+00:00	2026-08-01T22:12:28+00:00	156		128.77543322604504	96.93509751893825	0.017291729266826924	156	44.776395537188726	75.47607994451315	122.54148952580528	190.11154540141163	155	56.0768369780575	29.30420437527447	88.43941165078763	176.00983651371843	156	0.029346830878934856	0.00445556640625	0.00836181640625	0.0377197265625
snapshots/2026-08/ibm_fez/20260802T002517000000Z.json	20260802T002517000000Z	ibm_fez	2026-08-02T00:25:17+00:00	2026-08-02T00:25:17+00:00	156		128.77543322604504	96.93509751893825	0.018661107772435896	156	44.776395537188726	75.47607994451315	122.54148952580528	190.11154540141163	155	56.0768369780575	29.30420437527447	88.43941165078763	176.00983651371843	156	0.03107791315513853	0.00457763671875	0.00927734375	0.04425048828125
snapshots/2026-08/ibm_fez/20260802T023922000000Z.json	20260802T023922000000Z	ibm_fez	2026-08-02T02:39:22+00:00	2026-08-02T02:39:22+00:00	156		128.77543322604504	96.93509751893825	0.018661107772435896	156	44.776395537188726	75.47607994451315	122.54148952580528	190.11154540141163	155	56.0768369780575	29.30420437527447	88.43941165078763	176.00983651371843	156	0.03107791315513853	0.00457763671875	0.00927734375	0.04425048828125
snapshots/2026-08/ibm_fez/20260802T071417000000Z.json	20260802T071417000000Z	ibm_fez	2026-08-02T07:14:17+00:00	2026-08-02T07:14:17+00:00	156		128.77543322604504	96.93509751893825	0.019272241836939104	156	44.776395537188726	75.47607994451315	122.54148952580528	190.11154540141163	155	56.0768369780575	29.30420437527447	88.43941165078763	176.00983651371843	156	0.03320671031189971	0.00439453125	0.00970458984375	0.03973388671875
snapshots/2026-08/ibm_fez/20260802T095830000000Z.json	20260802T095830000000Z	ibm_fez	2026-08-02T09:58:30+00:00	2026-08-02T09:58:30+00:00	156		128.77543322604504	96.93509751893825	0.018019456129807692	156	44.776395537188726	75.47607994451315	122.54148952580528	190.11154540141163	155	56.0768369780575	29.30420437527447	88.43941165078763	176.00983651371843	156	0.03265135630977023	0.00439453125	0.0084228515625	0.037841796875
snapshots/2026-08/ibm_fez/20260802T111558000000Z.json	20260802T111558000000Z	ibm_fez	2026-08-02T11:15:58+00:00	2026-08-02T11:15:58+00:00	156		131.26050095976058	97.03647182484006	0.018019456129807692	156	46.56130594640913	77.14415038698854	132.77738190185988	190.41987120688418	155	52.87988361494325	34.100790375839544	95.73645904609808	159.56739603531898	156	0.03265135630977023	0.00439453125	0.0084228515625	0.037841796875
snapshots/2026-08/ibm_fez/20260802T134256000000Z.json	20260802T134256000000Z	ibm_fez	2026-08-02T13:42:56+00:00	2026-08-02T13:42:56+00:00	156		131.26050095976058	97.03647182484006	0.019007756159855768	156	46.56130594640913	77.14415038698854	132.77738190185988	190.41987120688418	155	52.87988361494325	34.100790375839544	95.73645904609808	159.56739603531898	156	0.037019516572696934	0.00445556640625	0.00823974609375	0.03765869140625
snapshots/2026-08/ibm_fez/20260802T140701000000Z.json	20260802T140701000000Z	ibm_fez	2026-08-02T14:07:01+00:00	2026-08-02T14:07:01+00:00	156		131.26050095976058	97.03647182484006	0.019007756159855768	156	46.56130594640913	77.14415038698854	132.77738190185988	190.41987120688418	155	52.87988361494325	34.100790375839544	95.73645904609808	159.56739603531898	156	0.037019516572696934	0.00445556640625	0.00823974609375	0.03765869140625
snapshots/2026-08/ibm_fez/20260802T170855000000Z.json	20260802T170855000000Z	ibm_fez	2026-08-02T17:08:55+00:00	2026-08-02T17:08:55+00:00	156		131.26050095976058	97.03647182484006	0.018306634364983976	156	46.56130594640913	77.14415038698854	132.77738190185988	190.41987120688418	155	52.87988361494325	34.100790375839544	95.73645904609808	159.56739603531898	156	0.03212975249608964	0.0040283203125	0.00811767578125	0.03985595703125
snapshots/2026-08/ibm_fez/20260802T173755000000Z.json	20260802T173755000000Z	ibm_fez	2026-08-02T17:37:55+00:00	2026-08-02T17:37:55+00:00	156		131.26050095976058	97.03647182484006	0.018306634364983976	156	46.56130594640913	77.14415038698854	132.77738190185988	190.41987120688418	155	52.87988361494325	34.100790375839544	95.73645904609808	159.56739603531898	156	0.03212975249608964	0.0040283203125	0.00811767578125	0.03985595703125
snapshots/2026-08/ibm_fez/20260802T183604000000Z.json	20260802T183604000000Z	ibm_fez	2026-08-02T18:36:04+00:00	2026-08-02T18:36:04+00:00	156		131.26050095976058	97.03647182484006	0.018306634364983976	156	46.56130594640913	77.14415038698854	132.77738190185988	190.41987120688418	155	52.87988361494325	34.100790375839544	95.73645904609808	159.56739603531898	156	0.03212975249608964	0.0040283203125	0.00811767578125	0.03985595703125
snapshots/2026-08/ibm_fez/20260802T201010000000Z.json	20260802T201010000000Z	ibm_fez	2026-08-02T20:10:10+00:00	2026-08-02T20:10:10+00:00	156		131.26050095976058	97.03647182484006	0.01849991235977564	156	46.56130594640913	77.14415038698854	132.77738190185988	190.41987120688418	155	52.87988361494325	34.100790375839544	95.73645904609808	159.56739603531898	156	0.03198218529299728	0.0045166015625	0.008056640625	0.0367431640625
snapshots/2026-08/ibm_fez/20260802T220618000000Z.json	20260802T220618000000Z	ibm_fez	2026-08-02T22:06:18+00:00	2026-08-02T22:06:18+00:00	156		131.26050095976058	97.03647182484006	0.01849991235977564	156	46.56130594640913	77.14415038698854	132.77738190185988	190.41987120688418	155	52.87988361494325	34.100790375839544	95.73645904609808	159.56739603531898	156	0.03198218529299728	0.0045166015625	0.008056640625	0.0367431640625
snapshots/2026-08/ibm_fez/20260802T230618000000Z.json	20260802T230618000000Z	ibm_fez	2026-08-02T23:06:18+00:00	2026-08-02T23:06:18+00:00	156		131.26050095976058	97.03647182484006	0.01849991235977564	156	46.56130594640913	77.14415038698854	132.77738190185988	190.41987120688418	155	52.87988361494325	34.100790375839544	95.73645904609808	159.56739603531898	156	0.03198218529299728	0.0045166015625	0.008056640625	0.0367431640625
snapshots/2026-08/ibm_fez/20260803T003622000000Z.json	20260803T003622000000Z	ibm_fez	2026-08-03T00:36:22+00:00	2026-08-03T00:36:22+00:00	156		131.26050095976058	97.03647182484006	0.018539819961939104	156	46.56130594640913	77.14415038698854	132.77738190185988	190.41987120688418	155	52.87988361494325	34.100790375839544	95.73645904609808	159.56739603531898	156	0.03085914989605449	0.00421142578125	0.00830078125	0.0428466796875
snapshots/2026-08/ibm_fez/20260803T033328000000Z.json	20260803T033328000000Z	ibm_fez	2026-08-03T03:33:28+00:00	2026-08-03T03:33:28+00:00	156		131.26050095976058	97.03647182484006	0.017813658102964744	156	46.56130594640913	77.14415038698854	132.77738190185988	190.41987120688418	155	52.87988361494325	34.100790375839544	95.73645904609808	159.56739603531898	156	0.02959253284010599	0.00445556640625	0.009033203125	0.03790283203125
snapshots/2026-08/ibm_fez/20260803T074755000000Z.json	20260803T074755000000Z	ibm_fez	2026-08-03T07:47:55+00:00	2026-08-03T07:47:55+00:00	156		131.26050095976058	97.03647182484006	0.019527337489983976	156	46.56130594640913	77.14415038698854	132.77738190185988	190.41987120688418	155	52.87988361494325	34.100790375839544	95.73645904609808	159.56739603531898	156	0.0400698093874864	0.0045166015625	0.00872802734375	0.0379638671875
snapshots/2026-08/ibm_fez/20260803T115006000000Z.json	20260803T115006000000Z	ibm_fez	2026-08-03T11:50:06+00:00	2026-08-03T11:50:06+00:00	156		130.03343769719496	96.28256909547194	0.018702580378605768	156	47.64332667605884	78.32640728263529	124.7659305407435	186.08746051207004	155	53.25968721428411	27.648950471571975	93.35430831541788	165.47010567298548	156	0.03407478797729455	0.0047607421875	0.00909423828125	0.0413818359375
snapshots/2026-08/ibm_fez/20260803T144012000000Z.json	20260803T144012000000Z	ibm_fez	2026-08-03T14:40:12+00:00	2026-08-03T14:40:12+00:00	156		130.03343769719496	96.28256909547194	0.018702580378605768	156	47.64332667605884	78.32640728263529	124.7659305407435	186.08746051207004	155	53.25968721428411	27.648950471571975	93.35430831541788	165.47010567298548	156	0.03407478797729455	0.0047607421875	0.00909423828125	0.0413818359375
snapshots/2026-08/ibm_fez/20260803T170312000000Z.json	20260803T170312000000Z	ibm_fez	2026-08-03T17:03:12+00:00	2026-08-03T17:03:12+00:00	156		130.03343769719496	96.28256909547194	0.018702580378605768	156	47.64332667605884	78.32640728263529	124.7659305407435	186.08746051207004	155	53.25968721428411	27.648950471571975	93.35430831541788	165.47010567298548	156	0.03407478797729455	0.0047607421875	0.00909423828125	0.0413818359375
snapshots/2026-08/ibm_fez/20260803T195603000000Z.json	20260803T195603000000Z	ibm_fez	2026-08-03T19:56:03+00:00	2026-08-03T19:56:03+00:00	156		130.03343769719496	96.28256909547194	0.018058581229967948	156	47.64332667605884	78.32640728263529	124.7659305407435	186.08746051207004	155	53.25968721428411	27.648950471571975	93.35430831541788	165.47010567298548	156	0.03289130128408877	0.00421142578125	0.00830078125	0.03448486328125
snapshots/2026-08/ibm_fez/20260803T212051000000Z.json	20260803T212051000000Z	ibm_fez	2026-08-03T21:20:51+00:00	2026-08-03T21:20:51+00:00	156		130.03343769719496	96.28256909547194	0.018058581229967948	156	47.64332667605884	78.32640728263529	124.7659305407435	186.08746051207004	155	53.25968721428411	27.648950471571975	93.35430831541788	165.47010567298548	156	0.03289130128408877	0.00421142578125	0.00830078125	0.03448486328125
snapshots/2026-08/ibm_fez/20260803T231001000000Z.json	20260803T231001000000Z	ibm_fez	2026-08-03T23:10:01+00:00	2026-08-03T23:10:01+00:00	156		130.03343769719496	96.28256909547194	0.018058581229967948	156	47.64332667605884	78.32640728263529	124.7659305407435	186.08746051207004	155	53.25968721428411	27.648950471571975	93.35430831541788	165.47010567298548	156	0.03289130128408877	0.00421142578125	0.00830078125	0.03448486328125
snapshots/2026-08/ibm_fez/20260804T005230000000Z.json	20260804T005230000000Z	ibm_fez	2026-08-04T00:52:30+00:00	2026-08-04T00:52:30+00:00	156		130.03343769719496	96.28256909547194	0.017834003155048076	156	47.64332667605884	78.32640728263529	124.7659305407435	186.08746051207004	155	53.25968721428411	27.648950471571975	93.35430831541788	165.47010567298548	156	0.031393505440162915	0.00421142578125	0.0089111328125	0.0367431640625
snapshots/2026-08/ibm_fez/20260804T095236000000Z.json	20260804T095236000000Z	ibm_fez	2026-08-04T09:52:36+00:00	2026-08-04T09:52:36+00:00	156		129.11206942947246	94.06873931933879	0.019213554186698716	156	44.31727839418984	71.52774661805262	133.67852188184088	184.3756015089835	155	51.97108722141124	29.787160674021347	91.61050970146829	160.5203608202899	156	0.03557048306954878	0.00439453125	0.0096435546875	0.0411376953125
snapshots/2026-08/ibm_fez/20260804T114719000000Z.json	20260804T114719000000Z	ibm_fez	2026-08-04T11:47:19+00:00	2026-08-04T11:47:19+00:00	156		129.11206942947246	94.06873931933879	0.019213554186698716	156	44.31727839418984	71.52774661805262	133.67852188184088	184.3756015089835	155	51.97108722141124	29.787160674021347	91.61050970146829	160.5203608202899	156	0.03557048306954878	0.00439453125	0.0096435546875	0.0411376953125
snapshots/2026-08/ibm_fez/20260804T144138000000Z.json	20260804T144138000000Z	ibm_fez	2026-08-04T14:41:38+00:00	2026-08-04T14:41:38+00:00	156		129.11206942947246	94.06873931933879	0.01885047325721154	156	44.31727839418984	71.52774661805262	133.67852188184088	184.3756015089835	155	51.97108722141124	29.787160674021347	91.61050970146829	160.5203608202899	156	0.03576831246397545	0.0048828125	0.0089111328125	0.03839111328125
snapshots/2026-08/ibm_fez/20260804T162952000000Z.json	20260804T162952000000Z	ibm_fez	2026-08-04T16:29:52+00:00	2026-08-04T16:29:52+00:00	156		129.11206942947246	94.06873931933879	0.01885047325721154	156	44.31727839418984	71.52774661805262	133.67852188184088	184.3756015089835	155	51.97108722141124	29.787160674021347	91.61050970146829	160.5203608202899	156	0.03576831246397545	0.0048828125	0.0089111328125	0.03839111328125
snapshots/2026-08/ibm_fez/20260804T184427000000Z.json	20260804T184427000000Z	ibm_fez	2026-08-04T18:44:27+00:00	2026-08-04T18:44:27+00:00	156		129.11206942947246	94.06873931933879	0.01885047325721154	156	44.31727839418984	71.52774661805262	133.67852188184088	184.3756015089835	155	51.97108722141124	29.787160674021347	91.61050970146829	160.5203608202899	156	0.03576831246397545	0.0048828125	0.0089111328125	0.03839111328125
snapshots/2026-08/ibm_fez/20260804T195941000000Z.json	20260804T195941000000Z	ibm_fez	2026-08-04T19:59:41+00:00	2026-08-04T19:59:41+00:00	156		129.11206942947246	94.06873931933879	0.019481169871794872	156	44.31727839418984	71.52774661805262	133.67852188184088	184.3756015089835	155	51.97108722141124	29.787160674021347	91.61050970146829	160.5203608202899	156	0.03945712656629617	0.00439453125	0.0089111328125	0.04400634765625
snapshots/2026-08/ibm_fez/20260804T222611000000Z.json	20260804T222611000000Z	ibm_fez	2026-08-04T22:26:11+00:00	2026-08-04T22:26:11+00:00	156		129.11206942947246	94.06873931933879	0.019481169871794872	156	44.31727839418984	71.52774661805262	133.67852188184088	184.3756015089835	155	51.97108722141124	29.787160674021347	91.61050970146829	160.5203608202899	156	0.03945712656629617	0.00439453125	0.0089111328125	0.04400634765625
snapshots/2026-08/ibm_fez/20260804T235923000000Z.json	20260804T235923000000Z	ibm_fez	2026-08-04T23:59:23+00:00	2026-08-04T23:59:23+00:00	156		129.11206942947246	94.06873931933879	0.020800468249198716	156	44.31727839418984	71.52774661805262	133.67852188184088	184.3756015089835	155	51.97108722141124	29.787160674021347	91.61050970146829	160.5203608202899	156	0.03814807723825985	0.004638671875	0.00909423828125	0.04510498046875
snapshots/2026-08/ibm_fez/20260805T031940000000Z.json	20260805T031940000000Z	ibm_fez	2026-08-05T03:19:40+00:00	2026-08-05T03:19:40+00:00	156		129.11206942947246	94.06873931933879	0.017912253355368588	156	44.31727839418984	71.52774661805262	133.67852188184088	184.3756015089835	155	51.97108722141124	29.787160674021347	91.61050970146829	160.5203608202899	156	0.032392615425531825	0.00445556640625	0.008544921875	0.04144287109375
snapshots/2026-08/ibm_fez/20260805T073818000000Z.json	20260805T073818000000Z	ibm_fez	2026-08-05T07:38:18+00:00	2026-08-05T07:38:18+00:00	156		129.11206942947246	94.06873931933879	0.018778483072916668	156	44.31727839418984	71.52774661805262	133.67852188184088	184.3756015089835	155	51.97108722141124	29.787160674021347	91.61050970146829	160.5203608202899	156	0.03450582793552662	0.0048828125	0.00860595703125	0.04071044921875
snapshots/2026-08/ibm_fez/20260805T102630000000Z.json	20260805T102630000000Z	ibm_fez	2026-08-05T10:26:30+00:00	2026-08-05T10:26:30+00:00	156		124.63699864238674	94.65420159208854	0.018526517427884616	156	45.25724505770673	74.16855875779612	117.4807540067657	191.81658622082628	155	51.005977083271155	30.374371138370247	95.80893688356464	160.55262766129513	156	0.03221227557366491	0.00439453125	0.008544921875	0.0443115234375
snapshots/2026-08/ibm_fez/20260805T123809000000Z.json	20260805T123809000000Z	ibm_fez	2026-08-05T12:38:09+00:00	2026-08-05T12:38:09+00:00	156		124.63699864238674	94.65420159208854	0.023411677433894232	156	45.25724505770673	74.16855875779612	117.4807540067657	191.81658622082628	155	51.005977083271155	30.374371138370247	95.80893688356464	160.55262766129513	156	0.05472043185811793	0.004638671875	0.009521484375	0.04205322265625
snapshots/2026-08/ibm_fez/20260805T151440000000Z.json	20260805T151440000000Z	ibm_fez	2026-08-05T15:14:40+00:00	2026-08-05T15:14:40+00:00	156		124.63699864238674	94.65420159208854	0.023411677433894232	156	45.25724505770673	74.16855875779612	117.4807540067657	191.81658622082628	155	51.005977083271155	30.374371138370247	95.80893688356464	160.55262766129513	156	0.05472043185811793	0.004638671875	0.009521484375	0.04205322265625
snapshots/2026-08/ibm_fez/20260805T171847000000Z.json	20260805T171847000000Z	ibm_fez	2026-08-05T17:18:47+00:00	2026-08-05T17:18:47+00:00	156		124.63699864238674	94.65420159208854	0.023411677433894232	156	45.25724505770673	74.16855875779612	117.4807540067657	191.81658622082628	155	51.005977083271155	30.374371138370247	95.80893688356464	160.55262766129513	156	0.05472043185811793	0.004638671875	0.009521484375	0.04205322265625
snapshots/2026-08/ibm_fez/20260805T183551000000Z.json	20260805T183551000000Z	ibm_fez	2026-08-05T18:35:51+00:00	2026-08-05T18:35:51+00:00	156		124.63699864238674	94.65420159208854	0.023411677433894232	156	45.25724505770673	74.16855875779612	117.4807540067657	191.81658622082628	155	51.005977083271155	30.374371138370247	95.80893688356464	160.55262766129513	156	0.05472043185811793	0.004638671875	0.009521484375	0.04205322265625
snapshots/2026-08/ibm_fez/20260805T212215000000Z.json	20260805T212215000000Z	ibm_fez	2026-08-05T21:22:15+00:00	2026-08-05T21:22:15+00:00	156		124.63699864238674	94.65420159208854	0.026985364082532052	156	45.25724505770673	74.16855875779612	117.4807540067657	191.81658622082628	155	51.005977083271155	30.374371138370247	95.80893688356464	160.55262766129513	156	0.06647375057201137	0.0048828125	0.0108642578125	0.04864501953125
snapshots/2026-08/ibm_fez/20260805T230651000000Z.json	20260805T230651000000Z	ibm_fez	2026-08-05T23:06:51+00:00	2026-08-05T23:06:51+00:00	156		124.63699864238674	94.65420159208854	0.026985364082532052	156	45.25724505770673	74.16855875779612	117.4807540067657	191.81658622082628	155	51.005977083271155	30.374371138370247	95.80893688356464	160.55262766129513	156	0.06647375057201137	0.0048828125	0.0108642578125	0.04864501953125
snapshots/2026-08/ibm_fez/20260806T002659000000Z.json	20260806T002659000000Z	ibm_fez	2026-08-06T00:26:59+00:00	2026-08-06T00:26:59+00:00	156		124.63699864238674	94.65420159208854	0.026985364082532052	156	45.25724505770673	74.16855875779612	117.4807540067657	191.81658622082628	155	51.005977083271155	30.374371138370247	95.80893688356464	160.55262766129513	156	0.06647375057201137	0.0048828125	0.0108642578125	0.04864501953125
snapshots/2026-08/ibm_fez/20260806T033034000000Z.json	20260806T033034000000Z	ibm_fez	2026-08-06T03:30:34+00:00	2026-08-06T03:30:34+00:00	156		124.63699864238674	94.65420159208854	0.017488919771634616	156	45.25724505770673	74.16855875779612	117.4807540067657	191.81658622082628	155	51.005977083271155	30.374371138370247	95.80893688356464	160.55262766129513	156	0.03194185938898605	0.00439453125	0.0084228515625	0.03363037109375
snapshots/2026-08/ibm_fez/20260806T070502000000Z.json	20260806T070502000000Z	ibm_fez	2026-08-06T07:05:02+00:00	2026-08-06T07:05:02+00:00	156		124.63699864238674	94.65420159208854	0.018675975310496796	156	45.25724505770673	74.16855875779612	117.4807540067657	191.81658622082628	155	51.005977083271155	30.374371138370247	95.80893688356464	160.55262766129513	156	0.03293152971615958	0.00372314453125	0.0087890625	0.04315185546875
snapshots/2026-08/ibm_fez/20260806T100715000000Z.json	20260806T100715000000Z	ibm_fez	2026-08-06T10:07:15+00:00	2026-08-06T10:07:15+00:00	156		137.1880534080861	101.05015941770145	0.020402957231570512	156	50.50107879895352	73.9867223319266	133.43487577634016	201.73725148573538	155	55.598164201613265	32.63418920089218	97.58581315559852	176.22752981968935	156	0.03468532503531878	0.004638671875	0.009521484375	0.047119140625
snapshots/2026-08/ibm_fez/20260806T122947000000Z.json	20260806T122947000000Z	ibm_fez	2026-08-06T12:29:47+00:00	2026-08-06T12:29:47+00:00	156		137.1880534080861	101.05015941770145	0.018607115134214744	156	50.50107879895352	73.9867223319266	133.43487577634016	201.73725148573538	155	55.598164201613265	32.63418920089218	97.58581315559852	176.22752981968935	156	0.0327459258007217	0.00439453125	0.0086669921875	0.042724609375
snapshots/2026-08/ibm_fez/20260807T032159000000Z.json	20260807T032159000000Z	ibm_fez	2026-08-07T03:21:59+00:00	2026-08-07T03:21:59+00:00	156		137.1880534080861	101.05015941770145	0.018326196915064104	156	50.50107879895352	73.9867223319266	133.43487577634016	201.73725148573538	155	55.598164201613265	32.63418920089218	97.58581315559852	176.22752981968935	156	0.032167016759703716	0.00421142578125	0.00836181640625	0.04034423828125
snapshots/2026-08/ibm_fez/20260810T140235000000Z.json	20260810T140235000000Z	ibm_fez	2026-08-10T14:02:35+00:00	2026-08-10T14:02:35+00:00	156		112.83816894841776	85.96778749879427	0.018993671123798076	156	41.32197745436473	65.58546044472087	109.90002207050243	160.66090277319773	155	48.576596691450725	28.026075084649484	78.21954364261519	155.15247774225824	156	0.03245919508932321	0.00482177734375	0.008544921875	0.04052734375
snapshots/2026-08/ibm_fez/20260812T055918000000Z.json	20260812T055918000000Z	ibm_fez	2026-08-12T05:59:18+00:00	2026-08-12T05:59:18+00:00	156		113.18435482064415	85.94082794206714	0.021930401141826924	156	38.49936969811463	64.31014960574447	111.60716487279953	167.11461377995744	155	50.78069097155927	25.34356554113622	80.24507776280198	156.57626481920215	156	0.04197321023859292	0.0042724609375	0.010009765625	0.045166015625
snapshots/2026-08/ibm_fez/20260812T083153000000Z.json	20260812T083153000000Z	ibm_fez	2026-08-12T08:31:53+00:00	2026-08-12T08:31:53+00:00	156		113.18435482064415	85.94082794206714	0.021930401141826924	156	38.49936969811463	64.31014960574447	111.60716487279953	167.11461377995744	155	50.78069097155927	25.34356554113622	80.24507776280198	156.57626481920215	156	0.04197321023859292	0.0042724609375	0.010009765625	0.045166015625
snapshots/2026-08/ibm_fez/20260812T094423000000Z.json	20260812T094423000000Z	ibm_fez	2026-08-12T09:44:23+00:00	2026-08-12T09:44:23+00:00	156		113.18435482064415	85.94082794206714	0.021930401141826924	156	38.49936969811463	64.31014960574447	111.60716487279953	167.11461377995744	155	50.78069097155927	25.34356554113622	80.24507776280198	156.57626481920215	156	0.04197321023859292	0.0042724609375	0.010009765625	0.045166015625
snapshots/2026-08/ibm_fez/20260812T111630000000Z.json	20260812T111630000000Z	ibm_fez	2026-08-12T11:16:30+00:00	2026-08-12T11:16:30+00:00	156		113.18435482064415	85.94082794206714	0.020942883613782052	156	38.49936969811463	64.31014960574447	111.60716487279953	167.11461377995744	155	50.78069097155927	25.34356554113622	80.24507776280198	156.57626481920215	156	0.03425257402353314	0.0047607421875	0.00927734375	0.04840087890625
snapshots/2026-08/ibm_fez/20260812T122631000000Z.json	20260812T122631000000Z	ibm_fez	2026-08-12T12:26:31+00:00	2026-08-12T12:26:31+00:00	156		113.18435482064415	85.94082794206714	0.020942883613782052	156	38.49936969811463	64.31014960574447	111.60716487279953	167.11461377995744	155	50.78069097155927	25.34356554113622	80.24507776280198	156.57626481920215	156	0.03425257402353314	0.0047607421875	0.00927734375	0.04840087890625
snapshots/2026-08/ibm_fez/20260812T141852000000Z.json	20260812T141852000000Z	ibm_fez	2026-08-12T14:18:52+00:00	2026-08-12T14:18:52+00:00	156		113.18435482064415	85.94082794206714	0.020942883613782052	156	38.49936969811463	64.31014960574447	111.60716487279953	167.11461377995744	155	50.78069097155927	25.34356554113622	80.24507776280198	156.57626481920215	156	0.03425257402353314	0.0047607421875	0.00927734375	0.04840087890625
snapshots/2026-08/ibm_fez/20260812T155526000000Z.json	20260812T155526000000Z	ibm_fez	2026-08-12T15:55:26+00:00	2026-08-12T15:55:26+00:00	156		113.18435482064415	85.94082794206714	0.020942883613782052	156	38.49936969811463	64.31014960574447	111.60716487279953	167.11461377995744	155	50.78069097155927	25.34356554113622	80.24507776280198	156.57626481920215	156	0.03425257402353314	0.0047607421875	0.00927734375	0.04840087890625
snapshots/2026-08/ibm_fez/20260812T170935000000Z.json	20260812T170935000000Z	ibm_fez	2026-08-12T17:09:35+00:00	2026-08-12T17:09:35+00:00	156		113.18435482064415	85.94082794206714	0.020942883613782052	156	38.49936969811463	64.31014960574447	111.60716487279953	167.11461377995744	155	50.78069097155927	25.34356554113622	80.24507776280198	156.57626481920215	156	0.03425257402353314	0.0047607421875	0.00927734375	0.04840087890625
snapshots/2026-08/ibm_fez/20260812T185740000000Z.json	20260812T185740000000Z	ibm_fez	2026-08-12T18:57:40+00:00	2026-08-12T18:57:40+00:00	156		113.18435482064415	85.94082794206714	0.021594707782451924	156	38.49936969811463	64.31014960574447	111.60716487279953	167.11461377995744	155	50.78069097155927	25.34356554113622	80.24507776280198	156.57626481920215	156	0.04675488778641538	0.00482177734375	0.00885009765625	0.04541015625
snapshots/2026-08/ibm_fez/20260812T210102000000Z.json	20260812T210102000000Z	ibm_fez	2026-08-12T21:01:02+00:00	2026-08-12T21:01:02+00:00	156		113.18435482064415	85.94082794206714	0.021594707782451924	156	38.49936969811463	64.31014960574447	111.60716487279953	167.11461377995744	155	50.78069097155927	25.34356554113622	80.24507776280198	156.57626481920215	156	0.04675488778641538	0.00482177734375	0.00885009765625	0.04541015625
snapshots/2026-08/ibm_fez/20260812T221321000000Z.json	20260812T221321000000Z	ibm_fez	2026-08-12T22:13:21+00:00	2026-08-12T22:13:21+00:00	156		113.18435482064415	85.94082794206714	0.019854423327323716	156	38.49936969811463	64.31014960574447	111.60716487279953	167.11461377995744	155	50.78069097155927	25.34356554113622	80.24507776280198	156.57626481920215	156	0.03781522119302631	0.00482177734375	0.00885009765625	0.03985595703125
snapshots/2026-08/ibm_fez/20260812T230810000000Z.json	20260812T230810000000Z	ibm_fez	2026-08-12T23:08:10+00:00	2026-08-12T23:08:10+00:00	156		113.18435482064415	85.94082794206714	0.019854423327323716	156	38.49936969811463	64.31014960574447	111.60716487279953	167.11461377995744	155	50.78069097155927	25.34356554113622	80.24507776280198	156.57626481920215	156	0.03781522119302631	0.00482177734375	0.00885009765625	0.03985595703125
snapshots/2026-08/ibm_fez/20260813T013648000000Z.json	20260813T013648000000Z	ibm_fez	2026-08-13T01:36:48+00:00	2026-08-13T01:36:48+00:00	156		113.18435482064415	85.94082794206714	0.019854423327323716	156	38.49936969811463	64.31014960574447	111.60716487279953	167.11461377995744	155	50.78069097155927	25.34356554113622	80.24507776280198	156.57626481920215	156	0.03781522119302631	0.00482177734375	0.00885009765625	0.03985595703125
snapshots/2026-08/ibm_fez/20260813T032643000000Z.json	20260813T032643000000Z	ibm_fez	2026-08-13T03:26:43+00:00	2026-08-13T03:26:43+00:00	156		113.18435482064415	85.94082794206714	0.019854423327323716	156	38.49936969811463	64.31014960574447	111.60716487279953	167.11461377995744	155	50.78069097155927	25.34356554113622	80.24507776280198	156.57626481920215	156	0.03781522119302631	0.00482177734375	0.00885009765625	0.03985595703125
snapshots/2026-08/ibm_fez/20260813T062300000000Z.json	20260813T062300000000Z	ibm_fez	2026-08-13T06:23:00+00:00	2026-08-13T06:23:00+00:00	156		122.31264064721145	96.01820159817527	0.017956855969551284	156	50.335103705419215	70.37814775503227	115.93920877297325	178.13712229914313	155	57.21488454890253	24.07994910790505	95.19587998277419	182.7505810699118	156	0.02965070189164942	0.004638671875	0.0087890625	0.03857421875
snapshots/2026-08/ibm_fez/20260813T082106000000Z.json	20260813T082106000000Z	ibm_fez	2026-08-13T08:21:06+00:00	2026-08-13T08:21:06+00:00	156		122.31264064721145	96.01820159817527	0.017956855969551284	156	50.335103705419215	70.37814775503227	115.93920877297325	178.13712229914313	155	57.21488454890253	24.07994910790505	95.19587998277419	182.7505810699118	156	0.02965070189164942	0.004638671875	0.0087890625	0.03857421875
snapshots/2026-08/ibm_fez/20260813T101037000000Z.json	20260813T101037000000Z	ibm_fez	2026-08-13T10:10:37+00:00	2026-08-13T10:10:37+00:00	156		122.31264064721145	96.01820159817527	0.017956855969551284	156	50.335103705419215	70.37814775503227	115.93920877297325	178.13712229914313	155	57.21488454890253	24.07994910790505	95.19587998277419	182.7505810699118	156	0.02965070189164942	0.004638671875	0.0087890625	0.03857421875
snapshots/2026-08/ibm_fez/20260813T114211000000Z.json	20260813T114211000000Z	ibm_fez	2026-08-13T11:42:11+00:00	2026-08-13T11:42:11+00:00	156		122.31264064721145	96.01820159817527	0.018688495342548076	156	50.335103705419215	70.37814775503227	115.93920877297325	178.13712229914313	155	57.21488454890253	24.07994910790505	95.19587998277419	182.7505810699118	156	0.03376022317013447	0.0045166015625	0.009521484375	0.04046630859375
snapshots/2026-08/ibm_fez/20260813T141142000000Z.json	20260813T141142000000Z	ibm_fez	2026-08-13T14:11:42+00:00	2026-08-13T14:11:42+00:00	156		122.31264064721145	96.01820159817527	0.018688495342548076	156	50.335103705419215	70.37814775503227	115.93920877297325	178.13712229914313	155	57.21488454890253	24.07994910790505	95.19587998277419	182.7505810699118	156	0.03376022317013447	0.0045166015625	0.009521484375	0.04046630859375
snapshots/2026-08/ibm_fez/20260813T203406000000Z.json	20260813T203406000000Z	ibm_fez	2026-08-13T20:34:06+00:00	2026-08-13T20:34:06+00:00	156		122.31264064721145	96.01820159817527	0.018688495342548076	156	50.335103705419215	70.37814775503227	115.93920877297325	178.13712229914313	155	57.21488454890253	24.07994910790505	95.19587998277419	182.7505810699118	156	0.03376022317013447	0.0045166015625	0.009521484375	0.04046630859375
snapshots/2026-08/ibm_fez/20260813T205537000000Z.json	20260813T205537000000Z	ibm_fez	2026-08-13T20:55:37+00:00	2026-08-13T20:55:37+00:00	156		122.31264064721145	96.01820159817527	0.018688495342548076	156	50.335103705419215	70.37814775503227	115.93920877297325	178.13712229914313	155	57.21488454890253	24.07994910790505	95.19587998277419	182.7505810699118	156	0.03376022317013447	0.0045166015625	0.009521484375	0.04046630859375
snapshots/2026-08/ibm_fez/20260813T220506000000Z.json	20260813T220506000000Z	ibm_fez	2026-08-13T22:05:06+00:00	2026-08-13T22:05:06+00:00	156		122.31264064721145	96.01820159817527	0.019884940905448716	156	50.335103705419215	70.37814775503227	115.93920877297325	178.13712229914313	155	57.21488454890253	24.07994910790505	95.19587998277419	182.7505810699118	156	0.03634662819729369	0.00439453125	0.0091552734375	0.0423583984375
snapshots/2026-08/ibm_fez/20260813T232324000000Z.json	20260813T232324000000Z	ibm_fez	2026-08-13T23:23:24+00:00	2026-08-13T23:23:24+00:00	156		122.31264064721145	96.01820159817527	0.019884940905448716	156	50.335103705419215	70.37814775503227	115.93920877297325	178.13712229914313	155	57.21488454890253	24.07994910790505	95.19587998277419	182.7505810699118	156	0.03634662819729369	0.00439453125	0.0091552734375	0.0423583984375
snapshots/2026-08/ibm_fez/20260814T013807000000Z.json	20260814T013807000000Z	ibm_fez	2026-08-14T01:38:07+00:00	2026-08-14T01:38:07+00:00	156		122.31264064721145	96.01820159817527	0.019884940905448716	156	50.335103705419215	70.37814775503227	115.93920877297325	178.13712229914313	155	57.21488454890253	24.07994910790505	95.19587998277419	182.7505810699118	156	0.03634662819729369	0.00439453125	0.0091552734375	0.0423583984375
snapshots/2026-08/ibm_fez/20260814T033655000000Z.json	20260814T033655000000Z	ibm_fez	2026-08-14T03:36:55+00:00	2026-08-14T03:36:55+00:00	156		122.31264064721145	96.01820159817527	0.019884940905448716	156	50.335103705419215	70.37814775503227	115.93920877297325	178.13712229914313	155	57.21488454890253	24.07994910790505	95.19587998277419	182.7505810699118	156	0.03634662819729369	0.00439453125	0.0091552734375	0.0423583984375
snapshots/2026-08/ibm_fez/20260814T064924000000Z.json	20260814T064924000000Z	ibm_fez	2026-08-14T06:49:24+00:00	2026-08-14T06:49:24+00:00	156		122.31264064721145	96.01820159817527	0.019884940905448716	156	50.335103705419215	70.37814775503227	115.93920877297325	178.13712229914313	155	57.21488454890253	24.07994910790505	95.19587998277419	182.7505810699118	156	0.03634662819729369	0.00439453125	0.0091552734375	0.0423583984375
snapshots/2026-08/ibm_fez/20260814T084737000000Z.json	20260814T084737000000Z	ibm_fez	2026-08-14T08:47:37+00:00	2026-08-14T08:47:37+00:00	156		122.31264064721145	96.01820159817527	0.019884940905448716	156	50.335103705419215	70.37814775503227	115.93920877297325	178.13712229914313	155	57.21488454890253	24.07994910790505	95.19587998277419	182.7505810699118	156	0.03634662819729369	0.00439453125	0.0091552734375	0.0423583984375
snapshots/2026-08/ibm_fez/20260814T104826000000Z.json	20260814T104826000000Z	ibm_fez	2026-08-14T10:48:26+00:00	2026-08-14T10:48:26+00:00	156		122.31264064721145	96.01820159817527	0.017604730068108976	156	50.335103705419215	70.37814775503227	115.93920877297325	178.13712229914313	155	57.21488454890253	24.07994910790505	95.19587998277419	182.7505810699118	156	0.0329714903296131	0.0040283203125	0.0087890625	0.03564453125
snapshots/2026-08/ibm_fez/20260814T115756000000Z.json	20260814T115756000000Z	ibm_fez	2026-08-14T11:57:56+00:00	2026-08-14T11:57:56+00:00	156		126.11536806040549	96.11040778186506	0.017604730068108976	156	49.473565719549455	68.72167184897086	121.06902192249137	187.62860993687602	155	53.676799819005666	28.653955200829373	92.13210656873295	172.49213242805124	156	0.0329714903296131	0.0040283203125	0.0087890625	0.03564453125
snapshots/2026-08/ibm_fez/20260814T124246000000Z.json	20260814T124246000000Z	ibm_fez	2026-08-14T12:42:46+00:00	2026-08-14T12:42:46+00:00	156		126.11536806040549	96.11040778186506	0.017604730068108976	156	49.473565719549455	68.72167184897086	121.06902192249137	187.62860993687602	155	53.676799819005666	28.653955200829373	92.13210656873295	172.49213242805124	156	0.0329714903296131	0.0040283203125	0.0087890625	0.03564453125
snapshots/2026-08/ibm_fez/20260814T135826000000Z.json	20260814T135826000000Z	ibm_fez	2026-08-14T13:58:26+00:00	2026-08-14T13:58:26+00:00	156		126.11536806040549	96.11040778186506	0.017604730068108976	156	49.473565719549455	68.72167184897086	121.06902192249137	187.62860993687602	155	53.676799819005666	28.653955200829373	92.13210656873295	172.49213242805124	156	0.0329714903296131	0.0040283203125	0.0087890625	0.03564453125
snapshots/2026-08/ibm_fez/20260814T153910000000Z.json	20260814T153910000000Z	ibm_fez	2026-08-14T15:39:10+00:00	2026-08-14T15:39:10+00:00	156		126.11536806040549	96.11040778186506	0.017604730068108976	156	49.473565719549455	68.72167184897086	121.06902192249137	187.62860993687602	155	53.676799819005666	28.653955200829373	92.13210656873295	172.49213242805124	156	0.0329714903296131	0.0040283203125	0.0087890625	0.03564453125
snapshots/2026-08/ibm_fez/20260814T163602000000Z.json	20260814T163602000000Z	ibm_fez	2026-08-14T16:36:02+00:00	2026-08-14T16:36:02+00:00	156		126.11536806040549	96.11040778186506	0.017604730068108976	156	49.473565719549455	68.72167184897086	121.06902192249137	187.62860993687602	155	53.676799819005666	28.653955200829373	92.13210656873295	172.49213242805124	156	0.0329714903296131	0.0040283203125	0.0087890625	0.03564453125
snapshots/2026-08/ibm_fez/20260814T174409000000Z.json	20260814T174409000000Z	ibm_fez	2026-08-14T17:44:09+00:00	2026-08-14T17:44:09+00:00	156		126.11536806040549	96.11040778186506	0.017639942658253204	156	49.473565719549455	68.72167184897086	121.06902192249137	187.62860993687602	155	53.676799819005666	28.653955200829373	92.13210656873295	172.49213242805124	156	0.032773708661666054	0.00408935546875	0.00848388671875	0.03759765625
snapshots/2026-08/ibm_fez/20260814T201859000000Z.json	20260814T201859000000Z	ibm_fez	2026-08-14T20:18:59+00:00	2026-08-14T20:18:59+00:00	156		126.11536806040549	96.11040778186506	0.017639942658253204	156	49.473565719549455	68.72167184897086	121.06902192249137	187.62860993687602	155	53.676799819005666	28.653955200829373	92.13210656873295	172.49213242805124	156	0.032773708661666054	0.00408935546875	0.00848388671875	0.03759765625
snapshots/2026-08/ibm_fez/20260817T065740000000Z.json	20260817T065740000000Z	ibm_fez	2026-08-17T06:57:40+00:00	2026-08-17T06:57:40+00:00	156		111.45327706842424	88.22092539250005	0.017797225560897436	156	40.9678880341344	62.581032213396696	108.76121217006377	163.64357498768976	155	48.081377354302134	29.271279479049593	83.88255739761608	151.82314737026573	156	0.031985453854286805	0.00439453125	0.00909423828125	0.03857421875
snapshots/2026-08/ibm_fez/20260817T082108000000Z.json	20260817T082108000000Z	ibm_fez	2026-08-17T08:21:08+00:00	2026-08-17T08:21:08+00:00	156		111.45327706842424	88.22092539250005	0.017797225560897436	156	40.9678880341344	62.581032213396696	108.76121217006377	163.64357498768976	155	48.081377354302134	29.271279479049593	83.88255739761608	151.82314737026573	156	0.031985453854286805	0.00439453125	0.00909423828125	0.03857421875
snapshots/2026-08/ibm_fez/20260817T095054000000Z.json	20260817T095054000000Z	ibm_fez	2026-08-17T09:50:54+00:00	2026-08-17T09:50:54+00:00	156		111.45327706842424	88.22092539250005	0.017797225560897436	156	40.9678880341344	62.581032213396696	108.76121217006377	163.64357498768976	155	48.081377354302134	29.271279479049593	83.88255739761608	151.82314737026573	156	0.031985453854286805	0.00439453125	0.00909423828125	0.03857421875
snapshots/2026-08/ibm_fez/20260817T095701000000Z.json	20260817T095701000000Z	ibm_fez	2026-08-17T09:57:01+00:00	2026-08-17T09:57:01+00:00	156		111.45327706842424	88.22092539250005	0.017797225560897436	156	40.9678880341344	62.581032213396696	108.76121217006377	163.64357498768976	155	48.081377354302134	29.271279479049593	83.88255739761608	151.82314737026573	156	0.031985453854286805	0.00439453125	0.00909423828125	0.03857421875
snapshots/2026-08/ibm_fez/20260817T112833000000Z.json	20260817T112833000000Z	ibm_fez	2026-08-17T11:28:33+00:00	2026-08-17T11:28:33+00:00	156		111.45327706842424	88.22092539250005	0.017797225560897436	156	40.9678880341344	62.581032213396696	108.76121217006377	163.64357498768976	155	48.081377354302134	29.271279479049593	83.88255739761608	151.82314737026573	156	0.031985453854286805	0.00439453125	0.00909423828125	0.03857421875
snapshots/2026-08/ibm_fez/20260817T125009000000Z.json	20260817T125009000000Z	ibm_fez	2026-08-17T12:50:09+00:00	2026-08-17T12:50:09+00:00	156		111.45327706842424	88.22092539250005	0.017797225560897436	156	40.9678880341344	62.581032213396696	108.76121217006377	163.64357498768976	155	48.081377354302134	29.271279479049593	83.88255739761608	151.82314737026573	156	0.031985453854286805	0.00439453125	0.00909423828125	0.03857421875
snapshots/2026-08/ibm_fez/20260817T141736000000Z.json	20260817T141736000000Z	ibm_fez	2026-08-17T14:17:36+00:00	2026-08-17T14:17:36+00:00	156		111.45327706842424	88.22092539250005	0.017797225560897436	156	40.9678880341344	62.581032213396696	108.76121217006377	163.64357498768976	155	48.081377354302134	29.271279479049593	83.88255739761608	151.82314737026573	156	0.031985453854286805	0.00439453125	0.00909423828125	0.03857421875
snapshots/2026-08/ibm_fez/20260817T152636000000Z.json	20260817T152636000000Z	ibm_fez	2026-08-17T15:26:36+00:00	2026-08-17T15:26:36+00:00	156		111.45327706842424	88.22092539250005	0.021014873798076924	156	40.9678880341344	62.581032213396696	108.76121217006377	163.64357498768976	155	48.081377354302134	29.271279479049593	83.88255739761608	151.82314737026573	156	0.04209295124761298	0.00439453125	0.00927734375	0.0499267578125
snapshots/2026-08/ibm_fez/20260817T162735000000Z.json	20260817T162735000000Z	ibm_fez	2026-08-17T16:27:35+00:00	2026-08-17T16:27:35+00:00	156		124.76957152758892	92.0885213496971	0.021014873798076924	156	42.274308994669205	76.47714235880123	121.04781741885913	177.11296987754494	155	50.09635700621903	31.129530918691522	90.21464184173847	153.2291416135619	156	0.04209295124761298	0.00439453125	0.00927734375	0.0499267578125
snapshots/2026-08/ibm_fez/20260817T174011000000Z.json	20260817T174011000000Z	ibm_fez	2026-08-17T17:40:11+00:00	2026-08-17T17:40:11+00:00	156		124.76957152758892	92.0885213496971	0.020726913060897436	156	42.274308994669205	76.47714235880123	121.04781741885913	177.11296987754494	155	50.09635700621903	31.129530918691522	90.21464184173847	153.2291416135619	156	0.04164417912652604	0.004638671875	0.009033203125	0.04425048828125
snapshots/2026-08/ibm_fez/20260817T180058000000Z.json	20260817T180058000000Z	ibm_fez	2026-08-17T18:00:58+00:00	2026-08-17T18:00:58+00:00	156		124.76957152758892	92.0885213496971	0.02004378881209936	156	42.274308994669205	76.47714235880123	121.04781741885913	177.11296987754494	155	50.09635700621903	31.129530918691522	90.21464184173847	153.2291416135619	156	0.04069462675923896	0.0045166015625	0.009033203125	0.04119873046875
snapshots/2026-08/ibm_fez/20260817T193520000000Z.json	20260817T193520000000Z	ibm_fez	2026-08-17T19:35:20+00:00	2026-08-17T19:35:20+00:00	156		124.76957152758892	92.0885213496971	0.02004378881209936	156	42.274308994669205	76.47714235880123	121.04781741885913	177.11296987754494	155	50.09635700621903	31.129530918691522	90.21464184173847	153.2291416135619	156	0.04069462675923896	0.0045166015625	0.009033203125	0.04119873046875
snapshots/2026-08/ibm_fez/20260817T203743000000Z.json	20260817T203743000000Z	ibm_fez	2026-08-17T20:37:43+00:00	2026-08-17T20:37:43+00:00	156		124.76957152758892	92.0885213496971	0.02004378881209936	156	42.274308994669205	76.47714235880123	121.04781741885913	177.11296987754494	155	50.09635700621903	31.129530918691522	90.21464184173847	153.2291416135619	156	0.04069462675923896	0.0045166015625	0.009033203125	0.04119873046875
snapshots/2026-08/ibm_fez/20260817T205744000000Z.json	20260817T205744000000Z	ibm_fez	2026-08-17T20:57:44+00:00	2026-08-17T20:57:44+00:00	156		124.76957152758892	92.0885213496971	0.02004378881209936	156	42.274308994669205	76.47714235880123	121.04781741885913	177.11296987754494	155	50.09635700621903	31.129530918691522	90.21464184173847	153.2291416135619	156	0.04069462675923896	0.0045166015625	0.009033203125	0.04119873046875
snapshots/2026-08/ibm_fez/20260817T220758000000Z.json	20260817T220758000000Z	ibm_fez	2026-08-17T22:07:58+00:00	2026-08-17T22:07:58+00:00	156		124.76957152758892	92.0885213496971	0.02004378881209936	156	42.274308994669205	76.47714235880123	121.04781741885913	177.11296987754494	155	50.09635700621903	31.129530918691522	90.21464184173847	153.2291416135619	156	0.04069462675923896	0.0045166015625	0.009033203125	0.04119873046875
snapshots/2026-08/ibm_fez/20260817T224957000000Z.json	20260817T224957000000Z	ibm_fez	2026-08-17T22:49:57+00:00	2026-08-17T22:49:57+00:00	156		124.76957152758892	92.0885213496971	0.02004378881209936	156	42.274308994669205	76.47714235880123	121.04781741885913	177.11296987754494	155	50.09635700621903	31.129530918691522	90.21464184173847	153.2291416135619	156	0.04069462675923896	0.0045166015625	0.009033203125	0.04119873046875
snapshots/2026-08/ibm_fez/20260817T233707000000Z.json	20260817T233707000000Z	ibm_fez	2026-08-17T23:37:07+00:00	2026-08-17T23:37:07+00:00	156		124.76957152758892	92.0885213496971	0.02004378881209936	156	42.274308994669205	76.47714235880123	121.04781741885913	177.11296987754494	155	50.09635700621903	31.129530918691522	90.21464184173847	153.2291416135619	156	0.04069462675923896	0.0045166015625	0.009033203125	0.04119873046875
snapshots/2026-08/ibm_fez/20260818T012157000000Z.json	20260818T012157000000Z	ibm_fez	2026-08-18T01:21:57+00:00	2026-08-18T01:21:57+00:00	156		124.76957152758892	92.0885213496971	0.02004378881209936	156	42.274308994669205	76.47714235880123	121.04781741885913	177.11296987754494	155	50.09635700621903	31.129530918691522	90.21464184173847	153.2291416135619	156	0.04069462675923896	0.0045166015625	0.009033203125	0.04119873046875
snapshots/2026-08/ibm_fez/20260818T023034000000Z.json	20260818T023034000000Z	ibm_fez	2026-08-18T02:30:34+00:00	2026-08-18T02:30:34+00:00	156		124.76957152758892	92.0885213496971	0.02004378881209936	156	42.274308994669205	76.47714235880123	121.04781741885913	177.11296987754494	155	50.09635700621903	31.129530918691522	90.21464184173847	153.2291416135619	156	0.04069462675923896	0.0045166015625	0.009033203125	0.04119873046875
snapshots/2026-08/ibm_fez/20260818T063919000000Z.json	20260818T063919000000Z	ibm_fez	2026-08-18T06:39:19+00:00	2026-08-18T06:39:19+00:00	156		124.76957152758892	92.0885213496971	0.022172194260817308	156	42.274308994669205	76.47714235880123	121.04781741885913	177.11296987754494	155	50.09635700621903	31.129530918691522	90.21464184173847	153.2291416135619	156	0.04345036329809954	0.0047607421875	0.0098876953125	0.052734375
snapshots/2026-08/ibm_fez/20260818T074348000000Z.json	20260818T074348000000Z	ibm_fez	2026-08-18T07:43:48+00:00	2026-08-18T07:43:48+00:00	156		124.76957152758892	92.0885213496971	0.022172194260817308	156	42.274308994669205	76.47714235880123	121.04781741885913	177.11296987754494	155	50.09635700621903	31.129530918691522	90.21464184173847	153.2291416135619	156	0.04345036329809954	0.0047607421875	0.0098876953125	0.052734375
snapshots/2026-08/ibm_fez/20260818T081245000000Z.json	20260818T081245000000Z	ibm_fez	2026-08-18T08:12:45+00:00	2026-08-18T08:12:45+00:00	156		124.76957152758892	92.0885213496971	0.022172194260817308	156	42.274308994669205	76.47714235880123	121.04781741885913	177.11296987754494	155	50.09635700621903	31.129530918691522	90.21464184173847	153.2291416135619	156	0.04345036329809954	0.0047607421875	0.0098876953125	0.052734375
snapshots/2026-08/ibm_fez/20260818T093851000000Z.json	20260818T093851000000Z	ibm_fez	2026-08-18T09:38:51+00:00	2026-08-18T09:38:51+00:00	156		124.76957152758892	92.0885213496971	0.022172194260817308	156	42.274308994669205	76.47714235880123	121.04781741885913	177.11296987754494	155	50.09635700621903	31.129530918691522	90.21464184173847	153.2291416135619	156	0.04345036329809954	0.0047607421875	0.0098876953125	0.052734375
snapshots/2026-08/ibm_fez/20260818T104327000000Z.json	20260818T104327000000Z	ibm_fez	2026-08-18T10:43:27+00:00	2026-08-18T10:43:27+00:00	156		124.76957152758892	92.0885213496971	0.020900628505608976	156	42.274308994669205	76.47714235880123	121.04781741885913	177.11296987754494	155	50.09635700621903	31.129530918691522	90.21464184173847	153.2291416135619	156	0.03743938164964794	0.00494384765625	0.00897216796875	0.0443115234375
snapshots/2026-08/ibm_fez/20260818T113836000000Z.json	20260818T113836000000Z	ibm_fez	2026-08-18T11:38:36+00:00	2026-08-18T11:38:36+00:00	156		124.76957152758892	92.0885213496971	0.020900628505608976	156	42.274308994669205	76.47714235880123	121.04781741885913	177.11296987754494	155	50.09635700621903	31.129530918691522	90.21464184173847	153.2291416135619	156	0.03743938164964794	0.00494384765625	0.00897216796875	0.0443115234375
snapshots/2026-08/ibm_fez/20260818T130248000000Z.json	20260818T130248000000Z	ibm_fez	2026-08-18T13:02:48+00:00	2026-08-18T13:02:48+00:00	156		124.76957152758892	92.0885213496971	0.020900628505608976	156	42.274308994669205	76.47714235880123	121.04781741885913	177.11296987754494	155	50.09635700621903	31.129530918691522	90.21464184173847	153.2291416135619	156	0.03743938164964794	0.00494384765625	0.00897216796875	0.0443115234375
snapshots/2026-08/ibm_fez/20260818T134400000000Z.json	20260818T134400000000Z	ibm_fez	2026-08-18T13:44:00+00:00	2026-08-18T13:44:00+00:00	156		124.76957152758892	92.0885213496971	0.020900628505608976	156	42.274308994669205	76.47714235880123	121.04781741885913	177.11296987754494	155	50.09635700621903	31.129530918691522	90.21464184173847	153.2291416135619	156	0.03743938164964794	0.00494384765625	0.00897216796875	0.0443115234375
snapshots/2026-08/ibm_fez/20260818T141543000000Z.json	20260818T141543000000Z	ibm_fez	2026-08-18T14:15:43+00:00	2026-08-18T14:15:43+00:00	156		124.76957152758892	92.0885213496971	0.020900628505608976	156	42.274308994669205	76.47714235880123	121.04781741885913	177.11296987754494	155	50.09635700621903	31.129530918691522	90.21464184173847	153.2291416135619	156	0.03743938164964794	0.00494384765625	0.00897216796875	0.0443115234375
snapshots/2026-08/ibm_fez/20260818T181047000000Z.json	20260818T181047000000Z	ibm_fez	2026-08-18T18:10:47+00:00	2026-08-18T18:10:47+00:00	156		124.76957152758892	92.0885213496971	0.018458439753605768	156	42.274308994669205	76.47714235880123	121.04781741885913	177.11296987754494	155	50.09635700621903	31.129530918691522	90.21464184173847	153.2291416135619	156	0.030456601789129515	0.00469970703125	0.00946044921875	0.04364013671875
snapshots/2026-08/ibm_fez/20260818T193825000000Z.json	20260818T193825000000Z	ibm_fez	2026-08-18T19:38:25+00:00	2026-08-18T19:38:25+00:00	156		124.76957152758892	92.0885213496971	0.019945976061698716	156	42.274308994669205	76.47714235880123	121.04781741885913	177.11296987754494	155	50.09635700621903	31.129530918691522	90.21464184173847	153.2291416135619	156	0.03675505174207917	0.00439453125	0.00927734375	0.043212890625
snapshots/2026-08/ibm_fez/20260818T203649000000Z.json	20260818T203649000000Z	ibm_fez	2026-08-18T20:36:49+00:00	2026-08-18T20:36:49+00:00	156		131.7984267444949	96.5626496444811	0.019945976061698716	156	45.321611476638864	71.99344869608102	135.1498898802823	187.1386037572649	155	54.219272262106394	28.715002888786707	86.673558415708	175.32165230614385	156	0.03675505174207917	0.00439453125	0.00927734375	0.043212890625
snapshots/2026-08/ibm_fez/20260818T212054000000Z.json	20260818T212054000000Z	ibm_fez	2026-08-18T21:20:54+00:00	2026-08-18T21:20:54+00:00	156		131.7984267444949	96.5626496444811	0.019945976061698716	156	45.321611476638864	71.99344869608102	135.1498898802823	187.1386037572649	155	54.219272262106394	28.715002888786707	86.673558415708	175.32165230614385	156	0.03675505174207917	0.00439453125	0.00927734375	0.043212890625
snapshots/2026-08/ibm_fez/20260818T220758000000Z.json	20260818T220758000000Z	ibm_fez	2026-08-18T22:07:58+00:00	2026-08-18T22:07:58+00:00	156		131.7984267444949	96.5626496444811	0.019945976061698716	156	45.321611476638864	71.99344869608102	135.1498898802823	187.1386037572649	155	54.219272262106394	28.715002888786707	86.673558415708	175.32165230614385	156	0.03675505174207917	0.00439453125	0.00927734375	0.043212890625
snapshots/2026-08/ibm_fez/20260818T225656000000Z.json	20260818T225656000000Z	ibm_fez	2026-08-18T22:56:56+00:00	2026-08-18T22:56:56+00:00	156		131.7984267444949	96.5626496444811	0.019945976061698716	156	45.321611476638864	71.99344869608102	135.1498898802823	187.1386037572649	155	54.219272262106394	28.715002888786707	86.673558415708	175.32165230614385	156	0.03675505174207917	0.00439453125	0.00927734375	0.043212890625
snapshots/2026-08/ibm_fez/20260819T014408000000Z.json	20260819T014408000000Z	ibm_fez	2026-08-19T01:44:08+00:00	2026-08-19T01:44:08+00:00	156		131.7984267444949	96.5626496444811	0.019945976061698716	156	45.321611476638864	71.99344869608102	135.1498898802823	187.1386037572649	155	54.219272262106394	28.715002888786707	86.673558415708	175.32165230614385	156	0.03675505174207917	0.00439453125	0.00927734375	0.043212890625
snapshots/2026-08/ibm_fez/20260819T022143000000Z.json	20260819T022143000000Z	ibm_fez	2026-08-19T02:21:43+00:00	2026-08-19T02:21:43+00:00	156		131.7984267444949	96.5626496444811	0.019945976061698716	156	45.321611476638864	71.99344869608102	135.1498898802823	187.1386037572649	155	54.219272262106394	28.715002888786707	86.673558415708	175.32165230614385	156	0.03675505174207917	0.00439453125	0.00927734375	0.043212890625
snapshots/2026-08/ibm_fez/20260819T034603000000Z.json	20260819T034603000000Z	ibm_fez	2026-08-19T03:46:03+00:00	2026-08-19T03:46:03+00:00	156		131.7984267444949	96.5626496444811	0.018020238631810896	156	45.321611476638864	71.99344869608102	135.1498898802823	187.1386037572649	155	54.219272262106394	28.715002888786707	86.673558415708	175.32165230614385	156	0.030708407717912306	0.0042724609375	0.0087890625	0.04315185546875
snapshots/2026-08/ibm_fez/20260819T060921000000Z.json	20260819T060921000000Z	ibm_fez	2026-08-19T06:09:21+00:00	2026-08-19T06:09:21+00:00	156		131.7984267444949	96.5626496444811	0.018020238631810896	156	45.321611476638864	71.99344869608102	135.1498898802823	187.1386037572649	155	54.219272262106394	28.715002888786707	86.673558415708	175.32165230614385	156	0.030708407717912306	0.0042724609375	0.0087890625	0.04315185546875
snapshots/2026-08/ibm_fez/20260819T073652000000Z.json	20260819T073652000000Z	ibm_fez	2026-08-19T07:36:52+00:00	2026-08-19T07:36:52+00:00	156		131.7984267444949	96.5626496444811	0.018809783153044872	156	45.321611476638864	71.99344869608102	135.1498898802823	187.1386037572649	155	54.219272262106394	28.715002888786707	86.673558415708	175.32165230614385	156	0.031104695604701405	0.00421142578125	0.00823974609375	0.04193115234375
snapshots/2026-08/ibm_fez/20260819T080719000000Z.json	20260819T080719000000Z	ibm_fez	2026-08-19T08:07:19+00:00	2026-08-19T08:07:19+00:00	156		131.7984267444949	96.5626496444811	0.018809783153044872	156	45.321611476638864	71.99344869608102	135.1498898802823	187.1386037572649	155	54.219272262106394	28.715002888786707	86.673558415708	175.32165230614385	156	0.031104695604701405	0.00421142578125	0.00823974609375	0.04193115234375
snapshots/2026-08/ibm_fez/20260819T093426000000Z.json	20260819T093426000000Z	ibm_fez	2026-08-19T09:34:26+00:00	2026-08-19T09:34:26+00:00	156		131.7984267444949	96.5626496444811	0.018809783153044872	156	45.321611476638864	71.99344869608102	135.1498898802823	187.1386037572649	155	54.219272262106394	28.715002888786707	86.673558415708	175.32165230614385	156	0.031104695604701405	0.00421142578125	0.00823974609375	0.04193115234375
snapshots/2026-08/ibm_fez/20260819T112411000000Z.json	20260819T112411000000Z	ibm_fez	2026-08-19T11:24:11+00:00	2026-08-19T11:24:11+00:00	156		131.7984267444949	96.5626496444811	0.018175956530448716	156	45.321611476638864	71.99344869608102	135.1498898802823	187.1386037572649	155	54.219272262106394	28.715002888786707	86.673558415708	175.32165230614385	156	0.03020654305126685	0.00469970703125	0.00885009765625	0.0400390625
snapshots/2026-08/ibm_fez/20260819T124523000000Z.json	20260819T124523000000Z	ibm_fez	2026-08-19T12:45:23+00:00	2026-08-19T12:45:23+00:00	156		131.7984267444949	96.5626496444811	0.018175956530448716	156	45.321611476638864	71.99344869608102	135.1498898802823	187.1386037572649	155	54.219272262106394	28.715002888786707	86.673558415708	175.32165230614385	156	0.03020654305126685	0.00469970703125	0.00885009765625	0.0400390625
snapshots/2026-08/ibm_fez/20260819T134431000000Z.json	20260819T134431000000Z	ibm_fez	2026-08-19T13:44:31+00:00	2026-08-19T13:44:31+00:00	156		131.7984267444949	96.5626496444811	0.018175956530448716	156	45.321611476638864	71.99344869608102	135.1498898802823	187.1386037572649	155	54.219272262106394	28.715002888786707	86.673558415708	175.32165230614385	156	0.03020654305126685	0.00469970703125	0.00885009765625	0.0400390625
snapshots/2026-08/ibm_fez/20260819T135448000000Z.json	20260819T135448000000Z	ibm_fez	2026-08-19T13:54:48+00:00	2026-08-19T13:54:48+00:00	156		131.7984267444949	96.5626496444811	0.018175956530448716	156	45.321611476638864	71.99344869608102	135.1498898802823	187.1386037572649	155	54.219272262106394	28.715002888786707	86.673558415708	175.32165230614385	156	0.03020654305126685	0.00469970703125	0.00885009765625	0.0400390625
snapshots/2026-08/ibm_fez/20260819T151547000000Z.json	20260819T151547000000Z	ibm_fez	2026-08-19T15:15:47+00:00	2026-08-19T15:15:47+00:00	156		131.7984267444949	96.5626496444811	0.01799911107772436	156	45.321611476638864	71.99344869608102	135.1498898802823	187.1386037572649	155	54.219272262106394	28.715002888786707	86.673558415708	175.32165230614385	156	0.03379741125228183	0.0047607421875	0.00897216796875	0.03521728515625
snapshots/2026-08/ibm_fez/20260819T164056000000Z.json	20260819T164056000000Z	ibm_fez	2026-08-19T16:40:56+00:00	2026-08-19T16:40:56+00:00	156		131.7984267444949	96.5626496444811	0.020095433944310896	156	45.321611476638864	71.99344869608102	135.1498898802823	187.1386037572649	155	54.219272262106394	28.715002888786707	86.673558415708	175.32165230614385	156	0.04642827521745243	0.0047607421875	0.00836181640625	0.03375244140625
snapshots/2026-08/ibm_fez/20260819T164613000000Z.json	20260819T164613000000Z	ibm_fez	2026-08-19T16:46:13+00:00	2026-08-19T16:46:13+00:00	156		131.7984267444949	96.5626496444811	0.020095433944310896	156	45.321611476638864	71.99344869608102	135.1498898802823	187.1386037572649	155	54.219272262106394	28.715002888786707	86.673558415708	175.32165230614385	156	0.04642827521745243	0.0047607421875	0.00836181640625	0.03375244140625
snapshots/2026-08/ibm_fez/20260819T184354000000Z.json	20260819T184354000000Z	ibm_fez	2026-08-19T18:43:54+00:00	2026-08-19T18:43:54+00:00	156		131.7984267444949	96.5626496444811	0.02044677734375	156	45.321611476638864	71.99344869608102	135.1498898802823	187.1386037572649	155	54.219272262106394	28.715002888786707	86.673558415708	175.32165230614385	156	0.03970719086131466	0.00439453125	0.00830078125	0.0419921875
snapshots/2026-08/ibm_fez/20260819T192111000000Z.json	20260819T192111000000Z	ibm_fez	2026-08-19T19:21:11+00:00	2026-08-19T19:21:11+00:00	156		134.84462290230906	101.51302793748147	0.02044677734375	156	43.54619112423159	83.85898558760726	131.25022624869894	184.3833892899357	155	56.274558595027855	31.287800737083632	99.09866912223978	171.99004623710903	156	0.03970719086131466	0.00439453125	0.00830078125	0.0419921875
snapshots/2026-08/ibm_fez/20260819T200600000000Z.json	20260819T200600000000Z	ibm_fez	2026-08-19T20:06:00+00:00	2026-08-19T20:06:00+00:00	156		134.84462290230906	101.51302793748147	0.02044677734375	156	43.54619112423159	83.85898558760726	131.25022624869894	184.3833892899357	155	56.274558595027855	31.287800737083632	99.09866912223978	171.99004623710903	156	0.03970719086131466	0.00439453125	0.00830078125	0.0419921875
snapshots/2026-08/ibm_fez/20260819T213555000000Z.json	20260819T213555000000Z	ibm_fez	2026-08-19T21:35:55+00:00	2026-08-19T21:35:55+00:00	156		134.84462290230906	101.51302793748147	0.02044677734375	156	43.54619112423159	83.85898558760726	131.25022624869894	184.3833892899357	155	56.274558595027855	31.287800737083632	99.09866912223978	171.99004623710903	156	0.03970719086131466	0.00439453125	0.00830078125	0.0419921875
snapshots/2026-08/ibm_fez/20260819T220546000000Z.json	20260819T220546000000Z	ibm_fez	2026-08-19T22:05:46+00:00	2026-08-19T22:05:46+00:00	156		134.84462290230906	101.51302793748147	0.02044677734375	156	43.54619112423159	83.85898558760726	131.25022624869894	184.3833892899357	155	56.274558595027855	31.287800737083632	99.09866912223978	171.99004623710903	156	0.03970719086131466	0.00439453125	0.00830078125	0.0419921875
snapshots/2026-08/ibm_fez/20260819T231600000000Z.json	20260819T231600000000Z	ibm_fez	2026-08-19T23:16:00+00:00	2026-08-19T23:16:00+00:00	156		134.84462290230906	101.51302793748147	0.02044677734375	156	43.54619112423159	83.85898558760726	131.25022624869894	184.3833892899357	155	56.274558595027855	31.287800737083632	99.09866912223978	171.99004623710903	156	0.03970719086131466	0.00439453125	0.00830078125	0.0419921875
snapshots/2026-08/ibm_fez/20260820T015116000000Z.json	20260820T015116000000Z	ibm_fez	2026-08-20T01:51:16+00:00	2026-08-20T01:51:16+00:00	156		134.84462290230906	101.51302793748147	0.02093505859375	156	43.54619112423159	83.85898558760726	131.25022624869894	184.3833892899357	155	56.274558595027855	31.287800737083632	99.09866912223978	171.99004623710903	156	0.03966576539925573	0.0045166015625	0.00872802734375	0.04302978515625
snapshots/2026-08/ibm_fez/20260820T021724000000Z.json	20260820T021724000000Z	ibm_fez	2026-08-20T02:17:24+00:00	2026-08-20T02:17:24+00:00	156		134.84462290230906	101.51302793748147	0.02093505859375	156	43.54619112423159	83.85898558760726	131.25022624869894	184.3833892899357	155	56.274558595027855	31.287800737083632	99.09866912223978	171.99004623710903	156	0.03966576539925573	0.0045166015625	0.00872802734375	0.04302978515625
snapshots/2026-08/ibm_fez/20260820T034249000000Z.json	20260820T034249000000Z	ibm_fez	2026-08-20T03:42:49+00:00	2026-08-20T03:42:49+00:00	156		134.84462290230906	101.51302793748147	0.021910056089743588	156	43.54619112423159	83.85898558760726	131.25022624869894	184.3833892899357	155	56.274558595027855	31.287800737083632	99.09866912223978	171.99004623710903	156	0.0386946319096167	0.00439453125	0.00909423828125	0.0484619140625
snapshots/2026-08/ibm_fez/20260820T064456000000Z.json	20260820T064456000000Z	ibm_fez	2026-08-20T06:44:56+00:00	2026-08-20T06:44:56+00:00	156		134.84462290230906	101.51302793748147	0.01969322791466346	156	43.54619112423159	83.85898558760726	131.25022624869894	184.3833892899357	155	56.274558595027855	31.287800737083632	99.09866912223978	171.99004623710903	156	0.0386951255162065	0.00439453125	0.0084228515625	0.04083251953125
snapshots/2026-08/ibm_fez/20260820T074858000000Z.json	20260820T074858000000Z	ibm_fez	2026-08-20T07:48:58+00:00	2026-08-20T07:48:58+00:00	156		134.84462290230906	101.51302793748147	0.01969322791466346	156	43.54619112423159	83.85898558760726	131.25022624869894	184.3833892899357	155	56.274558595027855	31.287800737083632	99.09866912223978	171.99004623710903	156	0.0386951255162065	0.00439453125	0.0084228515625	0.04083251953125
snapshots/2026-08/ibm_fez/20260820T083754000000Z.json	20260820T083754000000Z	ibm_fez	2026-08-20T08:37:54+00:00	2026-08-20T08:37:54+00:00	156		134.84462290230906	101.51302793748147	0.01969322791466346	156	43.54619112423159	83.85898558760726	131.25022624869894	184.3833892899357	155	56.274558595027855	31.287800737083632	99.09866912223978	171.99004623710903	156	0.0386951255162065	0.00439453125	0.0084228515625	0.04083251953125
snapshots/2026-08/ibm_fez/20260820T093709000000Z.json	20260820T093709000000Z	ibm_fez	2026-08-20T09:37:09+00:00	2026-08-20T09:37:09+00:00	156		134.84462290230906	101.51302793748147	0.01969322791466346	156	43.54619112423159	83.85898558760726	131.25022624869894	184.3833892899357	155	56.274558595027855	31.287800737083632	99.09866912223978	171.99004623710903	156	0.0386951255162065	0.00439453125	0.0084228515625	0.04083251953125
snapshots/2026-08/ibm_fez/20260820T101337000000Z.json	20260820T101337000000Z	ibm_fez	2026-08-20T10:13:37+00:00	2026-08-20T10:13:37+00:00	156		134.84462290230906	101.51302793748147	0.017592992538060896	156	43.54619112423159	83.85898558760726	131.25022624869894	184.3833892899357	155	56.274558595027855	31.287800737083632	99.09866912223978	171.99004623710903	156	0.030079968984270945	0.00439453125	0.00799560546875	0.039794921875
snapshots/2026-08/ibm_fez/20260820T111150000000Z.json	20260820T111150000000Z	ibm_fez	2026-08-20T11:11:50+00:00	2026-08-20T11:11:50+00:00	156		134.84462290230906	101.51302793748147	0.017592992538060896	156	43.54619112423159	83.85898558760726	131.25022624869894	184.3833892899357	155	56.274558595027855	31.287800737083632	99.09866912223978	171.99004623710903	156	0.030079968984270945	0.00439453125	0.00799560546875	0.039794921875
snapshots/2026-08/ibm_fez/20260820T123546000000Z.json	20260820T123546000000Z	ibm_fez	2026-08-20T12:35:46+00:00	2026-08-20T12:35:46+00:00	156		134.84462290230906	101.51302793748147	0.017592992538060896	156	43.54619112423159	83.85898558760726	131.25022624869894	184.3833892899357	155	56.274558595027855	31.287800737083632	99.09866912223978	171.99004623710903	156	0.030079968984270945	0.00439453125	0.00799560546875	0.039794921875
snapshots/2026-08/ibm_fez/20260820T134702000000Z.json	20260820T134702000000Z	ibm_fez	2026-08-20T13:47:02+00:00	2026-08-20T13:47:02+00:00	156		134.84462290230906	101.51302793748147	0.020244109324919872	156	43.54619112423159	83.85898558760726	131.25022624869894	184.3833892899357	155	56.274558595027855	31.287800737083632	99.09866912223978	171.99004623710903	156	0.03618033093153237	0.0047607421875	0.00933837890625	0.04815673828125
snapshots/2026-08/ibm_fez/20260820T143538000000Z.json	20260820T143538000000Z	ibm_fez	2026-08-20T14:35:38+00:00	2026-08-20T14:35:38+00:00	156		134.84462290230906	101.51302793748147	0.020244109324919872	156	43.54619112423159	83.85898558760726	131.25022624869894	184.3833892899357	155	56.274558595027855	31.287800737083632	99.09866912223978	171.99004623710903	156	0.03618033093153237	0.0047607421875	0.00933837890625	0.04815673828125
snapshots/2026-08/ibm_fez/20260820T154415000000Z.json	20260820T154415000000Z	ibm_fez	2026-08-20T15:44:15+00:00	2026-08-20T15:44:15+00:00	156		134.84462290230906	101.51302793748147	0.020244109324919872	156	43.54619112423159	83.85898558760726	131.25022624869894	184.3833892899357	155	56.274558595027855	31.287800737083632	99.09866912223978	171.99004623710903	156	0.03618033093153237	0.0047607421875	0.00933837890625	0.04815673828125
snapshots/2026-08/ibm_fez/20260820T171452000000Z.json	20260820T171452000000Z	ibm_fez	2026-08-20T17:14:52+00:00	2026-08-20T17:14:52+00:00	156		134.84462290230906	101.51302793748147	0.01917129907852564	156	43.54619112423159	83.85898558760726	131.25022624869894	184.3833892899357	155	56.274558595027855	31.287800737083632	99.09866912223978	171.99004623710903	156	0.03067704616542992	0.00482177734375	0.0087890625	0.0435791015625
snapshots/2026-08/ibm_fez/20260820T184617000000Z.json	20260820T184617000000Z	ibm_fez	2026-08-20T18:46:17+00:00	2026-08-20T18:46:17+00:00	156		134.84462290230906	101.51302793748147	0.019201034154647436	156	43.54619112423159	83.85898558760726	131.25022624869894	184.3833892899357	155	56.274558595027855	31.287800737083632	99.09866912223978	171.99004623710903	156	0.0326697436745466	0.004638671875	0.0089111328125	0.043701171875
snapshots/2026-08/ibm_fez/20260820T193546000000Z.json	20260820T193546000000Z	ibm_fez	2026-08-20T19:35:46+00:00	2026-08-20T19:35:46+00:00	156		144.68993067922216	102.92731500911695	0.019201034154647436	156	49.41987114865462	78.25683931625595	145.61678520143886	201.43003576931028	155	59.593496000496955	25.90582750049437	95.8259907758626	184.58012494360932	156	0.0326697436745466	0.004638671875	0.0089111328125	0.043701171875
snapshots/2026-08/ibm_fez/20260820T203925000000Z.json	20260820T203925000000Z	ibm_fez	2026-08-20T20:39:25+00:00	2026-08-20T20:39:25+00:00	156		144.68993067922216	102.92731500911695	0.019201034154647436	156	49.41987114865462	78.25683931625595	145.61678520143886	201.43003576931028	155	59.593496000496955	25.90582750049437	95.8259907758626	184.58012494360932	156	0.0326697436745466	0.004638671875	0.0089111328125	0.043701171875
snapshots/2026-08/ibm_fez/20260820T215207000000Z.json	20260820T215207000000Z	ibm_fez	2026-08-20T21:52:07+00:00	2026-08-20T21:52:07+00:00	156		144.68993067922216	102.92731500911695	0.019201034154647436	156	49.41987114865462	78.25683931625595	145.61678520143886	201.43003576931028	155	59.593496000496955	25.90582750049437	95.8259907758626	184.58012494360932	156	0.0326697436745466	0.004638671875	0.0089111328125	0.043701171875
snapshots/2026-08/ibm_fez/20260820T231202000000Z.json	20260820T231202000000Z	ibm_fez	2026-08-20T23:12:02+00:00	2026-08-20T23:12:02+00:00	156		144.68993067922216	102.92731500911695	0.019201034154647436	156	49.41987114865462	78.25683931625595	145.61678520143886	201.43003576931028	155	59.593496000496955	25.90582750049437	95.8259907758626	184.58012494360932	156	0.0326697436745466	0.004638671875	0.0089111328125	0.043701171875
snapshots/2026-08/ibm_fez/20260821T013949000000Z.json	20260821T013949000000Z	ibm_fez	2026-08-21T01:39:49+00:00	2026-08-21T01:39:49+00:00	156		144.68993067922216	102.92731500911695	0.019201034154647436	156	49.41987114865462	78.25683931625595	145.61678520143886	201.43003576931028	155	59.593496000496955	25.90582750049437	95.8259907758626	184.58012494360932	156	0.0326697436745466	0.004638671875	0.0089111328125	0.043701171875
snapshots/2026-08/ibm_fez/20260821T020618000000Z.json	20260821T020618000000Z	ibm_fez	2026-08-21T02:06:18+00:00	2026-08-21T02:06:18+00:00	156		144.68993067922216	102.92731500911695	0.019201034154647436	156	49.41987114865462	78.25683931625595	145.61678520143886	201.43003576931028	155	59.593496000496955	25.90582750049437	95.8259907758626	184.58012494360932	156	0.0326697436745466	0.004638671875	0.0089111328125	0.043701171875
snapshots/2026-08/ibm_fez/20260821T033259000000Z.json	20260821T033259000000Z	ibm_fez	2026-08-21T03:32:59+00:00	2026-08-21T03:32:59+00:00	156		144.68993067922216	102.92731500911695	0.019201034154647436	156	49.41987114865462	78.25683931625595	145.61678520143886	201.43003576931028	155	59.593496000496955	25.90582750049437	95.8259907758626	184.58012494360932	156	0.0326697436745466	0.004638671875	0.0089111328125	0.043701171875
snapshots/2026-08/ibm_fez/20260821T062918000000Z.json	20260821T062918000000Z	ibm_fez	2026-08-21T06:29:18+00:00	2026-08-21T06:29:18+00:00	156		144.68993067922216	102.92731500911695	0.01909461388221154	156	49.41987114865462	78.25683931625595	145.61678520143886	201.43003576931028	155	59.593496000496955	25.90582750049437	95.8259907758626	184.58012494360932	156	0.029721564803707502	0.005859375	0.010009765625	0.0369873046875
snapshots/2026-08/ibm_fez/20260821T082228000000Z.json	20260821T082228000000Z	ibm_fez	2026-08-21T08:22:28+00:00	2026-08-21T08:22:28+00:00	156		144.68993067922216	102.92731500911695	0.01909461388221154	156	49.41987114865462	78.25683931625595	145.61678520143886	201.43003576931028	155	59.593496000496955	25.90582750049437	95.8259907758626	184.58012494360932	156	0.029721564803707502	0.005859375	0.010009765625	0.0369873046875
snapshots/2026-08/ibm_fez/20260821T092419000000Z.json	20260821T092419000000Z	ibm_fez	2026-08-21T09:24:19+00:00	2026-08-21T09:24:19+00:00	156		144.68993067922216	102.92731500911695	0.01909461388221154	156	49.41987114865462	78.25683931625595	145.61678520143886	201.43003576931028	155	59.593496000496955	25.90582750049437	95.8259907758626	184.58012494360932	156	0.029721564803707502	0.005859375	0.010009765625	0.0369873046875
snapshots/2026-08/ibm_fez/20260821T105615000000Z.json	20260821T105615000000Z	ibm_fez	2026-08-21T10:56:15+00:00	2026-08-21T10:56:15+00:00	156		144.68993067922216	102.92731500911695	0.020826290815304488	156	49.41987114865462	78.25683931625595	145.61678520143886	201.43003576931028	155	59.593496000496955	25.90582750049437	95.8259907758626	184.58012494360932	156	0.03404458503604148	0.005615234375	0.01019287109375	0.04193115234375
snapshots/2026-08/ibm_fez/20260821T125545000000Z.json	20260821T125545000000Z	ibm_fez	2026-08-21T12:55:45+00:00	2026-08-21T12:55:45+00:00	156		144.68993067922216	102.92731500911695	0.020826290815304488	156	49.41987114865462	78.25683931625595	145.61678520143886	201.43003576931028	155	59.593496000496955	25.90582750049437	95.8259907758626	184.58012494360932	156	0.03404458503604148	0.005615234375	0.01019287109375	0.04193115234375
snapshots/2026-08/ibm_fez/20260821T131602000000Z.json	20260821T131602000000Z	ibm_fez	2026-08-21T13:16:02+00:00	2026-08-21T13:16:02+00:00	156		144.68993067922216	102.92731500911695	0.020826290815304488	156	49.41987114865462	78.25683931625595	145.61678520143886	201.43003576931028	155	59.593496000496955	25.90582750049437	95.8259907758626	184.58012494360932	156	0.03404458503604148	0.005615234375	0.01019287109375	0.04193115234375
snapshots/2026-08/ibm_fez/20260821T144645000000Z.json	20260821T144645000000Z	ibm_fez	2026-08-21T14:46:45+00:00	2026-08-21T14:46:45+00:00	156		144.68993067922216	102.92731500911695	0.021039913862179488	156	49.41987114865462	78.25683931625595	145.61678520143886	201.43003576931028	155	59.593496000496955	25.90582750049437	95.8259907758626	184.58012494360932	156	0.03598681793291748	0.00537109375	0.00927734375	0.04443359375
snapshots/2026-08/ibm_fez/20260821T153636000000Z.json	20260821T153636000000Z	ibm_fez	2026-08-21T15:36:36+00:00	2026-08-21T15:36:36+00:00	156		144.68993067922216	102.92731500911695	0.021039913862179488	156	49.41987114865462	78.25683931625595	145.61678520143886	201.43003576931028	155	59.593496000496955	25.90582750049437	95.8259907758626	184.58012494360932	156	0.03598681793291748	0.00537109375	0.00927734375	0.04443359375
snapshots/2026-08/ibm_fez/20260821T182500000000Z.json	20260821T182500000000Z	ibm_fez	2026-08-21T18:25:00+00:00	2026-08-21T18:25:00+00:00	156		144.68993067922216	102.92731500911695	0.021039913862179488	156	49.41987114865462	78.25683931625595	145.61678520143886	201.43003576931028	155	59.593496000496955	25.90582750049437	95.8259907758626	184.58012494360932	156	0.03598681793291748	0.00537109375	0.00927734375	0.04443359375
snapshots/2026-08/ibm_fez/20260821T193444000000Z.json	20260821T193444000000Z	ibm_fez	2026-08-21T19:34:44+00:00	2026-08-21T19:34:44+00:00	156		144.68993067922216	102.92731500911695	0.019330929487179488	156	49.41987114865462	78.25683931625595	145.61678520143886	201.43003576931028	155	59.593496000496955	25.90582750049437	95.8259907758626	184.58012494360932	156	0.03140405995534016	0.00537109375	0.009521484375	0.0384521484375
snapshots/2026-08/ibm_fez/20260821T202630000000Z.json	20260821T202630000000Z	ibm_fez	2026-08-21T20:26:30+00:00	2026-08-21T20:26:30+00:00	156		122.79807439970682	87.14734716199426	0.019330929487179488	156	48.94980650436693	64.11010883405464	119.71932635541388	183.96307511017545	155	49.71062011728613	25.293939573212164	79.92501395618767	163.4718426438179	156	0.03140405995534016	0.00537109375	0.009521484375	0.0384521484375
snapshots/2026-08/ibm_fez/20260821T212614000000Z.json	20260821T212614000000Z	ibm_fez	2026-08-21T21:26:14+00:00	2026-08-21T21:26:14+00:00	156		122.79807439970682	87.14734716199426	0.019330929487179488	156	48.94980650436693	64.11010883405464	119.71932635541388	183.96307511017545	155	49.71062011728613	25.293939573212164	79.92501395618767	163.4718426438179	156	0.03140405995534016	0.00537109375	0.009521484375	0.0384521484375
snapshots/2026-08/ibm_fez/20260821T225336000000Z.json	20260821T225336000000Z	ibm_fez	2026-08-21T22:53:36+00:00	2026-08-21T22:53:36+00:00	156		122.79807439970682	87.14734716199426	0.019330929487179488	156	48.94980650436693	64.11010883405464	119.71932635541388	183.96307511017545	155	49.71062011728613	25.293939573212164	79.92501395618767	163.4718426438179	156	0.03140405995534016	0.00537109375	0.009521484375	0.0384521484375
snapshots/2026-08/ibm_fez/20260822T011254000000Z.json	20260822T011254000000Z	ibm_fez	2026-08-22T01:12:54+00:00	2026-08-22T01:12:54+00:00	156		122.79807439970682	87.14734716199426	0.019330929487179488	156	48.94980650436693	64.11010883405464	119.71932635541388	183.96307511017545	155	49.71062011728613	25.293939573212164	79.92501395618767	163.4718426438179	156	0.03140405995534016	0.00537109375	0.009521484375	0.0384521484375
snapshots/2026-08/ibm_fez/20260822T014447000000Z.json	20260822T014447000000Z	ibm_fez	2026-08-22T01:44:47+00:00	2026-08-22T01:44:47+00:00	156		122.79807439970682	87.14734716199426	0.019330929487179488	156	48.94980650436693	64.11010883405464	119.71932635541388	183.96307511017545	155	49.71062011728613	25.293939573212164	79.92501395618767	163.4718426438179	156	0.03140405995534016	0.00537109375	0.009521484375	0.0384521484375
snapshots/2026-08/ibm_fez/20260822T033128000000Z.json	20260822T033128000000Z	ibm_fez	2026-08-22T03:31:28+00:00	2026-08-22T03:31:28+00:00	156		122.79807439970682	87.14734716199426	0.019330929487179488	156	48.94980650436693	64.11010883405464	119.71932635541388	183.96307511017545	155	49.71062011728613	25.293939573212164	79.92501395618767	163.4718426438179	156	0.03140405995534016	0.00537109375	0.009521484375	0.0384521484375
snapshots/2026-08/ibm_fez/20260822T062123000000Z.json	20260822T062123000000Z	ibm_fez	2026-08-22T06:21:23+00:00	2026-08-22T06:21:23+00:00	156		122.79807439970682	87.14734716199426	0.019330929487179488	156	48.94980650436693	64.11010883405464	119.71932635541388	183.96307511017545	155	49.71062011728613	25.293939573212164	79.92501395618767	163.4718426438179	156	0.03140405995534016	0.00537109375	0.009521484375	0.0384521484375
snapshots/2026-08/ibm_fez/20260822T074740000000Z.json	20260822T074740000000Z	ibm_fez	2026-08-22T07:47:40+00:00	2026-08-22T07:47:40+00:00	156		122.79807439970682	87.14734716199426	0.019330929487179488	156	48.94980650436693	64.11010883405464	119.71932635541388	183.96307511017545	155	49.71062011728613	25.293939573212164	79.92501395618767	163.4718426438179	156	0.03140405995534016	0.00537109375	0.009521484375	0.0384521484375
snapshots/2026-08/ibm_fez/20260822T091623000000Z.json	20260822T091623000000Z	ibm_fez	2026-08-22T09:16:23+00:00	2026-08-22T09:16:23+00:00	156		122.79807439970682	87.14734716199426	0.019330929487179488	156	48.94980650436693	64.11010883405464	119.71932635541388	183.96307511017545	155	49.71062011728613	25.293939573212164	79.92501395618767	163.4718426438179	156	0.03140405995534016	0.00537109375	0.009521484375	0.0384521484375
snapshots/2026-08/ibm_fez/20260822T101144000000Z.json	20260822T101144000000Z	ibm_fez	2026-08-22T10:11:44+00:00	2026-08-22T10:11:44+00:00	156		122.79807439970682	87.14734716199426	0.025681715745192308	156	48.94980650436693	64.11010883405464	119.71932635541388	183.96307511017545	155	49.71062011728613	25.293939573212164	79.92501395618767	163.4718426438179	156	0.054642929797654956	0.00537109375	0.00994873046875	0.046630859375
snapshots/2026-08/ibm_fez/20260822T111306000000Z.json	20260822T111306000000Z	ibm_fez	2026-08-22T11:13:06+00:00	2026-08-22T11:13:06+00:00	156		122.79807439970682	87.14734716199426	0.025681715745192308	156	48.94980650436693	64.11010883405464	119.71932635541388	183.96307511017545	155	49.71062011728613	25.293939573212164	79.92501395618767	163.4718426438179	156	0.054642929797654956	0.00537109375	0.00994873046875	0.046630859375
snapshots/2026-08/ibm_fez/20260822T121628000000Z.json	20260822T121628000000Z	ibm_fez	2026-08-22T12:16:28+00:00	2026-08-22T12:16:28+00:00	156		122.79807439970682	87.14734716199426	0.025681715745192308	156	48.94980650436693	64.11010883405464	119.71932635541388	183.96307511017545	155	49.71062011728613	25.293939573212164	79.92501395618767	163.4718426438179	156	0.054642929797654956	0.00537109375	0.00994873046875	0.046630859375
snapshots/2026-08/ibm_fez/20260822T135142000000Z.json	20260822T135142000000Z	ibm_fez	2026-08-22T13:51:42+00:00	2026-08-22T13:51:42+00:00	156		122.79807439970682	87.14734716199426	0.025416447566105768	156	48.94980650436693	64.11010883405464	119.71932635541388	183.96307511017545	155	49.71062011728613	25.293939573212164	79.92501395618767	163.4718426438179	156	0.05013207597912671	0.00579833984375	0.01025390625	0.0595703125
snapshots/2026-08/ibm_fez/20260822T151632000000Z.json	20260822T151632000000Z	ibm_fez	2026-08-22T15:16:32+00:00	2026-08-22T15:16:32+00:00	156		122.79807439970682	87.14734716199426	0.025416447566105768	156	48.94980650436693	64.11010883405464	119.71932635541388	183.96307511017545	155	49.71062011728613	25.293939573212164	79.92501395618767	163.4718426438179	156	0.05013207597912671	0.00579833984375	0.01025390625	0.0595703125
snapshots/2026-08/ibm_fez/20260822T160712000000Z.json	20260822T160712000000Z	ibm_fez	2026-08-22T16:07:12+00:00	2026-08-22T16:07:12+00:00	156		122.79807439970682	87.14734716199426	0.025416447566105768	156	48.94980650436693	64.11010883405464	119.71932635541388	183.96307511017545	155	49.71062011728613	25.293939573212164	79.92501395618767	163.4718426438179	156	0.05013207597912671	0.00579833984375	0.01025390625	0.0595703125
snapshots/2026-08/ibm_fez/20260822T173247000000Z.json	20260822T173247000000Z	ibm_fez	2026-08-22T17:32:47+00:00	2026-08-22T17:32:47+00:00	156		122.79807439970682	87.14734716199426	0.019841903295272436	156	48.94980650436693	64.11010883405464	119.71932635541388	183.96307511017545	155	49.71062011728613	25.293939573212164	79.92501395618767	163.4718426438179	156	0.03404260481366173	0.005126953125	0.0091552734375	0.04302978515625
snapshots/2026-08/ibm_fez/20260822T182706000000Z.json	20260822T182706000000Z	ibm_fez	2026-08-22T18:27:06+00:00	2026-08-22T18:27:06+00:00	156		122.79807439970682	87.14734716199426	0.019841903295272436	156	48.94980650436693	64.11010883405464	119.71932635541388	183.96307511017545	155	49.71062011728613	25.293939573212164	79.92501395618767	163.4718426438179	156	0.03404260481366173	0.005126953125	0.0091552734375	0.04302978515625
snapshots/2026-08/ibm_fez/20260822T192554000000Z.json	20260822T192554000000Z	ibm_fez	2026-08-22T19:25:54+00:00	2026-08-22T19:25:54+00:00	156		122.79807439970682	87.14734716199426	0.019841903295272436	156	48.94980650436693	64.11010883405464	119.71932635541388	183.96307511017545	155	49.71062011728613	25.293939573212164	79.92501395618767	163.4718426438179	156	0.03404260481366173	0.005126953125	0.0091552734375	0.04302978515625
snapshots/2026-08/ibm_fez/20260822T203044000000Z.json	20260822T203044000000Z	ibm_fez	2026-08-22T20:30:44+00:00	2026-08-22T20:30:44+00:00	156		122.79807439970682	87.14734716199426	0.01972374549278846	156	48.94980650436693	64.11010883405464	119.71932635541388	183.96307511017545	155	49.71062011728613	25.293939573212164	79.92501395618767	163.4718426438179	156	0.03302369261186589	0.005126953125	0.009765625	0.0469970703125
snapshots/2026-08/ibm_fez/20260822T212606000000Z.json	20260822T212606000000Z	ibm_fez	2026-08-22T21:26:06+00:00	2026-08-22T21:26:06+00:00	156		137.58493342638488	97.6344564153531	0.01972374549278846	156	51.70568180425433	73.93466558319797	133.05090948481006	197.57725902432577	155	55.27201541765691	29.124639233958895	97.40488885836513	174.40611741118704	156	0.03302369261186589	0.005126953125	0.009765625	0.0469970703125
snapshots/2026-08/ibm_fez/20260822T215527000000Z.json	20260822T215527000000Z	ibm_fez	2026-08-22T21:55:27+00:00	2026-08-22T21:55:27+00:00	156		137.58493342638488	97.6344564153531	0.01972374549278846	156	51.70568180425433	73.93466558319797	133.05090948481006	197.57725902432577	155	55.27201541765691	29.124639233958895	97.40488885836513	174.40611741118704	156	0.03302369261186589	0.005126953125	0.009765625	0.0469970703125
snapshots/2026-08/ibm_fez/20260822T225607000000Z.json	20260822T225607000000Z	ibm_fez	2026-08-22T22:56:07+00:00	2026-08-22T22:56:07+00:00	156		137.58493342638488	97.6344564153531	0.01972374549278846	156	51.70568180425433	73.93466558319797	133.05090948481006	197.57725902432577	155	55.27201541765691	29.124639233958895	97.40488885836513	174.40611741118704	156	0.03302369261186589	0.005126953125	0.009765625	0.0469970703125
snapshots/2026-08/ibm_fez/20260823T015601000000Z.json	20260823T015601000000Z	ibm_fez	2026-08-23T01:56:01+00:00	2026-08-23T01:56:01+00:00	156		137.58493342638488	97.6344564153531	0.020470252403846152	156	51.70568180425433	73.93466558319797	133.05090948481006	197.57725902432577	155	55.27201541765691	29.124639233958895	97.40488885836513	174.40611741118704	156	0.03352818946466829	0.004638671875	0.00994873046875	0.05035400390625
snapshots/2026-08/ibm_fez/20260823T030749000000Z.json	20260823T030749000000Z	ibm_fez	2026-08-23T03:07:49+00:00	2026-08-23T03:07:49+00:00	156		137.58493342638488	97.6344564153531	0.02007430639022436	156	51.70568180425433	73.93466558319797	133.05090948481006	197.57725902432577	155	55.27201541765691	29.124639233958895	97.40488885836513	174.40611741118704	156	0.033393701772410335	0.005615234375	0.01031494140625	0.04046630859375
snapshots/2026-08/ibm_fez/20260823T032604000000Z.json	20260823T032604000000Z	ibm_fez	2026-08-23T03:26:04+00:00	2026-08-23T03:26:04+00:00	156		137.58493342638488	97.6344564153531	0.02007430639022436	156	51.70568180425433	73.93466558319797	133.05090948481006	197.57725902432577	155	55.27201541765691	29.124639233958895	97.40488885836513	174.40611741118704	156	0.033393701772410335	0.005615234375	0.01031494140625	0.04046630859375
snapshots/2026-08/ibm_fez/20260823T040009000000Z.json	20260823T040009000000Z	ibm_fez	2026-08-23T04:00:09+00:00	2026-08-23T04:00:09+00:00	156		137.58493342638488	97.6344564153531	0.02007430639022436	156	51.70568180425433	73.93466558319797	133.05090948481006	197.57725902432577	155	55.27201541765691	29.124639233958895	97.40488885836513	174.40611741118704	156	0.033393701772410335	0.005615234375	0.01031494140625	0.04046630859375
snapshots/2026-08/ibm_fez/20260823T062611000000Z.json	20260823T062611000000Z	ibm_fez	2026-08-23T06:26:11+00:00	2026-08-23T06:26:11+00:00	156		137.58493342638488	97.6344564153531	0.02007430639022436	156	51.70568180425433	73.93466558319797	133.05090948481006	197.57725902432577	155	55.27201541765691	29.124639233958895	97.40488885836513	174.40611741118704	156	0.033393701772410335	0.005615234375	0.01031494140625	0.04046630859375
snapshots/2026-08/ibm_fez/20260823T083407000000Z.json	20260823T083407000000Z	ibm_fez	2026-08-23T08:34:07+00:00	2026-08-23T08:34:07+00:00	156		137.58493342638488	97.6344564153531	0.02007430639022436	156	51.70568180425433	73.93466558319797	133.05090948481006	197.57725902432577	155	55.27201541765691	29.124639233958895	97.40488885836513	174.40611741118704	156	0.033393701772410335	0.005615234375	0.01031494140625	0.04046630859375
snapshots/2026-08/ibm_fez/20260823T092216000000Z.json	20260823T092216000000Z	ibm_fez	2026-08-23T09:22:16+00:00	2026-08-23T09:22:16+00:00	156		137.58493342638488	97.6344564153531	0.02007430639022436	156	51.70568180425433	73.93466558319797	133.05090948481006	197.57725902432577	155	55.27201541765691	29.124639233958895	97.40488885836513	174.40611741118704	156	0.033393701772410335	0.005615234375	0.01031494140625	0.04046630859375
snapshots/2026-08/ibm_fez/20260823T104608000000Z.json	20260823T104608000000Z	ibm_fez	2026-08-23T10:46:08+00:00	2026-08-23T10:46:08+00:00	156		137.58493342638488	97.6344564153531	0.02007430639022436	156	51.70568180425433	73.93466558319797	133.05090948481006	197.57725902432577	155	55.27201541765691	29.124639233958895	97.40488885836513	174.40611741118704	156	0.033393701772410335	0.005615234375	0.01031494140625	0.04046630859375
snapshots/2026-08/ibm_fez/20260823T121606000000Z.json	20260823T121606000000Z	ibm_fez	2026-08-23T12:16:06+00:00	2026-08-23T12:16:06+00:00	156		137.58493342638488	97.6344564153531	0.02007430639022436	156	51.70568180425433	73.93466558319797	133.05090948481006	197.57725902432577	155	55.27201541765691	29.124639233958895	97.40488885836513	174.40611741118704	156	0.033393701772410335	0.005615234375	0.01031494140625	0.04046630859375
snapshots/2026-08/ibm_fez/20260823T135850000000Z.json	20260823T135850000000Z	ibm_fez	2026-08-23T13:58:50+00:00	2026-08-23T13:58:50+00:00	156		137.58493342638488	97.6344564153531	0.019898243439503204	156	51.70568180425433	73.93466558319797	133.05090948481006	197.57725902432577	155	55.27201541765691	29.124639233958895	97.40488885836513	174.40611741118704	156	0.03225115063628968	0.005126953125	0.009521484375	0.04168701171875
snapshots/2026-08/ibm_fez/20260823T151612000000Z.json	20260823T151612000000Z	ibm_fez	2026-08-23T15:16:12+00:00	2026-08-23T15:16:12+00:00	156		137.58493342638488	97.6344564153531	0.019898243439503204	156	51.70568180425433	73.93466558319797	133.05090948481006	197.57725902432577	155	55.27201541765691	29.124639233958895	97.40488885836513	174.40611741118704	156	0.03225115063628968	0.005126953125	0.009521484375	0.04168701171875
snapshots/2026-08/ibm_fez/20260823T161458000000Z.json	20260823T161458000000Z	ibm_fez	2026-08-23T16:14:58+00:00	2026-08-23T16:14:58+00:00	156		137.58493342638488	97.6344564153531	0.019898243439503204	156	51.70568180425433	73.93466558319797	133.05090948481006	197.57725902432577	155	55.27201541765691	29.124639233958895	97.40488885836513	174.40611741118704	156	0.03225115063628968	0.005126953125	0.009521484375	0.04168701171875
snapshots/2026-08/ibm_fez/20260823T170240000000Z.json	20260823T170240000000Z	ibm_fez	2026-08-23T17:02:40+00:00	2026-08-23T17:02:40+00:00	156		137.58493342638488	97.6344564153531	0.019898243439503204	156	51.70568180425433	73.93466558319797	133.05090948481006	197.57725902432577	155	55.27201541765691	29.124639233958895	97.40488885836513	174.40611741118704	156	0.03225115063628968	0.005126953125	0.009521484375	0.04168701171875
snapshots/2026-08/ibm_fez/20260823T180810000000Z.json	20260823T180810000000Z	ibm_fez	2026-08-23T18:08:10+00:00	2026-08-23T18:08:10+00:00	156		137.58493342638488	97.6344564153531	0.019898243439503204	156	51.70568180425433	73.93466558319797	133.05090948481006	197.57725902432577	155	55.27201541765691	29.124639233958895	97.40488885836513	174.40611741118704	156	0.03225115063628968	0.005126953125	0.009521484375	0.04168701171875
snapshots/2026-08/ibm_fez/20260823T184632000000Z.json	20260823T184632000000Z	ibm_fez	2026-08-23T18:46:32+00:00	2026-08-23T18:46:32+00:00	156		137.58493342638488	97.6344564153531	0.019073486328125	156	51.70568180425433	73.93466558319797	133.05090948481006	197.57725902432577	155	55.27201541765691	29.124639233958895	97.40488885836513	174.40611741118704	156	0.030973191767849757	0.00518798828125	0.01007080078125	0.03948974609375
snapshots/2026-08/ibm_fez/20260823T202327000000Z.json	20260823T202327000000Z	ibm_fez	2026-08-23T20:23:27+00:00	2026-08-23T20:23:27+00:00	156		137.58493342638488	97.6344564153531	0.019073486328125	156	51.70568180425433	73.93466558319797	133.05090948481006	197.57725902432577	155	55.27201541765691	29.124639233958895	97.40488885836513	174.40611741118704	156	0.030973191767849757	0.00518798828125	0.01007080078125	0.03948974609375
snapshots/2026-08/ibm_fez/20260823T214119000000Z.json	20260823T214119000000Z	ibm_fez	2026-08-23T21:41:19+00:00	2026-08-23T21:41:19+00:00	156		127.58123421011366	89.3645270264449	0.021895971053685896	156	47.16011421610142	75.69425742991214	128.17544436750399	177.23060185865876	155	48.86904281170304	31.75395894466639	84.97659188781948	151.6548721513028	156	0.03987865527920626	0.0050048828125	0.009765625	0.04150390625
snapshots/2026-08/ibm_fez/20260823T223344000000Z.json	20260823T223344000000Z	ibm_fez	2026-08-23T22:33:44+00:00	2026-08-23T22:33:44+00:00	156		127.58123421011366	89.3645270264449	0.021895971053685896	156	47.16011421610142	75.69425742991214	128.17544436750399	177.23060185865876	155	48.86904281170304	31.75395894466639	84.97659188781948	151.6548721513028	156	0.03987865527920626	0.0050048828125	0.009765625	0.04150390625
snapshots/2026-08/ibm_fez/20260823T224611000000Z.json	20260823T224611000000Z	ibm_fez	2026-08-23T22:46:11+00:00	2026-08-23T22:46:11+00:00	156		127.58123421011366	89.3645270264449	0.021895971053685896	156	47.16011421610142	75.69425742991214	128.17544436750399	177.23060185865876	155	48.86904281170304	31.75395894466639	84.97659188781948	151.6548721513028	156	0.03987865527920626	0.0050048828125	0.009765625	0.04150390625
snapshots/2026-08/ibm_fez/20260824T014010000000Z.json	20260824T014010000000Z	ibm_fez	2026-08-24T01:40:10+00:00	2026-08-24T01:40:10+00:00	156		127.58123421011366	89.3645270264449	0.021895971053685896	156	47.16011421610142	75.69425742991214	128.17544436750399	177.23060185865876	155	48.86904281170304	31.75395894466639	84.97659188781948	151.6548721513028	156	0.03987865527920626	0.0050048828125	0.009765625	0.04150390625
snapshots/2026-08/ibm_fez/20260824T030647000000Z.json	20260824T030647000000Z	ibm_fez	2026-08-24T03:06:47+00:00	2026-08-24T03:06:47+00:00	156		127.58123421011366	89.3645270264449	0.021895971053685896	156	47.16011421610142	75.69425742991214	128.17544436750399	177.23060185865876	155	48.86904281170304	31.75395894466639	84.97659188781948	151.6548721513028	156	0.03987865527920626	0.0050048828125	0.009765625	0.04150390625
snapshots/2026-08/ibm_fez/20260824T065111000000Z.json	20260824T065111000000Z	ibm_fez	2026-08-24T06:51:11+00:00	2026-08-24T06:51:11+00:00	156		127.58123421011366	89.3645270264449	0.018898205879407052	156	47.16011421610142	75.69425742991214	128.17544436750399	177.23060185865876	155	48.86904281170304	31.75395894466639	84.97659188781948	151.6548721513028	156	0.031198803601606602	0.0050048828125	0.01025390625	0.03704833984375
snapshots/2026-08/ibm_fez/20260824T081615000000Z.json	20260824T081615000000Z	ibm_fez	2026-08-24T08:16:15+00:00	2026-08-24T08:16:15+00:00	156		127.58123421011366	89.3645270264449	0.018898205879407052	156	47.16011421610142	75.69425742991214	128.17544436750399	177.23060185865876	155	48.86904281170304	31.75395894466639	84.97659188781948	151.6548721513028	156	0.031198803601606602	0.0050048828125	0.01025390625	0.03704833984375
snapshots/2026-08/ibm_fez/20260824T094855000000Z.json	20260824T094855000000Z	ibm_fez	2026-08-24T09:48:55+00:00	2026-08-24T09:48:55+00:00	156		127.58123421011366	89.3645270264449	0.018898205879407052	156	47.16011421610142	75.69425742991214	128.17544436750399	177.23060185865876	155	48.86904281170304	31.75395894466639	84.97659188781948	151.6548721513028	156	0.031198803601606602	0.0050048828125	0.01025390625	0.03704833984375
snapshots/2026-08/ibm_fez/20260824T113933000000Z.json	20260824T113933000000Z	ibm_fez	2026-08-24T11:39:33+00:00	2026-08-24T11:39:33+00:00	156		127.58123421011366	89.3645270264449	0.018898205879407052	156	47.16011421610142	75.69425742991214	128.17544436750399	177.23060185865876	155	48.86904281170304	31.75395894466639	84.97659188781948	151.6548721513028	156	0.031198803601606602	0.0050048828125	0.01025390625	0.03704833984375
snapshots/2026-08/ibm_fez/20260824T124607000000Z.json	20260824T124607000000Z	ibm_fez	2026-08-24T12:46:07+00:00	2026-08-24T12:46:07+00:00	156		127.58123421011366	89.3645270264449	0.018898205879407052	156	47.16011421610142	75.69425742991214	128.17544436750399	177.23060185865876	155	48.86904281170304	31.75395894466639	84.97659188781948	151.6548721513028	156	0.031198803601606602	0.0050048828125	0.01025390625	0.03704833984375
snapshots/2026-08/ibm_fez/20260824T141046000000Z.json	20260824T141046000000Z	ibm_fez	2026-08-24T14:10:46+00:00	2026-08-24T14:10:46+00:00	156		127.58123421011366	89.3645270264449	0.018898205879407052	156	47.16011421610142	75.69425742991214	128.17544436750399	177.23060185865876	155	48.86904281170304	31.75395894466639	84.97659188781948	151.6548721513028	156	0.031198803601606602	0.0050048828125	0.01025390625	0.03704833984375
snapshots/2026-08/ibm_fez/20260824T153730000000Z.json	20260824T153730000000Z	ibm_fez	2026-08-24T15:37:30+00:00	2026-08-24T15:37:30+00:00	156		127.58123421011366	89.3645270264449	0.018898205879407052	156	47.16011421610142	75.69425742991214	128.17544436750399	177.23060185865876	155	48.86904281170304	31.75395894466639	84.97659188781948	151.6548721513028	156	0.031198803601606602	0.0050048828125	0.01025390625	0.03704833984375
snapshots/2026-08/ibm_fez/20260824T170312000000Z.json	20260824T170312000000Z	ibm_fez	2026-08-24T17:03:12+00:00	2026-08-24T17:03:12+00:00	156		127.58123421011366	89.3645270264449	0.018898205879407052	156	47.16011421610142	75.69425742991214	128.17544436750399	177.23060185865876	155	48.86904281170304	31.75395894466639	84.97659188781948	151.6548721513028	156	0.031198803601606602	0.0050048828125	0.01025390625	0.03704833984375
snapshots/2026-08/ibm_fez/20260824T183535000000Z.json	20260824T183535000000Z	ibm_fez	2026-08-24T18:35:35+00:00	2026-08-24T18:35:35+00:00	156		127.58123421011366	89.3645270264449	0.020586062700320512	156	47.16011421610142	75.69425742991214	128.17544436750399	177.23060185865876	155	48.86904281170304	31.75395894466639	84.97659188781948	151.6548721513028	156	0.03463534756425008	0.0052490234375	0.00946044921875	0.04620361328125
snapshots/2026-08/ibm_fez/20260824T201104000000Z.json	20260824T201104000000Z	ibm_fez	2026-08-24T20:11:04+00:00	2026-08-24T20:11:04+00:00	156		127.58123421011366	89.3645270264449	0.020586062700320512	156	47.16011421610142	75.69425742991214	128.17544436750399	177.23060185865876	155	48.86904281170304	31.75395894466639	84.97659188781948	151.6548721513028	156	0.03463534756425008	0.0052490234375	0.00946044921875	0.04620361328125
snapshots/2026-08/ibm_fez/20260825T001500000000Z.json	20260825T001500000000Z	ibm_fez	2026-08-25T00:15:00+00:00	2026-08-25T00:15:00+00:00	156		127.58123421011366	89.3645270264449	0.020586062700320512	156	47.16011421610142	75.69425742991214	128.17544436750399	177.23060185865876	155	48.86904281170304	31.75395894466639	84.97659188781948	151.6548721513028	156	0.03463534756425008	0.0052490234375	0.00946044921875	0.04620361328125
snapshots/2026-08/ibm_fez/20260825T002635000000Z.json	20260825T002635000000Z	ibm_fez	2026-08-25T00:26:35+00:00	2026-08-25T00:26:35+00:00	156		127.58123421011366	89.3645270264449	0.020586062700320512	156	47.16011421610142	75.69425742991214	128.17544436750399	177.23060185865876	155	48.86904281170304	31.75395894466639	84.97659188781948	151.6548721513028	156	0.03463534756425008	0.0052490234375	0.00946044921875	0.04620361328125
snapshots/2026-08/ibm_fez/20260825T071252000000Z.json	20260825T071252000000Z	ibm_fez	2026-08-25T07:12:52+00:00	2026-08-25T07:12:52+00:00	156		127.58123421011366	89.3645270264449	0.020586062700320512	156	47.16011421610142	75.69425742991214	128.17544436750399	177.23060185865876	155	48.86904281170304	31.75395894466639	84.97659188781948	151.6548721513028	156	0.03463534756425008	0.0052490234375	0.00946044921875	0.04620361328125
snapshots/2026-08/ibm_fez/20260825T101517000000Z.json	20260825T101517000000Z	ibm_fez	2026-08-25T10:15:17+00:00	2026-08-25T10:15:17+00:00	156		127.58123421011366	89.3645270264449	0.020586062700320512	156	47.16011421610142	75.69425742991214	128.17544436750399	177.23060185865876	155	48.86904281170304	31.75395894466639	84.97659188781948	151.6548721513028	156	0.03463534756425008	0.0052490234375	0.00946044921875	0.04620361328125
snapshots/2026-08/ibm_fez/20260825T101809000000Z.json	20260825T101809000000Z	ibm_fez	2026-08-25T10:18:09+00:00	2026-08-25T10:18:09+00:00	156		127.58123421011366	89.3645270264449	0.020586062700320512	156	47.16011421610142	75.69425742991214	128.17544436750399	177.23060185865876	155	48.86904281170304	31.75395894466639	84.97659188781948	151.6548721513028	156	0.03463534756425008	0.0052490234375	0.00946044921875	0.04620361328125
snapshots/2026-08/ibm_fez/20260825T163242000000Z.json	20260825T163242000000Z	ibm_fez	2026-08-25T16:32:42+00:00	2026-08-25T16:32:42+00:00	156		127.58123421011366	89.3645270264449	0.021556365184294872	156	47.16011421610142	75.69425742991214	128.17544436750399	177.23060185865876	155	48.86904281170304	31.75395894466639	84.97659188781948	151.6548721513028	156	0.03917967142262945	0.0048828125	0.009521484375	0.0423583984375
snapshots/2026-08/ibm_fez/20260825T173742000000Z.json	20260825T173742000000Z	ibm_fez	2026-08-25T17:37:42+00:00	2026-08-25T17:37:42+00:00	156		124.55977978287635	88.60604195842188	0.021556365184294872	156	43.23572440478092	71.76665778020025	122.19256373663814	176.26380923736752	155	48.184850077951104	31.138133265540212	80.76861790567332	161.42316735133784	156	0.03917967142262945	0.0048828125	0.009521484375	0.0423583984375
snapshots/2026-08/ibm_fez/20260825T184058000000Z.json	20260825T184058000000Z	ibm_fez	2026-08-25T18:40:58+00:00	2026-08-25T18:40:58+00:00	156		124.55977978287635	88.60604195842188	0.021556365184294872	156	43.23572440478092	71.76665778020025	122.19256373663814	176.26380923736752	155	48.184850077951104	31.138133265540212	80.76861790567332	161.42316735133784	156	0.03917967142262945	0.0048828125	0.009521484375	0.0423583984375
snapshots/2026-08/ibm_fez/20260825T194425000000Z.json	20260825T194425000000Z	ibm_fez	2026-08-25T19:44:25+00:00	2026-08-25T19:44:25+00:00	156		124.55977978287635	88.60604195842188	0.01969322791466346	156	43.23572440478092	71.76665778020025	122.19256373663814	176.26380923736752	155	48.184850077951104	31.138133265540212	80.76861790567332	161.42316735133784	156	0.03382707446403663	0.00531005859375	0.00958251953125	0.03973388671875
snapshots/2026-08/ibm_fez/20260825T204415000000Z.json	20260825T204415000000Z	ibm_fez	2026-08-25T20:44:15+00:00	2026-08-25T20:44:15+00:00	156		124.55977978287635	88.60604195842188	0.01969322791466346	156	43.23572440478092	71.76665778020025	122.19256373663814	176.26380923736752	155	48.184850077951104	31.138133265540212	80.76861790567332	161.42316735133784	156	0.03382707446403663	0.00531005859375	0.00958251953125	0.03973388671875
snapshots/2026-08/ibm_fez/20260825T211956000000Z.json	20260825T211956000000Z	ibm_fez	2026-08-25T21:19:56+00:00	2026-08-25T21:19:56+00:00	156		124.55977978287635	88.60604195842188	0.01969322791466346	156	43.23572440478092	71.76665778020025	122.19256373663814	176.26380923736752	155	48.184850077951104	31.138133265540212	80.76861790567332	161.42316735133784	156	0.03382707446403663	0.00531005859375	0.00958251953125	0.03973388671875
snapshots/2026-08/ibm_fez/20260825T223747000000Z.json	20260825T223747000000Z	ibm_fez	2026-08-25T22:37:47+00:00	2026-08-25T22:37:47+00:00	156		124.55977978287635	88.60604195842188	0.01969322791466346	156	43.23572440478092	71.76665778020025	122.19256373663814	176.26380923736752	155	48.184850077951104	31.138133265540212	80.76861790567332	161.42316735133784	156	0.03382707446403663	0.00531005859375	0.00958251953125	0.03973388671875
snapshots/2026-08/ibm_fez/20260825T231001000000Z.json	20260825T231001000000Z	ibm_fez	2026-08-25T23:10:01+00:00	2026-08-25T23:10:01+00:00	156		124.55977978287635	88.60604195842188	0.01969322791466346	156	43.23572440478092	71.76665778020025	122.19256373663814	176.26380923736752	155	48.184850077951104	31.138133265540212	80.76861790567332	161.42316735133784	156	0.03382707446403663	0.00531005859375	0.00958251953125	0.03973388671875
snapshots/2026-08/ibm_fez/20260826T014252000000Z.json	20260826T014252000000Z	ibm_fez	2026-08-26T01:42:52+00:00	2026-08-26T01:42:52+00:00	156		124.55977978287635	88.60604195842188	0.020244891826923076	156	43.23572440478092	71.76665778020025	122.19256373663814	176.26380923736752	155	48.184850077951104	31.138133265540212	80.76861790567332	161.42316735133784	156	0.032149093017324826	0.0052490234375	0.009765625	0.045654296875
snapshots/2026-08/ibm_fez/20260826T030623000000Z.json	20260826T030623000000Z	ibm_fez	2026-08-26T03:06:23+00:00	2026-08-26T03:06:23+00:00	156		135.09360962876607	99.94345912966854	0.020244891826923076	156	44.63218263615575	83.94032024757482	135.41518082308852	190.82965549286155	155	55.96675281231538	31.98439906114876	94.13982511118486	173.02169410708748	156	0.032149093017324826	0.0052490234375	0.009765625	0.045654296875
snapshots/2026-08/ibm_fez/20260826T055946000000Z.json	20260826T055946000000Z	ibm_fez	2026-08-26T05:59:46+00:00	2026-08-26T05:59:46+00:00	156		135.09360962876607	99.94345912966854	0.020244891826923076	156	44.63218263615575	83.94032024757482	135.41518082308852	190.82965549286155	155	55.96675281231538	31.98439906114876	94.13982511118486	173.02169410708748	156	0.032149093017324826	0.0052490234375	0.009765625	0.045654296875
snapshots/2026-08/ibm_fez/20260826T072603000000Z.json	20260826T072603000000Z	ibm_fez	2026-08-26T07:26:03+00:00	2026-08-26T07:26:03+00:00	156		135.09360962876607	99.94345912966854	0.020244891826923076	156	44.63218263615575	83.94032024757482	135.41518082308852	190.82965549286155	155	55.96675281231538	31.98439906114876	94.13982511118486	173.02169410708748	156	0.032149093017324826	0.0052490234375	0.009765625	0.045654296875
snapshots/2026-08/ibm_fez/20260826T085031000000Z.json	20260826T085031000000Z	ibm_fez	2026-08-26T08:50:31+00:00	2026-08-26T08:50:31+00:00	156		135.09360962876607	99.94345912966854	0.020244891826923076	156	44.63218263615575	83.94032024757482	135.41518082308852	190.82965549286155	155	55.96675281231538	31.98439906114876	94.13982511118486	173.02169410708748	156	0.032149093017324826	0.0052490234375	0.009765625	0.045654296875
snapshots/2026-08/ibm_fez/20260826T104336000000Z.json	20260826T104336000000Z	ibm_fez	2026-08-26T10:43:36+00:00	2026-08-26T10:43:36+00:00	156		135.09360962876607	99.94345912966854	0.020244891826923076	156	44.63218263615575	83.94032024757482	135.41518082308852	190.82965549286155	155	55.96675281231538	31.98439906114876	94.13982511118486	173.02169410708748	156	0.032149093017324826	0.0052490234375	0.009765625	0.045654296875
snapshots/2026-08/ibm_fez/20260826T130853000000Z.json	20260826T130853000000Z	ibm_fez	2026-08-26T13:08:53+00:00	2026-08-26T13:08:53+00:00	156		135.09360962876607	99.94345912966854	0.020269149389022436	156	44.63218263615575	83.94032024757482	135.41518082308852	190.82965549286155	155	55.96675281231538	31.98439906114876	94.13982511118486	173.02169410708748	156	0.033776728435659716	0.00537109375	0.0098876953125	0.0404052734375
snapshots/2026-08/ibm_fez/20260826T135959000000Z.json	20260826T135959000000Z	ibm_fez	2026-08-26T13:59:59+00:00	2026-08-26T13:59:59+00:00	156		135.09360962876607	99.94345912966854	0.020269149389022436	156	44.63218263615575	83.94032024757482	135.41518082308852	190.82965549286155	155	55.96675281231538	31.98439906114876	94.13982511118486	173.02169410708748	156	0.033776728435659716	0.00537109375	0.0098876953125	0.0404052734375
snapshots/2026-08/ibm_fez/20260826T150751000000Z.json	20260826T150751000000Z	ibm_fez	2026-08-26T15:07:51+00:00	2026-08-26T15:07:51+00:00	156		135.09360962876607	99.94345912966854	0.020269149389022436	156	44.63218263615575	83.94032024757482	135.41518082308852	190.82965549286155	155	55.96675281231538	31.98439906114876	94.13982511118486	173.02169410708748	156	0.033776728435659716	0.00537109375	0.0098876953125	0.0404052734375
snapshots/2026-08/ibm_fez/20260826T175624000000Z.json	20260826T175624000000Z	ibm_fez	2026-08-26T17:56:24+00:00	2026-08-26T17:56:24+00:00	156		135.09360962876607	99.94345912966854	0.020269149389022436	156	44.63218263615575	83.94032024757482	135.41518082308852	190.82965549286155	155	55.96675281231538	31.98439906114876	94.13982511118486	173.02169410708748	156	0.033776728435659716	0.00537109375	0.0098876953125	0.0404052734375
snapshots/2026-08/ibm_fez/20260826T205012000000Z.json	20260826T205012000000Z	ibm_fez	2026-08-26T20:50:12+00:00	2026-08-26T20:50:12+00:00	156		135.09360962876607	99.94345912966854	0.021480462489983976	156	44.63218263615575	83.94032024757482	135.41518082308852	190.82965549286155	155	55.96675281231538	31.98439906114876	94.13982511118486	173.02169410708748	156	0.04036050559013545	0.00506591796875	0.00970458984375	0.04583740234375
snapshots/2026-08/ibm_fez/20260827T001032000000Z.json	20260827T001032000000Z	ibm_fez	2026-08-27T00:10:32+00:00	2026-08-27T00:10:32+00:00	156		135.09360962876607	99.94345912966854	0.023514185196314104	156	44.63218263615575	83.94032024757482	135.41518082308852	190.82965549286155	155	55.96675281231538	31.98439906114876	94.13982511118486	173.02169410708748	156	0.04081815708426203	0.00531005859375	0.0096435546875	0.04766845703125
snapshots/2026-08/ibm_fez/20260827T111206000000Z.json	20260827T111206000000Z	ibm_fez	2026-08-27T11:12:06+00:00	2026-08-27T11:12:06+00:00	156		134.92320044416164	97.92811706429795	0.020738650590945512	156	46.109849856998274	71.34921609681422	134.37336807235957	190.26333706041947	155	52.505101672678464	30.506056499613965	92.90181995309197	169.26625317711859	156	0.03589105741371149	0.00543212890625	0.0098876953125	0.045654296875
snapshots/2026-08/ibm_fez/20260827T221234000000Z.json	20260827T221234000000Z	ibm_fez	2026-08-27T22:12:34+00:00	2026-08-27T22:12:34+00:00	156		134.92320044416164	97.92811706429795	0.020420954777644232	156	46.109849856998274	71.34921609681422	134.37336807235957	190.26333706041947	155	52.505101672678464	30.506056499613965	92.90181995309197	169.26625317711859	156	0.0322777990859268	0.005126953125	0.010986328125	0.04595947265625
snapshots/2026-08/ibm_fez/20260828T031723000000Z.json	20260828T031723000000Z	ibm_fez	2026-08-28T03:17:23+00:00	2026-08-28T03:17:23+00:00	156		140.61255401077054	98.11936283293547	0.021960136217948716	156	48.29061308443056	81.02919781042053	137.2232364057295	196.8083989583855	155	53.992271471793295	32.50468933126867	93.86455797433935	174.22086542601298	156	0.03769775459094395	0.0050048828125	0.0098876953125	0.0531005859375
snapshots/2026-08/ibm_fez/20260828T182857000000Z.json	20260828T182857000000Z	ibm_fez	2026-08-28T18:28:57+00:00	2026-08-28T18:28:57+00:00	156		140.61255401077054	98.11936283293547	0.020096998948317308	156	48.29061308443056	81.02919781042053	137.2232364057295	196.8083989583855	155	53.992271471793295	32.50468933126867	93.86455797433935	174.22086542601298	156	0.030205065974806104	0.00537109375	0.010498046875	0.04388427734375
snapshots/2026-08/ibm_fez/20260829T020622000000Z.json	20260829T020622000000Z	ibm_fez	2026-08-29T02:06:22+00:00	2026-08-29T02:06:22+00:00	156		137.49322687895548	99.82510413044652	0.02210411658653846	156	48.12370069406422	81.37676732047039	134.01024600832437	201.1140896824337	155	55.58655336335285	32.955930286402065	94.07906566962203	168.02706642394642	156	0.036847109841168214	0.00537109375	0.0108642578125	0.0458984375
snapshots/2026-08/ibm_fez/20260829T075606000000Z.json	20260829T075606000000Z	ibm_fez	2026-08-29T07:56:06+00:00	2026-08-29T07:56:06+00:00	156		137.49322687895548	99.82510413044652	0.02210411658653846	156	48.12370069406422	81.37676732047039	134.01024600832437	201.1140896824337	155	55.58655336335285	32.955930286402065	94.07906566962203	168.02706642394642	156	0.036847109841168214	0.00537109375	0.0108642578125	0.0458984375
snapshots/2026-08/ibm_fez/20260829T140621000000Z.json	20260829T140621000000Z	ibm_fez	2026-08-29T14:06:21+00:00	2026-08-29T14:06:21+00:00	156		137.49322687895548	99.82510413044652	0.024549435346554488	156	48.12370069406422	81.37676732047039	134.01024600832437	201.1140896824337	155	55.58655336335285	32.955930286402065	94.07906566962203	168.02706642394642	156	0.043658787651593166	0.00567626953125	0.010498046875	0.05780029296875
snapshots/2026-08/ibm_fez/20260829T170618000000Z.json	20260829T170618000000Z	ibm_fez	2026-08-29T17:06:18+00:00	2026-08-29T17:06:18+00:00	156		137.49322687895548	99.82510413044652	0.024549435346554488	156	48.12370069406422	81.37676732047039	134.01024600832437	201.1140896824337	155	55.58655336335285	32.955930286402065	94.07906566962203	168.02706642394642	156	0.043658787651593166	0.00567626953125	0.010498046875	0.05780029296875
snapshots/2026-08/ibm_fez/20260829T213610000000Z.json	20260829T213610000000Z	ibm_fez	2026-08-29T21:36:10+00:00	2026-08-29T21:36:10+00:00	156		137.49322687895548	99.82510413044652	0.024549435346554488	156	48.12370069406422	81.37676732047039	134.01024600832437	201.1140896824337	155	55.58655336335285	32.955930286402065	94.07906566962203	168.02706642394642	156	0.043658787651593166	0.00567626953125	0.010498046875	0.05780029296875
snapshots/2026-08/ibm_fez/20260829T232918000000Z.json	20260829T232918000000Z	ibm_fez	2026-08-29T23:29:18+00:00	2026-08-29T23:29:18+00:00	156		128.0821984917211	93.79162926115497	0.022636217948717948	156	44.41025987974328	72.20687291303736	126.25902454305577	183.36452562744785	155	54.373721986266986	27.97369617777291	88.81403680389008	170.07061755129052	156	0.03489656743455651	0.00537109375	0.0118408203125	0.0518798828125
snapshots/2026-08/ibm_fez/20260830T052025000000Z.json	20260830T052025000000Z	ibm_fez	2026-08-30T05:20:25+00:00	2026-08-30T05:20:25+00:00	156		128.0821984917211	93.79162926115497	0.020923321063701924	156	44.41025987974328	72.20687291303736	126.25902454305577	183.36452562744785	155	54.373721986266986	27.97369617777291	88.81403680389008	170.07061755129052	156	0.03227873956250174	0.00555419921875	0.0111083984375	0.04718017578125
snapshots/2026-08/ibm_fez/20260830T110749000000Z.json	20260830T110749000000Z	ibm_fez	2026-08-30T11:07:49+00:00	2026-08-30T11:07:49+00:00	156		128.0821984917211	93.79162926115497	0.020923321063701924	156	44.41025987974328	72.20687291303736	126.25902454305577	183.36452562744785	155	54.373721986266986	27.97369617777291	88.81403680389008	170.07061755129052	156	0.03227873956250174	0.00555419921875	0.0111083984375	0.04718017578125
snapshots/2026-08/ibm_fez/20260830T155612000000Z.json	20260830T155612000000Z	ibm_fez	2026-08-30T15:56:12+00:00	2026-08-30T15:56:12+00:00	156		128.0821984917211	93.79162926115497	0.023065811548477564	156	44.41025987974328	72.20687291303736	126.25902454305577	183.36452562744785	155	54.373721986266986	27.97369617777291	88.81403680389008	170.07061755129052	156	0.03896679467211258	0.0050048828125	0.010986328125	0.06182861328125
snapshots/2026-08/ibm_fez/20260830T190908000000Z.json	20260830T190908000000Z	ibm_fez	2026-08-30T19:09:08+00:00	2026-08-30T19:09:08+00:00	156		128.0821984917211	93.79162926115497	0.023065811548477564	156	44.41025987974328	72.20687291303736	126.25902454305577	183.36452562744785	155	54.373721986266986	27.97369617777291	88.81403680389008	170.07061755129052	156	0.03896679467211258	0.0050048828125	0.010986328125	0.06182861328125
snapshots/2026-08/ibm_fez/20260830T215603000000Z.json	20260830T215603000000Z	ibm_fez	2026-08-30T21:56:03+00:00	2026-08-30T21:56:03+00:00	156		128.0821984917211	93.79162926115497	0.025457137670272436	156	44.41025987974328	72.20687291303736	126.25902454305577	183.36452562744785	155	54.373721986266986	27.97369617777291	88.81403680389008	170.07061755129052	156	0.05363500037233151	0.005859375	0.01153564453125	0.05303955078125
snapshots/2026-08/ibm_fez/20260831T010800000000Z.json	20260831T010800000000Z	ibm_fez	2026-08-31T01:08:00+00:00	2026-08-31T01:08:00+00:00	156		121.42765979618369	91.47555338096868	0.020814553285256412	156	41.567143062141206	68.75778678209787	119.74588290676452	169.78382366626929	155	51.242773299356564	32.07305076913715	83.69385889217322	161.68717680637533	156	0.03693970390058102	0.005615234375	0.0098876953125	0.0426025390625
snapshots/2026-08/ibm_fez/20260831T070709000000Z.json	20260831T070709000000Z	ibm_fez	2026-08-31T07:07:09+00:00	2026-08-31T07:07:09+00:00	156		121.42765979618369	91.47555338096868	0.02062675280448718	156	41.567143062141206	68.75778678209787	119.74588290676452	169.78382366626929	155	51.242773299356564	32.07305076913715	83.69385889217322	161.68717680637533	156	0.041580630644217464	0.0057373046875	0.01031494140625	0.03997802734375
snapshots/2026-08/ibm_fez/20260831T145644000000Z.json	20260831T145644000000Z	ibm_fez	2026-08-31T14:56:44+00:00	2026-08-31T14:56:44+00:00	156		121.42765979618369	91.47555338096868	0.02062675280448718	156	41.567143062141206	68.75778678209787	119.74588290676452	169.78382366626929	155	51.242773299356564	32.07305076913715	83.69385889217322	161.68717680637533	156	0.041580630644217464	0.0057373046875	0.01031494140625	0.03997802734375
snapshots/2026-08/ibm_fez/20260831T203902000000Z.json	20260831T203902000000Z	ibm_fez	2026-08-31T20:39:02+00:00	2026-08-31T20:39:02+00:00	156		121.42765979618369	91.47555338096868	0.019363012069310896	156	41.567143062141206	68.75778678209787	119.74588290676452	169.78382366626929	155	51.242773299356564	32.07305076913715	83.69385889217322	161.68717680637533	156	0.033475187127278115	0.0040283203125	0.0096435546875	0.04150390625
snapshots/2026-09/ibm_fez/20260901T002434000000Z.json	20260901T002434000000Z	ibm_fez	2026-09-01T00:24:34+00:00	2026-09-01T00:24:34+00:00	156		143.5882707317246	100.50715653835809	0.019201034154647436	156	49.50682356724206	87.68920445002732	142.62036927406763	212.73829519228667	155	56.59140018777083	31.435692046645787	95.80090355561322	184.02193785952377	156	0.03713125213657486	0.004638671875	0.0096435546875	0.03466796875
snapshots/2026-09/ibm_fez/20260901T060919000000Z.json	20260901T060919000000Z	ibm_fez	2026-09-01T06:09:19+00:00	2026-09-01T06:09:19+00:00	156		143.5882707317246	100.50715653835809	0.023292737129407052	156	49.50682356724206	87.68920445002732	142.62036927406763	212.73829519228667	155	56.59140018777083	31.435692046645787	95.80090355561322	184.02193785952377	156	0.05181147333975358	0.0042724609375	0.0093994140625	0.04608154296875
snapshots/2026-09/ibm_fez/20260901T121605000000Z.json	20260901T121605000000Z	ibm_fez	2026-09-01T12:16:05+00:00	2026-09-01T12:16:05+00:00	156		143.5882707317246	100.50715653835809	0.018686930338541668	156	49.50682356724206	87.68920445002732	142.62036927406763	212.73829519228667	155	56.59140018777083	31.435692046645787	95.80090355561322	184.02193785952377	156	0.032104637295080646	0.0047607421875	0.00970458984375	0.03668212890625
snapshots/2026-09/ibm_fez/20260901T125138000000Z.json	20260901T125138000000Z	ibm_fez	2026-09-01T12:51:38+00:00	2026-09-01T12:51:38+00:00	156		143.5882707317246	100.50715653835809	0.018686930338541668	156	49.50682356724206	87.68920445002732	142.62036927406763	212.73829519228667	155	56.59140018777083	31.435692046645787	95.80090355561322	184.02193785952377	156	0.032104637295080646	0.0047607421875	0.00970458984375	0.03668212890625
snapshots/2026-09/ibm_fez/20260902T045624000000Z.json	20260902T045624000000Z	ibm_fez	2026-09-02T04:56:24+00:00	2026-09-02T04:56:24+00:00	156		134.10537637484455	101.63374720263889	0.020543807592147436	156	46.83504832411869	80.76479069836138	131.3604518295936	191.73690008915412	155	56.5894462438602	28.622467084014918	100.38166092291398	184.39848758304765	156	0.038518409885286944	0.004638671875	0.0091552734375	0.043701171875
snapshots/2026-09/ibm_fez/20260902T112330000000Z.json	20260902T112330000000Z	ibm_fez	2026-09-02T11:23:30+00:00	2026-09-02T11:23:30+00:00	156		134.10537637484455	101.63374720263889	0.020982791215945512	156	46.83504832411869	80.76479069836138	131.3604518295936	191.73690008915412	155	56.5894462438602	28.622467084014918	100.38166092291398	184.39848758304765	156	0.03202909849166232	0.00469970703125	0.0106201171875	0.0499267578125
snapshots/2026-09/ibm_fez/20260902T154549000000Z.json	20260902T154549000000Z	ibm_fez	2026-09-02T15:45:49+00:00	2026-09-02T15:45:49+00:00	156		134.10537637484455	101.63374720263889	0.021442119891826924	156	46.83504832411869	80.76479069836138	131.3604518295936	191.73690008915412	155	56.5894462438602	28.622467084014918	100.38166092291398	184.39848758304765	156	0.037636396693448565	0.00469970703125	0.009033203125	0.044921875
snapshots/2026-09/ibm_fez/20260902T183922000000Z.json	20260902T183922000000Z	ibm_fez	2026-09-02T18:39:22+00:00	2026-09-02T18:39:22+00:00	156		134.10537637484455	101.63374720263889	0.021442119891826924	156	46.83504832411869	80.76479069836138	131.3604518295936	191.73690008915412	155	56.5894462438602	28.622467084014918	100.38166092291398	184.39848758304765	156	0.037636396693448565	0.00469970703125	0.009033203125	0.044921875
snapshots/2026-09/ibm_fez/20260902T193413000000Z.json	20260902T193413000000Z	ibm_fez	2026-09-02T19:34:13+00:00	2026-09-02T19:34:13+00:00	156		134.10537637484455	101.63374720263889	0.019764435596955128	156	46.83504832411869	80.76479069836138	131.3604518295936	191.73690008915412	155	56.5894462438602	28.622467084014918	100.38166092291398	184.39848758304765	156	0.0353856831124627	0.004638671875	0.00897216796875	0.0408935546875
snapshots/2026-09/ibm_fez/20260902T223457000000Z.json	20260902T223457000000Z	ibm_fez	2026-09-02T22:34:57+00:00	2026-09-02T22:34:57+00:00	156		134.10537637484455	101.63374720263889	0.018488957331730768	156	46.83504832411869	80.76479069836138	131.3604518295936	191.73690008915412	155	56.5894462438602	28.622467084014918	100.38166092291398	184.39848758304765	156	0.029545260231749835	0.00469970703125	0.009521484375	0.041748046875
snapshots/2026-09/ibm_fez/20260903T004128000000Z.json	20260903T004128000000Z	ibm_fez	2026-09-03T00:41:28+00:00	2026-09-03T00:41:28+00:00	156		134.10537637484455	101.63374720263889	0.024283384665464744	156	46.83504832411869	80.76479069836138	131.3604518295936	191.73690008915412	155	56.5894462438602	28.622467084014918	100.38166092291398	184.39848758304765	156	0.052882623720585845	0.00433349609375	0.00921630859375	0.05718994140625
snapshots/2026-09/ibm_fez/20260903T055639000000Z.json	20260903T055639000000Z	ibm_fez	2026-09-03T05:56:39+00:00	2026-09-03T05:56:39+00:00	156		134.10537637484455	101.63374720263889	0.020665877904647436	156	46.83504832411869	80.76479069836138	131.3604518295936	191.73690008915412	155	56.5894462438602	28.622467084014918	100.38166092291398	184.39848758304765	156	0.04153729241282706	0.0045166015625	0.0093994140625	0.0379638671875
snapshots/2026-09/ibm_fez/20260903T104949000000Z.json	20260903T104949000000Z	ibm_fez	2026-09-03T10:49:49+00:00	2026-09-03T10:49:49+00:00	156		132.55067661348207	99.53175099766315	0.020665877904647436	156	47.43610425612784	76.42797018870817	129.05607867638653	196.2327630486996	155	55.56770261362575	28.332208159818887	96.12717990034118	168.26078257453938	156	0.04153729241282706	0.0045166015625	0.0093994140625	0.0379638671875
snapshots/2026-09/ibm_fez/20260903T160719000000Z.json	20260903T160719000000Z	ibm_fez	2026-09-03T16:07:19+00:00	2026-09-03T16:07:19+00:00	156		132.55067661348207	99.53175099766315	0.01916816907051282	156	47.43610425612784	76.42797018870817	129.05607867638653	196.2327630486996	155	55.56770261362575	28.332208159818887	96.12717990034118	168.26078257453938	156	0.03255171368738506	0.00439453125	0.009521484375	0.04388427734375
snapshots/2026-09/ibm_fez/20260903T194106000000Z.json	20260903T194106000000Z	ibm_fez	2026-09-03T19:41:06+00:00	2026-09-03T19:41:06+00:00	156		132.55067661348207	99.53175099766315	0.022680038060897436	156	47.43610425612784	76.42797018870817	129.05607867638653	196.2327630486996	155	55.56770261362575	28.332208159818887	96.12717990034118	168.26078257453938	156	0.042271445370870374	0.00439453125	0.0103759765625	0.04156494140625
snapshots/2026-09/ibm_fez/20260903T213444000000Z.json	20260903T213444000000Z	ibm_fez	2026-09-03T21:34:44+00:00	2026-09-03T21:34:44+00:00	156		132.55067661348207	99.53175099766315	0.022680038060897436	156	47.43610425612784	76.42797018870817	129.05607867638653	196.2327630486996	155	55.56770261362575	28.332208159818887	96.12717990034118	168.26078257453938	156	0.042271445370870374	0.00439453125	0.0103759765625	0.04156494140625
snapshots/2026-09/ibm_fez/20260904T010031000000Z.json	20260904T010031000000Z	ibm_fez	2026-09-04T01:00:31+00:00	2026-09-04T01:00:31+00:00	156		132.55067661348207	99.53175099766315	0.018934200971554488	156	47.43610425612784	76.42797018870817	129.05607867638653	196.2327630486996	155	55.56770261362575	28.332208159818887	96.12717990034118	168.26078257453938	156	0.031180453818829872	0.0048828125	0.009521484375	0.0394287109375
snapshots/2026-09/ibm_fez/20260904T051420000000Z.json	20260904T051420000000Z	ibm_fez	2026-09-04T05:14:20+00:00	2026-09-04T05:14:20+00:00	156		132.55067661348207	99.53175099766315	0.018934200971554488	156	47.43610425612784	76.42797018870817	129.05607867638653	196.2327630486996	155	55.56770261362575	28.332208159818887	96.12717990034118	168.26078257453938	156	0.031180453818829872	0.0048828125	0.009521484375	0.0394287109375
