snapshot_filename	last_update_date	qubit_digest	is_new_state
20260513T121322000000Z.json	2026-05-13T12:13:22.000000Z	1f282922386c21aeba535e5d11716a123e55dd3562d121f831ab9cf2e6f50e61	1
20260513T143529000000Z.json	2026-05-13T14:35:29.000000Z	44e1db5e3615460a6f0caf4e0495b4cb0bacde514a0077132023666aeb53c63b	1
20260513T152118000000Z.json	2026-05-13T15:21:18.000000Z	f295abe152b4da83670e82f80909826c41553f4ecafc1d8b825395a7ebcb8e93	1
20260513T184440000000Z.json	2026-05-13T18:44:40.000000Z	cc7e7f790605799ff912ab04b6e57d16c03f2652c4ec3397d4f468c11276de77	1
20260513T202707000000Z.json	2026-05-13T20:27:07.000000Z	cc7e7f790605799ff912ab04b6e57d16c03f2652c4ec3397d4f468c11276de77	0
20260513T215706000000Z.json	2026-05-13T21:57:06.000000Z	a49f18d3d077e6d66239c33e74e22dde120ac71235ce500b8cc610f1079cd3bc	1
20260513T235420000000Z.json	2026-05-13T23:54:20.000000Z	a49f18d3d077e6d66239c33e74e22dde120ac71235ce500b8cc610f1079cd3bc	0
20260514T042803000000Z.json	2026-05-14T04:28:03.000000Z	c97b83032c518abe24b26d696bdfe341193bccbef47cf2ef8c105536a70a4b23	1
20260514T070546000000Z.json	2026-05-14T07:05:46.000000Z	a237e6d504641835bad9b4a0d58f3ab3093cd42b08e3bac44105c7f846048c58	1
20260514T094643000000Z.json	2026-05-14T09:46:43.000000Z	88a95cf9aafe6f48616bdb774984e907b94c191e7f0b0b9363048f6f008f20da	1
20260514T123242000000Z.json	2026-05-14T12:32:42.000000Z	bb18a53c6f29a492bac871fc6952b321af7d71df798464379985be7524bbe9f2	1
20260514T150000000000Z.json	2026-05-14T15:00:00.000000Z	9129a2b26cefdaa8505dc03e71afea898cf946196ff4dff9b26ce2abbf8e54c8	1
20260514T165538000000Z.json	2026-05-14T16:55:38.000000Z	9129a2b26cefdaa8505dc03e71afea898cf946196ff4dff9b26ce2abbf8e54c8	0
20260514T191202000000Z.json	2026-05-14T19:12:02.000000Z	6f80eaa66cdb40e7548208274d971803e6f27c3488b1d975746697e1f2921a18	1
20260514T195201000000Z.json	2026-05-14T19:52:01.000000Z	6f80eaa66cdb40e7548208274d971803e6f27c3488b1d975746697e1f2921a18	0
20260514T223551000000Z.json	2026-05-14T22:35:51.000000Z	1249b051c3eb87368d8e58cdc8e9b72664ef37bf91f0d35b27a95aeb341a09f0	1
20260514T234626000000Z.json	2026-05-14T23:46:26.000000Z	1249b051c3eb87368d8e58cdc8e9b72664ef37bf91f0d35b27a95aeb341a09f0	0
20260515T034827000000Z.json	2026-05-15T03:48:27.000000Z	3fefbd5342313d05756ab6bbb556e7ae72a889bd56ad19a157b0f26778c08638	1
20260515T093453000000Z.json	2026-05-15T09:34:53.000000Z	2c6d5e8f5d2f2ac20ed757cb82c82509b3dead5f57d8a97f652e41bd6910baa1	1
20260515T113710000000Z.json	2026-05-15T11:37:10.000000Z	c3f1704c999d1fe27fb9c0b47a5e4f50f82a570cc6799760b0272f72ce728a2e	1
20260515T183744000000Z.json	2026-05-15T18:37:44.000000Z	c3f1704c999d1fe27fb9c0b47a5e4f50f82a570cc6799760b0272f72ce728a2e	0
20260515T205538000000Z.json	2026-05-15T20:55:38.000000Z	8b54cdbdc7d546099ab150068d91c5f8d131caed385a4f49129e5d4115ed568a	1
20260515T222515000000Z.json	2026-05-15T22:25:15.000000Z	50620d3f1734244eaf81da053804e1de9851ddddcf5836e7ae76e4ff38e39a7a	1
20260515T233546000000Z.json	2026-05-15T23:35:46.000000Z	50620d3f1734244eaf81da053804e1de9851ddddcf5836e7ae76e4ff38e39a7a	0
20260516T025420000000Z.json	2026-05-16T02:54:20.000000Z	5e17742052b3693b48cfcb063e8f0f84877e62eb2270d94e513bdc8ab7b724c9	1
20260516T054344000000Z.json	2026-05-16T05:43:44.000000Z	ec96634723111abbf1e9bf39b2584de36c570d1949a2874a9b8cbc9f773b9c9f	1
20260516T075732000000Z.json	2026-05-16T07:57:32.000000Z	7f7b8ca143abc96055391c028653be7de740548dee9c3d6611f02da3ca01dd05	1
20260516T093915000000Z.json	2026-05-16T09:39:15.000000Z	7f7b8ca143abc96055391c028653be7de740548dee9c3d6611f02da3ca01dd05	0
20260516T111002000000Z.json	2026-05-16T11:10:02.000000Z	bb67235fcca70c4671f8b1c4c23d50fd7a23bd03b301ab9bf0216013e6ef7f23	1
20260516T130539000000Z.json	2026-05-16T13:05:39.000000Z	bb67235fcca70c4671f8b1c4c23d50fd7a23bd03b301ab9bf0216013e6ef7f23	0
20260516T142521000000Z.json	2026-05-16T14:25:21.000000Z	85d33969fc0a8c1717a0f215d1f64859e6b0f31c2d5070e8dbd3fe352f212c14	1
20260516T155022000000Z.json	2026-05-16T15:50:22.000000Z	85d33969fc0a8c1717a0f215d1f64859e6b0f31c2d5070e8dbd3fe352f212c14	0
20260516T163304000000Z.json	2026-05-16T16:33:04.000000Z	85d33969fc0a8c1717a0f215d1f64859e6b0f31c2d5070e8dbd3fe352f212c14	0
20260516T182525000000Z.json	2026-05-16T18:25:25.000000Z	dfdf4110fc726381193d4e6810d29a0b60b8b39b56ee34bd70567865bcc97eba	1
20260516T194530000000Z.json	2026-05-16T19:45:30.000000Z	dfdf4110fc726381193d4e6810d29a0b60b8b39b56ee34bd70567865bcc97eba	0
20260516T210531000000Z.json	2026-05-16T21:05:31.000000Z	dfdf4110fc726381193d4e6810d29a0b60b8b39b56ee34bd70567865bcc97eba	0
20260516T222522000000Z.json	2026-05-16T22:25:22.000000Z	f5d93cd7cc95335ce883aa7c1facdcf65ebc2ebe95d94e40bc9db354944bce49	1
20260516T234529000000Z.json	2026-05-16T23:45:29.000000Z	f5d93cd7cc95335ce883aa7c1facdcf65ebc2ebe95d94e40bc9db354944bce49	0
20260517T030217000000Z.json	2026-05-17T03:02:17.000000Z	dbe426b0ed0cdd8802bb332939f66c454e55b85fbcfb531de3cb36dd96e1e83e	1
20260517T062608000000Z.json	2026-05-17T06:26:08.000000Z	42864d59dc5fe11ddfbc9be8aeeee8f452eb406ab565d1516d4824c161593bd9	1
20260517T074536000000Z.json	2026-05-17T07:45:36.000000Z	88468a163c7d3343d623877f5afd957f949a140793f21ff4d74ff8b2e327cb23	1
20260517T103619000000Z.json	2026-05-17T10:36:19.000000Z	88468a163c7d3343d623877f5afd957f949a140793f21ff4d74ff8b2e327cb23	0
20260517T115525000000Z.json	2026-05-17T11:55:25.000000Z	f5629c8bde039e7adc9c44d1c28760ce899d998395e5b0f0622b9829aad5d2d4	1
20260517T141453000000Z.json	2026-05-17T14:14:53.000000Z	d21d284d8f57cab8632deb6d0032d80f6282e909a93a23ebceb5eb0e6ddfc1bb	1
20260517T155532000000Z.json	2026-05-17T15:55:32.000000Z	d21d284d8f57cab8632deb6d0032d80f6282e909a93a23ebceb5eb0e6ddfc1bb	0
20260517T172002000000Z.json	2026-05-17T17:20:02.000000Z	d8a44e2a8e78ea0e92e167762808b40ac5652f32decfedd50fb027c35d2b4ae6	1
20260517T182525000000Z.json	2026-05-17T18:25:25.000000Z	d8a44e2a8e78ea0e92e167762808b40ac5652f32decfedd50fb027c35d2b4ae6	0
20260517T194548000000Z.json	2026-05-17T19:45:48.000000Z	d8a44e2a8e78ea0e92e167762808b40ac5652f32decfedd50fb027c35d2b4ae6	0
20260517T210633000000Z.json	2026-05-17T21:06:33.000000Z	f0fc465973bc975b4c5d056fc6b874ec435dede5316dabae53bc40d553985811	1
20260517T214659000000Z.json	2026-05-17T21:46:59.000000Z	f0fc465973bc975b4c5d056fc6b874ec435dede5316dabae53bc40d553985811	0
20260517T230556000000Z.json	2026-05-17T23:05:56.000000Z	f0fc465973bc975b4c5d056fc6b874ec435dede5316dabae53bc40d553985811	0
20260518T010531000000Z.json	2026-05-18T01:05:31.000000Z	d4f71933044caed8c034d818fd3ec2db5b16b3b3b98eef1abf96f725b85c3df1	1
20260518T050826000000Z.json	2026-05-18T05:08:26.000000Z	13438a51772fc8147aaaea95410678233383f3cc73076f57984593a0448a5636	1
20260518T102517000000Z.json	2026-05-18T10:25:17.000000Z	1186749ae9248d8eb25373a09c60fd41bc91fc73c1162936d4a98fc3792fa746	1
20260518T121242000000Z.json	2026-05-18T12:12:42.000000Z	99bdeaa69f591f1b5e78cf8561ea45a4c663537b6e564fd6d969c1abeb9a3de5	1
20260518T164841000000Z.json	2026-05-18T16:48:41.000000Z	99bdeaa69f591f1b5e78cf8561ea45a4c663537b6e564fd6d969c1abeb9a3de5	0
20260518T185131000000Z.json	2026-05-18T18:51:31.000000Z	1f887914f7e4329017349e54fe9d8f4855a10fb60285f8545fbede26ab24a390	1
20260518T231840000000Z.json	2026-05-18T23:18:40.000000Z	1f887914f7e4329017349e54fe9d8f4855a10fb60285f8545fbede26ab24a390	0
20260519T041218000000Z.json	2026-05-19T04:12:18.000000Z	7ad463418969e344e5f042f1532d99668b40cd8ff13af5617a8c49408ed47060	1
20260519T075820000000Z.json	2026-05-19T07:58:20.000000Z	b2533ce8cf17d0b975fd8fbcd945c3ca1eae23720cdb2f57837a6d1fb45a292b	1
20260519T111927000000Z.json	2026-05-19T11:19:27.000000Z	f8d42ceb8e8fde7c304c94889f11287f9783affb5e83de46ac974ff3c18901d5	1
20260519T153114000000Z.json	2026-05-19T15:31:14.000000Z	095e304703998496a4c91f610c8d53ca4a2728958d7030553219eacac1f489af	1
20260519T175643000000Z.json	2026-05-19T17:56:43.000000Z	095e304703998496a4c91f610c8d53ca4a2728958d7030553219eacac1f489af	0
20260519T193356000000Z.json	2026-05-19T19:33:56.000000Z	b928fa10088e003e98970e2e01d751bb26173eba2268836156e9e8f5e9a48dae	1
20260519T213134000000Z.json	2026-05-19T21:31:34.000000Z	203b0ebaaaac2d216c1098510525313a5e5a2464afcd75b5d10a1846e2bfde76	1
20260519T231626000000Z.json	2026-05-19T23:16:26.000000Z	203b0ebaaaac2d216c1098510525313a5e5a2464afcd75b5d10a1846e2bfde76	0
20260520T043645000000Z.json	2026-05-20T04:36:45.000000Z	bce8338c1d5bace3f460aa75d2957f184cc06b4b11c313b67ff0e6158e6189b6	1
20260520T073739000000Z.json	2026-05-20T07:37:39.000000Z	582976fd165b2c53e4e4fa4c9707a798b2850b34eaf83ff229e0c3ee7e763f01	1
20260520T112727000000Z.json	2026-05-20T11:27:27.000000Z	a4d816fa9ebb21f3e5a7291a90830529f7446be0e9db717c41f3f3292f7d8ecc	1
20260520T151529000000Z.json	2026-05-20T15:15:29.000000Z	005cc9079989ea69baa256e4698ae2a1e8c20a4b37684abd9c49561098d3df8a	1
20260520T183005000000Z.json	2026-05-20T18:30:05.000000Z	104f885e5d0f7b8c9035a3c1f823dc6eb3e94492ff086b44d61d44ca2f47a633	1
20260520T203531000000Z.json	2026-05-20T20:35:31.000000Z	d57066e758b51ee5dc556b60dd15a02aa444bed72c5d5ea215faed8404f96293	1
20260520T224238000000Z.json	2026-05-20T22:42:38.000000Z	01958ca3c0bb115fb2ed8e59343ec0672cea757ee561fcab58570ba11c1a20d6	1
20260521T012049000000Z.json	2026-05-21T01:20:49.000000Z	01958ca3c0bb115fb2ed8e59343ec0672cea757ee561fcab58570ba11c1a20d6	0
20260521T052635000000Z.json	2026-05-21T05:26:35.000000Z	1f2f0f33678071ea9274f712196746d9aef20d4b1631c7311c43342d7fddade8	1
20260521T084522000000Z.json	2026-05-21T08:45:22.000000Z	0e2be421928aa4b9f8262420dd58d1c2e980f8908963036330e0853ba5b3e893	1
20260521T114222000000Z.json	2026-05-21T11:42:22.000000Z	0e2be421928aa4b9f8262420dd58d1c2e980f8908963036330e0853ba5b3e893	0
20260521T170657000000Z.json	2026-05-21T17:06:57.000000Z	facfb5042b617483f5ef5cbe77cfb208c7d448ab8f48b369958ffc8d231a8a0d	1
20260521T183204000000Z.json	2026-05-21T18:32:04.000000Z	78b3bcb80e1bec9970eb120fa1d6e45b743d7cbca6f09f3efbc4743a9ed62664	1
20260521T205631000000Z.json	2026-05-21T20:56:31.000000Z	78b3bcb80e1bec9970eb120fa1d6e45b743d7cbca6f09f3efbc4743a9ed62664	0
20260521T222846000000Z.json	2026-05-21T22:28:46.000000Z	cf95c57bfa786f4f7bb53d6e18dd33271e83b3924308f67c79f433b0bd30b00d	1
20260522T005634000000Z.json	2026-05-22T00:56:34.000000Z	cf95c57bfa786f4f7bb53d6e18dd33271e83b3924308f67c79f433b0bd30b00d	0
20260522T035910000000Z.json	2026-05-22T03:59:10.000000Z	cfa0088d3f05fe02c2fff831e7c9d8aea9bbb98ab5935e744213ee565b64d0dc	1
20260522T094551000000Z.json	2026-05-22T09:45:51.000000Z	cfa0088d3f05fe02c2fff831e7c9d8aea9bbb98ab5935e744213ee565b64d0dc	0
20260522T111649000000Z.json	2026-05-22T11:16:49.000000Z	715694c2fe7d25191929cc1ec684626b3a0f98e54387339bb4126dde508a1dcf	1
20260522T154625000000Z.json	2026-05-22T15:46:25.000000Z	715694c2fe7d25191929cc1ec684626b3a0f98e54387339bb4126dde508a1dcf	0
20260522T170712000000Z.json	2026-05-22T17:07:12.000000Z	715694c2fe7d25191929cc1ec684626b3a0f98e54387339bb4126dde508a1dcf	0
20260522T194625000000Z.json	2026-05-22T19:46:25.000000Z	715694c2fe7d25191929cc1ec684626b3a0f98e54387339bb4126dde508a1dcf	0
20260522T210631000000Z.json	2026-05-22T21:06:31.000000Z	715694c2fe7d25191929cc1ec684626b3a0f98e54387339bb4126dde508a1dcf	0
20260522T231223000000Z.json	2026-05-22T23:12:23.000000Z	d764fb6fe3711a1e51d5f5ba5acf3661284ed97f67f92a24eb235897a595eccd	1
20260523T035902000000Z.json	2026-05-23T03:59:02.000000Z	c8a1569f2c202632b57598cd437dfaa47845af0310dd522fa6ebac80fc977071	1
20260523T064146000000Z.json	2026-05-23T06:41:46.000000Z	007daf658522cdb4e0b864acf76c1d9176d24fe575f734d7b0fb63a3d80ca117	1
20260523T082515000000Z.json	2026-05-23T08:25:15.000000Z	007daf658522cdb4e0b864acf76c1d9176d24fe575f734d7b0fb63a3d80ca117	0
20260523T104638000000Z.json	2026-05-23T10:46:38.000000Z	9292b09eef497bca2437f33a7b5bdd92061502eb266ae58f20b3fa60987c6e47	1
20260523T122625000000Z.json	2026-05-23T12:26:25.000000Z	9292b09eef497bca2437f33a7b5bdd92061502eb266ae58f20b3fa60987c6e47	0
20260523T133533000000Z.json	2026-05-23T13:35:33.000000Z	728ad1590c1c3a56d13f3c228fb240dcfdad97b248b223a97b89128c5276d37a	1
20260523T161219000000Z.json	2026-05-23T16:12:19.000000Z	728ad1590c1c3a56d13f3c228fb240dcfdad97b248b223a97b89128c5276d37a	0
20260523T171032000000Z.json	2026-05-23T17:10:32.000000Z	396d4d509dfd60600d0868f70a34c6777fbbac5250120ea467bd8cebb2bd8370	1
20260523T172605000000Z.json	2026-05-23T17:26:05.000000Z	396d4d509dfd60600d0868f70a34c6777fbbac5250120ea467bd8cebb2bd8370	0
20260523T200706000000Z.json	2026-05-23T20:07:06.000000Z	396d4d509dfd60600d0868f70a34c6777fbbac5250120ea467bd8cebb2bd8370	0
20260523T204328000000Z.json	2026-05-23T20:43:28.000000Z	49e9d85d2a574faabaf026794ee36af79f550c804b61e4e594855200ea2f61fa	1
20260523T213941000000Z.json	2026-05-23T21:39:41.000000Z	49e9d85d2a574faabaf026794ee36af79f550c804b61e4e594855200ea2f61fa	0
20260523T231606000000Z.json	2026-05-23T23:16:06.000000Z	3fba5fea997b58a35f2785ac7354ded89174e198e7cc397bb43f2b16f7205bf1	1
20260524T004239000000Z.json	2026-05-24T00:42:39.000000Z	8f1f892184a1e95e90dddc525870341168ee47937e97dadca2c59a106dcd9704	1
20260524T050640000000Z.json	2026-05-24T05:06:40.000000Z	e72be9cd879f3972d3f15899e5e7e17fbf4496aae3610596eb5c00d8e6641595	1
20260524T083456000000Z.json	2026-05-24T08:34:56.000000Z	e72be9cd879f3972d3f15899e5e7e17fbf4496aae3610596eb5c00d8e6641595	0
20260524T103835000000Z.json	2026-05-24T10:38:35.000000Z	dffc7400e81a932712ccf3c6a281e3161169b6300986874a0f562dc1295cefe3	1
20260524T112241000000Z.json	2026-05-24T11:22:41.000000Z	dffc7400e81a932712ccf3c6a281e3161169b6300986874a0f562dc1295cefe3	0
20260524T142349000000Z.json	2026-05-24T14:23:49.000000Z	dffc7400e81a932712ccf3c6a281e3161169b6300986874a0f562dc1295cefe3	0
20260524T161241000000Z.json	2026-05-24T16:12:41.000000Z	853af841a23f5e77db33f182452a07478ef6cccb4772201339fcdfec384a3832	1
20260524T170904000000Z.json	2026-05-24T17:09:04.000000Z	853af841a23f5e77db33f182452a07478ef6cccb4772201339fcdfec384a3832	0
20260524T182854000000Z.json	2026-05-24T18:28:54.000000Z	853af841a23f5e77db33f182452a07478ef6cccb4772201339fcdfec384a3832	0
20260524T195214000000Z.json	2026-05-24T19:52:14.000000Z	4d422f38eb30a37bbd4976b4aa27853872aea87efe1dba7711f4a28da8b708d4	1
20260524T210536000000Z.json	2026-05-24T21:05:36.000000Z	4d422f38eb30a37bbd4976b4aa27853872aea87efe1dba7711f4a28da8b708d4	0
20260524T221326000000Z.json	2026-05-24T22:13:26.000000Z	e28ef29e29d67af8a41fd619021cef80673859b1627bf0f7f7035069b5bab5e5	1
20260524T231713000000Z.json	2026-05-24T23:17:13.000000Z	97beefed787cbac86367b9d2306017b5fb3df742f0f563cb6221fa28ad626a02	1
20260525T045345000000Z.json	2026-05-25T04:53:45.000000Z	93b241b20f084fbda33dc9b77bcdd810fcf90963eab2393f12c78064428d668c	1
20260525T064743000000Z.json	2026-05-25T06:47:43.000000Z	93b241b20f084fbda33dc9b77bcdd810fcf90963eab2393f12c78064428d668c	0
20260525T132457000000Z.json	2026-05-25T13:24:57.000000Z	c31c0a31da66a558380dd1df588679ccc3021782a3b92ce812993cdb8c05803e	1
20260525T161042000000Z.json	2026-05-25T16:10:42.000000Z	c31c0a31da66a558380dd1df588679ccc3021782a3b92ce812993cdb8c05803e	0
20260525T183551000000Z.json	2026-05-25T18:35:51.000000Z	317956283f672563af6f7c0d08ad963b8b23ea9d2d4984eb0e907bba2c71beb2	1
20260525T201553000000Z.json	2026-05-25T20:15:53.000000Z	0247f619fe059b91d17dc01cfacf9a16d74a51a9b35bd9de14f345a742586b6d	1
20260525T210716000000Z.json	2026-05-25T21:07:16.000000Z	0247f619fe059b91d17dc01cfacf9a16d74a51a9b35bd9de14f345a742586b6d	0
20260525T223651000000Z.json	2026-05-25T22:36:51.000000Z	0247f619fe059b91d17dc01cfacf9a16d74a51a9b35bd9de14f345a742586b6d	0
20260526T042552000000Z.json	2026-05-26T04:25:52.000000Z	9a672f92a59132bc9df313246b96a482f729079abced1b2ca3c82430208ae9cf	1
20260526T075208000000Z.json	2026-05-26T07:52:08.000000Z	9a672f92a59132bc9df313246b96a482f729079abced1b2ca3c82430208ae9cf	0
20260526T161040000000Z.json	2026-05-26T16:10:40.000000Z	238f84887cd1bca0097226e0646628524f906e50f072b33b61224acfc1687e91	1
20260526T183613000000Z.json	2026-05-26T18:36:13.000000Z	70fcd88961dfe8c93e065b837e377f1d719ea937f4a3f377fe73386472df72f9	1
20260526T205635000000Z.json	2026-05-26T20:56:35.000000Z	5cd5b1a824f2dc6e3b84b766803c16543a0b09817ffbb4eb893edcb78bbb7839	1
20260526T221513000000Z.json	2026-05-26T22:15:13.000000Z	5cd5b1a824f2dc6e3b84b766803c16543a0b09817ffbb4eb893edcb78bbb7839	0
20260527T011556000000Z.json	2026-05-27T01:15:56.000000Z	e5ac13a1ce6901eefc326c1097cadeb4af1ee2caa7dd8295555e4299629f8e9c	1
20260527T053937000000Z.json	2026-05-27T05:39:37.000000Z	2fcf437a37b5e9c7163e48acc8a96e19f4f75415e8bd4df373b7fb1fd96d659a	1
20260527T093919000000Z.json	2026-05-27T09:39:19.000000Z	c99caea55662b28c9f586318974e3dd9188bfbc3ee7871d9487177de203c3556	1
20260527T175012000000Z.json	2026-05-27T17:50:12.000000Z	d79ffd2aed4647020726dc2fce6152eededb9cd20140a0e016f4c69ab305458b	1
20260527T202504000000Z.json	2026-05-27T20:25:04.000000Z	8f847bad43341cde526608fbe46a2ec33ab2fcfe708cba50155969d8bb100d93	1
20260527T220806000000Z.json	2026-05-27T22:08:06.000000Z	8f847bad43341cde526608fbe46a2ec33ab2fcfe708cba50155969d8bb100d93	0
20260528T033226000000Z.json	2026-05-28T03:32:26.000000Z	14541841df48a7764b2556a97368bc7778bf0f9b5691b68e86980dd2d4f74351	1
20260528T114323000000Z.json	2026-05-28T11:43:23.000000Z	d5cf168cf35dc9f4d0d4adb153a9cf10c9c42c08890b91aaf06bd67cdc4bb9c7	1
20260528T165407000000Z.json	2026-05-28T16:54:07.000000Z	3d6d6d07bb82083d4fc0172bab14eed711553ff00d6943423e527f357670ce44	1
20260528T190226000000Z.json	2026-05-28T19:02:26.000000Z	0429a06a50000f7232c6febe98d6752086f0c80928449292acd168ddb968c149	1
20260528T220656000000Z.json	2026-05-28T22:06:56.000000Z	0429a06a50000f7232c6febe98d6752086f0c80928449292acd168ddb968c149	0
20260528T231015000000Z.json	2026-05-28T23:10:15.000000Z	7af2017da18e1140468271bdd8e7d8fc82d68786c989dd64dd40c1b0fb7db0e1	1
20260529T042518000000Z.json	2026-05-29T04:25:18.000000Z	3e230f1a7cb1155779d9d6dd0e9f6b6d3cf37e92f80e585b852dcf581fc71146	1
20260529T082836000000Z.json	2026-05-29T08:28:36.000000Z	3e230f1a7cb1155779d9d6dd0e9f6b6d3cf37e92f80e585b852dcf581fc71146	0
20260529T113835000000Z.json	2026-05-29T11:38:35.000000Z	7dc631a36204f141492223a1e67c9398e37c9df551ec449a83cb8dca6d34ebb0	1
20260529T164642000000Z.json	2026-05-29T16:46:42.000000Z	4df0a7014c2868985f9b0e4006ecc5df823c23462230747d4cab4cc6f0105e27	1
20260529T205520000000Z.json	2026-05-29T20:55:20.000000Z	b357333474c9e9886fce2281eca45131ebd6c799bddde91e21c87c29342fe790	1
20260529T221611000000Z.json	2026-05-29T22:16:11.000000Z	be23ed4ba19400d39de7731446b2c6a2e280f2af0794cb4244e23dde0997abdd	1
20260530T010937000000Z.json	2026-05-30T01:09:37.000000Z	be23ed4ba19400d39de7731446b2c6a2e280f2af0794cb4244e23dde0997abdd	0
20260530T045532000000Z.json	2026-05-30T04:55:32.000000Z	e26535661c9e26809b91b36beccd7ef86b89327ddc9279779757ab5fbc2a2483	1
20260530T073516000000Z.json	2026-05-30T07:35:16.000000Z	e26535661c9e26809b91b36beccd7ef86b89327ddc9279779757ab5fbc2a2483	0
20260530T101531000000Z.json	2026-05-30T10:15:31.000000Z	53c564dad4289dfb5a5513340c07d4b9acd32a4a2412e650631f7ec9963bcc8b	1
20260530T113513000000Z.json	2026-05-30T11:35:13.000000Z	ace65c60bafe77c13f256a3d984f25ae1181a8660df02b9ba3da1c35843c55be	1
20260530T125241000000Z.json	2026-05-30T12:52:41.000000Z	ace65c60bafe77c13f256a3d984f25ae1181a8660df02b9ba3da1c35843c55be	0
20260530T153454000000Z.json	2026-05-30T15:34:54.000000Z	b9d4fbebf0d44abf65eb0e00d171d878ee158cc486e9d8ba7c1b1a7605e62dbb	1
20260530T171256000000Z.json	2026-05-30T17:12:56.000000Z	b9d4fbebf0d44abf65eb0e00d171d878ee158cc486e9d8ba7c1b1a7605e62dbb	0
20260530T183520000000Z.json	2026-05-30T18:35:20.000000Z	27181e16b9bf377316df4a83593bd0610ea25276d526db815e8c857b9c1a8a37	1
20260530T211530000000Z.json	2026-05-30T21:15:30.000000Z	d2e5460480775fef9e4ba2142d11da3aae28c3199ed6acf224dcca3ba417e80c	1
20260530T220419000000Z.json	2026-05-30T22:04:19.000000Z	2453bbce981af73cc88d80494c570d114d399af508a8c9232e3a0dfe9e37d916	1
20260530T231739000000Z.json	2026-05-30T23:17:39.000000Z	2453bbce981af73cc88d80494c570d114d399af508a8c9232e3a0dfe9e37d916	0
20260531T044253000000Z.json	2026-05-31T04:42:53.000000Z	c5ad1d990e834843c6ca8a1ff55d8edbb8495480b43e102defb458fbc9d5e0d8	1
20260531T074543000000Z.json	2026-05-31T07:45:43.000000Z	c5ad1d990e834843c6ca8a1ff55d8edbb8495480b43e102defb458fbc9d5e0d8	0
20260531T091502000000Z.json	2026-05-31T09:15:02.000000Z	91a31e59adac16774fabdb06e70d6d57642b363d714bc1393379f82edc985896	1
20260531T114412000000Z.json	2026-05-31T11:44:12.000000Z	451c2905beb97021df7ba9390b89745383c8084481e4f2b4a5b385ef191cf446	1
20260531T131237000000Z.json	2026-05-31T13:12:37.000000Z	451c2905beb97021df7ba9390b89745383c8084481e4f2b4a5b385ef191cf446	0
20260531T144911000000Z.json	2026-05-31T14:49:11.000000Z	c4a21a8e9c251aa32bb9dc07bdf2b93169fab3fde78db7a344da018f112172a6	1
20260531T172523000000Z.json	2026-05-31T17:25:23.000000Z	c4a21a8e9c251aa32bb9dc07bdf2b93169fab3fde78db7a344da018f112172a6	0
20260531T193245000000Z.json	2026-05-31T19:32:45.000000Z	d5d2dd8f3a6593f523cd7d0f4fc9624d80ad0a0a02d71e5927bb2640ca9ed4af	1
20260531T203929000000Z.json	2026-05-31T20:39:29.000000Z	8f6b4dfee68c53e5ee95fec246b0b73c8e3be91f87e17f5b2762f0b82bc72764	1
20260531T215254000000Z.json	2026-05-31T21:52:54.000000Z	4ac2aec7a763c99973341c91b820e0ad9b833ccf0d75278272fadfa9f6208c73	1
20260531T224731000000Z.json	2026-05-31T22:47:31.000000Z	4ac2aec7a763c99973341c91b820e0ad9b833ccf0d75278272fadfa9f6208c73	0
20260601T042802000000Z.json	2026-06-01T04:28:02.000000Z	57f5c5546bf9898d12c8e2d482be807a00f1749abdb10f0d2a101672298ea738	1
20260601T102142000000Z.json	2026-06-01T10:21:42.000000Z	e45ce2d0cb82455aca8426a0ee6328fb8e1bb3ac04f3159516bdfb31e804e8f6	1
20260601T162716000000Z.json	2026-06-01T16:27:16.000000Z	3de79e01b0f01c6575a12388fdfb5bb80830044bbed1bf582aa265630f16af1f	1
20260601T204925000000Z.json	2026-06-01T20:49:25.000000Z	ee14e73b744256d39208b96809518f4f6bd2325e45b9ba94ce3d26cd98526239	1
20260601T230214000000Z.json	2026-06-01T23:02:14.000000Z	31bb2250597d8fac9439d3d05bbd9b8f704dc966a8c83c05c0b8a1525aa626e5	1
20260602T013736000000Z.json	2026-06-02T01:37:36.000000Z	d712a2a43a566386a2967762e31df838e0365bcc07384154fe37dbfb7b1204ce	1
20260602T060539000000Z.json	2026-06-02T06:05:39.000000Z	ceed68403d0dd37aec6ee672d0a08772d4ce20453b03101e9bcc199733772962	1
20260602T112517000000Z.json	2026-06-02T11:25:17.000000Z	31d20d4b4181f6bb54535c137e36b4fdb72b8f018811cb68eb7b0a88c903df0c	1
20260602T164823000000Z.json	2026-06-02T16:48:23.000000Z	c7d9f692cc77abbe4923bd32bb4a25170b756d93c5ae978b9809acaba0e637b6	1
20260602T193604000000Z.json	2026-06-02T19:36:04.000000Z	c7d9f692cc77abbe4923bd32bb4a25170b756d93c5ae978b9809acaba0e637b6	0
20260602T222009000000Z.json	2026-06-02T22:20:09.000000Z	b43d841036ae418c17bc92c71e08df4204bc53ece10a1edfddc16c1719ce0034	1
20260602T224248000000Z.json	2026-06-02T22:42:48.000000Z	b43d841036ae418c17bc92c71e08df4204bc53ece10a1edfddc16c1719ce0034	0
20260603T050543000000Z.json	2026-06-03T05:05:43.000000Z	0ea54de875f5fd6543ccf48816ec890f00d41e6c2d27cc02d0c1997943f1cf90	1
20260603T091916000000Z.json	2026-06-03T09:19:16.000000Z	8e193eb98e003dd2aaa1151bb79d73cbbc1243c6c1682c8d37e05c4b09bbc14c	1
20260603T143527000000Z.json	2026-06-03T14:35:27.000000Z	38562046bdb62caef3bc6a1e11f417b861d06a3379709b8b547407d057d24888	1
20260603T160333000000Z.json	2026-06-03T16:03:33.000000Z	38562046bdb62caef3bc6a1e11f417b861d06a3379709b8b547407d057d24888	0
20260604T000425000000Z.json	2026-06-04T00:04:25.000000Z	3d4818162bf7da4eba54d9d0aaec75157082b79723378dfc60799122896547b9	1
20260604T044136000000Z.json	2026-06-04T04:41:36.000000Z	127c3eb71f78a37e1ea625cd6481d2f949a01aaa08a39cf59f6ab9ad68f110fa	1
20260604T081027000000Z.json	2026-06-04T08:10:27.000000Z	f4a5592f9304c5916d7f433da7eb1b27052be201ab9dda6f417e3517ef24071f	1
20260604T121524000000Z.json	2026-06-04T12:15:24.000000Z	38686140feaad8017004b6a4d6785bbe476a40967f5113f0d8f70a8b5b0e5c5a	1
20260604T145957000000Z.json	2026-06-04T14:59:57.000000Z	a28f82d261078d975ed499ac25b2b1c17b9736778f069472ed2bdd87583d6203	1
20260604T173545000000Z.json	2026-06-04T17:35:45.000000Z	b4cc6bf7c96082d47d5144ddbb69881782f5c1484602ce45b57866b2dac56aa0	1
20260604T201524000000Z.json	2026-06-04T20:15:24.000000Z	b4cc6bf7c96082d47d5144ddbb69881782f5c1484602ce45b57866b2dac56aa0	0
20260604T213521000000Z.json	2026-06-04T21:35:21.000000Z	e019ed127d52f57637078174be6180519c87a149f1d879597bd0b8b8f9a078ae	1
20260604T230834000000Z.json	2026-06-04T23:08:34.000000Z	5580b15100b1f5ce1b5ce3305839ddfb47f964ebdcac2b3d084103c2fb28e182	1
20260605T043513000000Z.json	2026-06-05T04:35:13.000000Z	feda6d947763c74c136957580677b803a2150774d5ce077b99f98ce74e6be8f5	1
20260605T083524000000Z.json	2026-06-05T08:35:24.000000Z	be8ab5943ad112366ffe32b9d97ab803557034ae9e1861ef4d888602d3360db0	1
20260605T113251000000Z.json	2026-06-05T11:32:51.000000Z	ff070cb8d6e81e16e835e619b811f14e28e4be81bdbf6052688a186d57aca412	1
20260605T151405000000Z.json	2026-06-05T15:14:05.000000Z	c156e3f984ab52f1b92b726baf6b89de27e5e23f073a77bd3f4747f07c567801	1
20260605T175522000000Z.json	2026-06-05T17:55:22.000000Z	82175349a30367d96c80986009831100bfe79fb94762286518942f3b069a58fa	1
20260605T192615000000Z.json	2026-06-05T19:26:15.000000Z	1bfd6ec4fe14ac43114caabbd45b232a63cfff85ddf94680c920ea774a36cec2	1
20260605T212946000000Z.json	2026-06-05T21:29:46.000000Z	2576f4b6b518ac1c0d93b9031e5f813db0f8810e33a9941660c5e12a3a2b527a	1
20260605T233528000000Z.json	2026-06-05T23:35:28.000000Z	2576f4b6b518ac1c0d93b9031e5f813db0f8810e33a9941660c5e12a3a2b527a	0
20260606T041349000000Z.json	2026-06-06T04:13:49.000000Z	1a4cd7ae3a03ffcdbc90445cfaaf4222330d68deead6aa799d96ea89ab1d14ec	1
20260606T074519000000Z.json	2026-06-06T07:45:19.000000Z	57e550bdc9f6b265effeed8a08cdfc8b925007fcfed72c4449c1b8a02d04c7e3	1
20260606T095318000000Z.json	2026-06-06T09:53:18.000000Z	9709ec94ac8f86250c3e904119bf1a1436b7908a8827c17f9b2e21bbc8988ccd	1
20260606T102523000000Z.json	2026-06-06T10:25:23.000000Z	9709ec94ac8f86250c3e904119bf1a1436b7908a8827c17f9b2e21bbc8988ccd	0
20260606T130939000000Z.json	2026-06-06T13:09:39.000000Z	7da9788b325df2ebef624a2f6909ba737988559e401aaa1a970a6d9e62b92e1e	1
20260606T153013000000Z.json	2026-06-06T15:30:13.000000Z	7da9788b325df2ebef624a2f6909ba737988559e401aaa1a970a6d9e62b92e1e	0
20260606T172707000000Z.json	2026-06-06T17:27:07.000000Z	3b60684c57a7550ee4269d7c278c0b71a3f8f677af20c982eb94698d90894d01	1
20260606T193713000000Z.json	2026-06-06T19:37:13.000000Z	82bc316fd9204b1669469d581f2b24ba8f0fdf43083bef9886f1b72dbabb586d	1
20260606T210851000000Z.json	2026-06-06T21:08:51.000000Z	1a11a38db29a7b22d1348b7df3609b83ad1d6be2e21196efc6e15c6697ae19cb	1
20260606T231800000000Z.json	2026-06-06T23:18:00.000000Z	1a11a38db29a7b22d1348b7df3609b83ad1d6be2e21196efc6e15c6697ae19cb	0
20260607T045512000000Z.json	2026-06-07T04:55:12.000000Z	8bd25c3c3979ac77315ef94b3f9f80e429f51d10d16e30da03afb78535f50ace	1
20260607T081313000000Z.json	2026-06-07T08:13:13.000000Z	cd866ead02b45ba0a0c870c7676e80654992ee430e516948c41987db7cbb4197	1
20260607T103547000000Z.json	2026-06-07T10:35:47.000000Z	134052377abf2b4b0ea71f108c2a35ab7ef9b94ac0942cbd83aa9ecefb0bfc05	1
20260607T123914000000Z.json	2026-06-07T12:39:14.000000Z	5e748a65915e682f1e5cd23fed55656d5ae2cab23cb9702256db46a7655ad7d6	1
20260607T145119000000Z.json	2026-06-07T14:51:19.000000Z	5e748a65915e682f1e5cd23fed55656d5ae2cab23cb9702256db46a7655ad7d6	0
20260607T161858000000Z.json	2026-06-07T16:18:58.000000Z	1e2c09c394f04235db50b20fe587371e5543eac7667301247150d9cf513572cf	1
20260607T173530000000Z.json	2026-06-07T17:35:30.000000Z	1e2c09c394f04235db50b20fe587371e5543eac7667301247150d9cf513572cf	0
20260607T202946000000Z.json	2026-06-07T20:29:46.000000Z	4199a749c3ee5ec0b8fdde281da7f6b05dd4ff595b32fa0075733b2aab79b282	1
20260607T214519000000Z.json	2026-06-07T21:45:19.000000Z	bc4a73984dc0923ed1ecfa37d19c4198c038f2befc17679636c1b7267520fdcf	1
20260608T010427000000Z.json	2026-06-08T01:04:27.000000Z	0dca471d7eb46583438aa85628ac1cc04456f8cd2caa10bea59b62d71f63ca39	1
20260608T061259000000Z.json	2026-06-08T06:12:59.000000Z	337458cb95871e0bfbabf45e9643a4a3cdd4325a3c8d77cde1f208b99d7afdec	1
20260608T100536000000Z.json	2026-06-08T10:05:36.000000Z	12e311f328c44444887ef01ca073582ca1f40ae4a81fb37b8c913d3b174bb7e1	1
20260608T162240000000Z.json	2026-06-08T16:22:40.000000Z	13d5a97d7496bc28a998e0bf14b0f2e25d93d32a4cc9087a5497d641f9d5e7e1	1
20260608T185628000000Z.json	2026-06-08T18:56:28.000000Z	b30ea65d024baa5158f3ef984f56fc106b70dee73ce8ce1b411981e5b112e032	1
20260608T215814000000Z.json	2026-06-08T21:58:14.000000Z	6b4a6af4ffaa07b038b195bf2979579354a38d75374925efe086bf3bc0499299	1
20260608T232224000000Z.json	2026-06-08T23:22:24.000000Z	6b4a6af4ffaa07b038b195bf2979579354a38d75374925efe086bf3bc0499299	0
20260609T040028000000Z.json	2026-06-09T04:00:28.000000Z	d37b9cf75cebc9075aa996a67bb10a65e127069d7248c442a368b6c6c88c62a0	1
20260609T073747000000Z.json	2026-06-09T07:37:47.000000Z	dc46ffb3e90f9a0a5c9d9325b188e7dac4f817f5692bf82e06f65bafe2dab32d	1
20260609T115632000000Z.json	2026-06-09T11:56:32.000000Z	6051a7d819a53235a3eb7a61e9f3c883b31f8959dc02368494dc194eca7c0e14	1
20260609T144627000000Z.json	2026-06-09T14:46:27.000000Z	cf99c0b8208f9088fe412a5cfcc84d8356fc1d7a5e5cbcaac2a20e38331a711f	1
20260609T181050000000Z.json	2026-06-09T18:10:50.000000Z	d2e255b20b0b1f40e11033f08d9359cc2eaf7e8d5a833a696441d0e05cb154bb	1
20260609T201727000000Z.json	2026-06-09T20:17:27.000000Z	833409cfefffbc5206e2b33f0903f272a794a8d20bb79680c00b983fc3262991	1
20260609T214506000000Z.json	2026-06-09T21:45:06.000000Z	38c90e6be678b120a7406cd83e167d505e00fe64af3bbfe36710b2394c97b320	1
20260609T232247000000Z.json	2026-06-09T23:22:47.000000Z	38c90e6be678b120a7406cd83e167d505e00fe64af3bbfe36710b2394c97b320	0
20260610T041540000000Z.json	2026-06-10T04:15:40.000000Z	b3a7ca977bb01c45983b608aebbf9fa60e574d79fe5cd56054ecb0443b0cc5ee	1
20260610T084352000000Z.json	2026-06-10T08:43:52.000000Z	255a57227c9495321a20dd5204c511301fcc60fe85670c1454fad8e8a82dbf18	1
20260610T112633000000Z.json	2026-06-10T11:26:33.000000Z	d105bde6e460657da5f4e9473dd38d9ea7199d452195676584c1e831172c4c7e	1
20260610T162736000000Z.json	2026-06-10T16:27:36.000000Z	b63b99a069f368184bea1ee6364e62f2638f453f0240f9565d64bed66fa928f4	1
20260610T191949000000Z.json	2026-06-10T19:19:49.000000Z	76dec324992629b544ec094a53190edc3fd232e3f6f9e3795dc680118dbca043	1
20260610T215905000000Z.json	2026-06-10T21:59:05.000000Z	76dec324992629b544ec094a53190edc3fd232e3f6f9e3795dc680118dbca043	0
20260610T225808000000Z.json	2026-06-10T22:58:08.000000Z	76dec324992629b544ec094a53190edc3fd232e3f6f9e3795dc680118dbca043	0
20260611T041016000000Z.json	2026-06-11T04:10:16.000000Z	4bfc6706b0c9dfd1a70ea0aecf8c22ee999c360aa2404a3576d31bf971658e7a	1
20260611T085843000000Z.json	2026-06-11T08:58:43.000000Z	1fafa2e69ef3cf71e105f38f4ef13e273c70699b08386d44cf35f187a06b80e9	1
20260611T133520000000Z.json	2026-06-11T13:35:20.000000Z	2d99540f020e0f37d0cd62fa024305a4d37e3e8d537c0735f90709da816839ac	1
20260611T171856000000Z.json	2026-06-11T17:18:56.000000Z	15f2dac3db91405b0e236c04a69c5e0ee6c21bc380a705c7295e501449e65686	1
20260611T195746000000Z.json	2026-06-11T19:57:46.000000Z	2b7c057969596a747b68c9fbb7da5a64c76ecdac1f8d562849642495ce7469d0	1
20260611T213621000000Z.json	2026-06-11T21:36:21.000000Z	2b7c057969596a747b68c9fbb7da5a64c76ecdac1f8d562849642495ce7469d0	0
20260612T014354000000Z.json	2026-06-12T01:43:54.000000Z	2b7c057969596a747b68c9fbb7da5a64c76ecdac1f8d562849642495ce7469d0	0
20260612T064008000000Z.json	2026-06-12T06:40:08.000000Z	5bd13c92116ee077e405aa599772e163b5713f1eece283e1e46ea858032650ed	1
20260612T105458000000Z.json	2026-06-12T10:54:58.000000Z	a0f6fdae181988c665237ddc1a46054332e99f3cc54c5ca7741407a2b0b8d5f8	1
20260612T134741000000Z.json	2026-06-12T13:47:41.000000Z	02d5afba4570590c38be1980c790187d765dbd9188c2179809878324d098fee6	1
20260612T164131000000Z.json	2026-06-12T16:41:31.000000Z	b832197cc38f1f877cce5eee8128ed6fa39d245375acb64d3255ad5d968fbf86	1
20260612T190939000000Z.json	2026-06-12T19:09:39.000000Z	638a79d2b95a5a8a9e9e2a34ff2a9ae1acd9ea3808ab73fde24d0fc39616c8a2	1
20260612T203147000000Z.json	2026-06-12T20:31:47.000000Z	775491cd4f32f77f97477629f5ff6b4bf9c78ba257d8c615f909a2470860315e	1
20260612T221838000000Z.json	2026-06-12T22:18:38.000000Z	775491cd4f32f77f97477629f5ff6b4bf9c78ba257d8c615f909a2470860315e	0
20260613T010630000000Z.json	2026-06-13T01:06:30.000000Z	fe972b064e410c6a81d7295a997d8feca03be1005507ef5897bc02610cfb80f6	1
20260613T052758000000Z.json	2026-06-13T05:27:58.000000Z	856af0b3cf3efcf91029d19d6f67b4c7a74edb601aa715b64e395fbcbfba15a2	1
20260613T082730000000Z.json	2026-06-13T08:27:30.000000Z	08d04fb7d02061873bc7742e49411e5056c9a48944b5c9426d1bcc60aeb656cc	1
20260613T113232000000Z.json	2026-06-13T11:32:32.000000Z	1af143244c867a1ec4bc3fdca929250d2c3a6cc16c2a43c5211d4b63a9fec1ec	1
20260613T141632000000Z.json	2026-06-13T14:16:32.000000Z	eb08fef3aa143251b67e705f40dcb5f4a6d7ccd03f38c8475f34731dac97e182	1
20260613T161329000000Z.json	2026-06-13T16:13:29.000000Z	3ccc16b6b5e61668560866373e5edd54dd9e008bb570d42d7e15bbe64e0858ef	1
20260613T183333000000Z.json	2026-06-13T18:33:33.000000Z	96567c58b7c32041ab14b7c5e870759439e54fe508abbf1b7a6d961389ee7d71	1
20260613T195716000000Z.json	2026-06-13T19:57:16.000000Z	206574d15ea861a829d73542136e62834b090ec9410f929451307b02b53e5568	1
20260613T212633000000Z.json	2026-06-13T21:26:33.000000Z	206574d15ea861a829d73542136e62834b090ec9410f929451307b02b53e5568	0
20260614T012646000000Z.json	2026-06-14T01:26:46.000000Z	72a03d7323234f5939bc52944925275fce091809a4cf1ee3a912ed904d36fb6f	1
20260614T064644000000Z.json	2026-06-14T06:46:44.000000Z	28098eb48b80b67be68d542e6c08d935e7cf7ef2d50e14cdd0ac1d3c0cccb4f1	1
20260614T094818000000Z.json	2026-06-14T09:48:18.000000Z	9679dc3158051015e360926ee47b3dbd3c3a80afba32c6efca56915c0e558b21	1
20260614T123619000000Z.json	2026-06-14T12:36:19.000000Z	838768c36c010422b252edd05eb7d97958c3542300969ad839b6996f27281f83	1
20260614T143411000000Z.json	2026-06-14T14:34:11.000000Z	838768c36c010422b252edd05eb7d97958c3542300969ad839b6996f27281f83	0
20260614T160123000000Z.json	2026-06-14T16:01:23.000000Z	8022637a79811d4806b07c4610295a64bab322f3fa990dafd168ab371b426277	1
20260614T182405000000Z.json	2026-06-14T18:24:05.000000Z	e2aa26c618734929e8c3461021ded4757007e23d9fac1f91450fae6fc9021f21	1
20260614T195641000000Z.json	2026-06-14T19:56:41.000000Z	664fb8727a52e899f452932e2f2e5963c3f3fa3c5fca3b12a846c56a15db20f7	1
20260614T220143000000Z.json	2026-06-14T22:01:43.000000Z	664fb8727a52e899f452932e2f2e5963c3f3fa3c5fca3b12a846c56a15db20f7	0
20260615T011844000000Z.json	2026-06-15T01:18:44.000000Z	adc8b00ada0deab4372c1807b524f53ca5628eab4973bba29487fd8863d15294	1
20260615T074631000000Z.json	2026-06-15T07:46:31.000000Z	e34229f2efd6bda9e7397d5edc4a05f7ac3fbb36eacd5d1b87eca8a0aeccc185	1
20260615T144758000000Z.json	2026-06-15T14:47:58.000000Z	e62f7245e4e029532db9e4130b336519278d07f19e1d0e1c58774dcb958666c7	1
20260615T185041000000Z.json	2026-06-15T18:50:41.000000Z	871f45b8689bf538293d3b9510b383cd44e4105e84a856529155cf7706b574a5	1
20260615T214355000000Z.json	2026-06-15T21:43:55.000000Z	b0d20b5e9db507ef2e00c6d31d812a44403380aa29f1e87933632436ca26de58	1
20260615T233735000000Z.json	2026-06-15T23:37:35.000000Z	b0d20b5e9db507ef2e00c6d31d812a44403380aa29f1e87933632436ca26de58	0
20260616T035718000000Z.json	2026-06-16T03:57:18.000000Z	a942dc89a6b480477a1cc7d69f4227c6d9eda64c735364d94b1659c53c488119	1
20260616T113620000000Z.json	2026-06-16T11:36:20.000000Z	fd394e8b1b63542c99742fce7041f23c271011011f305d894691392cd81e34a5	1
20260616T172047000000Z.json	2026-06-16T17:20:47.000000Z	799b540451485c52dbffbd7711c12e4117a67dffe847a52035a5c2ebe922c92e	1
20260616T213729000000Z.json	2026-06-16T21:37:29.000000Z	799b540451485c52dbffbd7711c12e4117a67dffe847a52035a5c2ebe922c92e	0
20260616T230742000000Z.json	2026-06-16T23:07:42.000000Z	799b540451485c52dbffbd7711c12e4117a67dffe847a52035a5c2ebe922c92e	0
20260617T042707000000Z.json	2026-06-17T04:27:07.000000Z	07a7047967fb4100e5c2a498d9fd563e10b540df82e2dc173be09d04951e54af	1
20260617T093739000000Z.json	2026-06-17T09:37:39.000000Z	62987654292e6739fe90fd672ef2a32245c3aedac456c46a6bb46ac21b75dd39	1
20260617T125404000000Z.json	2026-06-17T12:54:04.000000Z	8052ec0a23147b45b7593229e8594e657533b674df4afa88bcd0f31dabb11046	1
20260617T165111000000Z.json	2026-06-17T16:51:11.000000Z	bdc7f31e400ae6860298071c34c5265e911b35d03b1a31d4331b34cf31852dea	1
20260617T184353000000Z.json	2026-06-17T18:43:53.000000Z	21bf71d0e42b984f094b65cb06d219edf8f3b67dcbbe30741622d22d461478f8	1
20260617T212819000000Z.json	2026-06-17T21:28:19.000000Z	21bf71d0e42b984f094b65cb06d219edf8f3b67dcbbe30741622d22d461478f8	0
20260617T234821000000Z.json	2026-06-17T23:48:21.000000Z	fe6338944daa7db0f6d21b8406b9ff3106f0d49ed96fb9bbd3361683f0f78b60	1
20260618T043404000000Z.json	2026-06-18T04:34:04.000000Z	343dda8cad3e5f17770864e257ea884810db0ba7c2c0cfb5bb375ba6c1b850ca	1
20260618T093639000000Z.json	2026-06-18T09:36:39.000000Z	5ef9efb9a9dce8ce2e1ed7bf78900c1b91fd7892e18b58db0b79c5b62dc13ff0	1
20260618T132322000000Z.json	2026-06-18T13:23:22.000000Z	3f95fe33233f76ad97cef602735e13ee27ea3741eef6e5420a37080c9b6ceb99	1
20260618T171605000000Z.json	2026-06-18T17:16:05.000000Z	32aa5c285ab77887be24e89bccacb44694f45353957125783b113e4750ace3a2	1
20260618T180526000000Z.json	2026-06-18T18:05:26.000000Z	068a9f3df3d1e044aff326e2d66de9be9f24a60b7d8dfd739fed2372bc6d86c7	1
20260618T183429000000Z.json	2026-06-18T18:34:29.000000Z	068a9f3df3d1e044aff326e2d66de9be9f24a60b7d8dfd739fed2372bc6d86c7	0
20260619T114946000000Z.json	2026-06-19T11:49:46.000000Z	068a9f3df3d1e044aff326e2d66de9be9f24a60b7d8dfd739fed2372bc6d86c7	0
20260619T151744000000Z.json	2026-06-19T15:17:44.000000Z	08e257c3bf0aa59024b3f00c89574dc77e5240384f97357c3c634c6273f1f215	1
20260619T194944000000Z.json	2026-06-19T19:49:44.000000Z	a1263a864f8c997c63c972f61de3c9296273b1256e201d93db46716b6bcd2c52	1
20260619T202851000000Z.json	2026-06-19T20:28:51.000000Z	185f161cd0ffd821b66c59d9e59f7c0f2a8201766a5be99db3399a379ed525a4	1
20260619T230944000000Z.json	2026-06-19T23:09:44.000000Z	185f161cd0ffd821b66c59d9e59f7c0f2a8201766a5be99db3399a379ed525a4	0
20260620T042557000000Z.json	2026-06-20T04:25:57.000000Z	e01a9a73ee129534c40357bb4cdad4b3cbf3dbc6749ea25b5ca83a7a89288338	1
20260620T074750000000Z.json	2026-06-20T07:47:50.000000Z	04e276e659b93c9f10e73e45938e621ff68362b13c0121739f0c535ec4b59cf0	1
20260620T104125000000Z.json	2026-06-20T10:41:25.000000Z	04e276e659b93c9f10e73e45938e621ff68362b13c0121739f0c535ec4b59cf0	0
20260621T180901000000Z.json	2026-06-21T18:09:01.000000Z	67a8de1a494070aa36dc479db52543fa4bff19585081ed3c222ba311a03e8e08	1
20260621T184515000000Z.json	2026-06-21T18:45:15.000000Z	67a8de1a494070aa36dc479db52543fa4bff19585081ed3c222ba311a03e8e08	0
20260621T201921000000Z.json	2026-06-21T20:19:21.000000Z	3c07a1a5f025ee72e59fcfc6d482653f80740282a5d8218372ebfb89c5071881	1
20260621T221236000000Z.json	2026-06-21T22:12:36.000000Z	c17c9f60cae19c43f3e8a19927e90724583cba933310cf9c18cab837888947ea	1
20260622T014623000000Z.json	2026-06-22T01:46:23.000000Z	305823e170751e52205cd950a6dc82e2d1a23969ab9a2243bc9a0695c22fb56a	1
20260622T072810000000Z.json	2026-06-22T07:28:10.000000Z	d1c9127f44283e26acbd39c3ffc19c13d14371072f8ce9a412f5d164fd80937c	1
20260622T141750000000Z.json	2026-06-22T14:17:50.000000Z	6b6af0fa3776cb95bfe9adf6b8d481ea238d29e82b1bad5492627820fb0ef827	1
20260622T182813000000Z.json	2026-06-22T18:28:13.000000Z	6b6af0fa3776cb95bfe9adf6b8d481ea238d29e82b1bad5492627820fb0ef827	0
20260622T203404000000Z.json	2026-06-22T20:34:04.000000Z	1d1fecf5bc5658a151d7b8a3195173958413c9f6e6477d60c52538bf8e4f0d3b	1
20260622T231349000000Z.json	2026-06-22T23:13:49.000000Z	faeb04bfe3c7f2773f10adff577ce2bd320e8fb5327817f417e6fa4f3d4a23b9	1
20260623T042305000000Z.json	2026-06-23T04:23:05.000000Z	df99c7ec05e9f0c1503dfb961a60593b976b7f47b6800b82f427974792e73ffe	1
20260623T082756000000Z.json	2026-06-23T08:27:56.000000Z	3e131ebb11d64079e733a8eb1e49b6585971fb78ee20a5049bd75d88bb791fa7	1
20260623T094804000000Z.json	2026-06-23T09:48:04.000000Z	3e131ebb11d64079e733a8eb1e49b6585971fb78ee20a5049bd75d88bb791fa7	0
20260623T115157000000Z.json	2026-06-23T11:51:57.000000Z	d553ce8eb92b8e988d642c2a5a2267522965e83d4e838586053c953d5c0e2097	1
20260623T150033000000Z.json	2026-06-23T15:00:33.000000Z	90938cf94be85942f7643dee27237a43f499ddf5df1f2f6f9bc54f32402f5491	1
20260623T170442000000Z.json	2026-06-23T17:04:42.000000Z	90938cf94be85942f7643dee27237a43f499ddf5df1f2f6f9bc54f32402f5491	0
20260623T185234000000Z.json	2026-06-23T18:52:34.000000Z	af174cc8798c98761c3a2337a94784d6bb2f40e289121d5c8664e2a819136b0d	1
20260623T201723000000Z.json	2026-06-23T20:17:23.000000Z	af174cc8798c98761c3a2337a94784d6bb2f40e289121d5c8664e2a819136b0d	0
20260623T220528000000Z.json	2026-06-23T22:05:28.000000Z	af174cc8798c98761c3a2337a94784d6bb2f40e289121d5c8664e2a819136b0d	0
20260624T003631000000Z.json	2026-06-24T00:36:31.000000Z	4f0e0a6bc8e60423ab21c217c94fbc613c2cd4fc16e2c79915c928f78d909b96	1
20260624T045801000000Z.json	2026-06-24T04:58:01.000000Z	09f13092a499cf346eb40eb057450fdaa9c6603816d1be4a8a8eaf52e3ef6f2b	1
20260624T091728000000Z.json	2026-06-24T09:17:28.000000Z	7ced35078c546658b31d5e1659c2be1f7f77018852dcc4147ba40a54a121440a	1
20260624T120808000000Z.json	2026-06-24T12:08:08.000000Z	7ced35078c546658b31d5e1659c2be1f7f77018852dcc4147ba40a54a121440a	0
20260624T151002000000Z.json	2026-06-24T15:10:02.000000Z	618026ecff482b67406a23eca032c2cada5df5c25a5ac057b6514e5aaa9d3c0d	1
20260624T163639000000Z.json	2026-06-24T16:36:39.000000Z	f961f04751aac13b09037fc1c57409698f308a3e22a910529e6d38b216739278	1
20260624T185709000000Z.json	2026-06-24T18:57:09.000000Z	7b268eb851dd7c8a3db3a4ff24a7e4c4f8865f1fc3f9886d7c2a35122f9eed00	1
20260624T195837000000Z.json	2026-06-24T19:58:37.000000Z	7b268eb851dd7c8a3db3a4ff24a7e4c4f8865f1fc3f9886d7c2a35122f9eed00	0
20260624T220459000000Z.json	2026-06-24T22:04:59.000000Z	7b268eb851dd7c8a3db3a4ff24a7e4c4f8865f1fc3f9886d7c2a35122f9eed00	0
20260625T002748000000Z.json	2026-06-25T00:27:48.000000Z	ce2acf1473e1237ff9fa6ca83c1d296560545d10cc019d1b025e68bf155fc285	1
20260625T040824000000Z.json	2026-06-25T04:08:24.000000Z	4a2590aa913e88336ed27215e436e397052e8a66f8a4346e41f25db5fa701d07	1
20260625T074634000000Z.json	2026-06-25T07:46:34.000000Z	4a2590aa913e88336ed27215e436e397052e8a66f8a4346e41f25db5fa701d07	0
20260625T074719000000Z.json	2026-06-25T07:47:19.000000Z	4a2590aa913e88336ed27215e436e397052e8a66f8a4346e41f25db5fa701d07	0
20260625T173646000000Z.json	2026-06-25T17:36:46.000000Z	e01a623a2f0af8c5cf4b29298e20860c54982469274d9bbdf98479b1d8495d3f	1
20260625T195220000000Z.json	2026-06-25T19:52:20.000000Z	74228662d1ccf0739c42b51d33b4b422a322a489197c494140d6dddddd9c8ad2	1
20260625T210649000000Z.json	2026-06-25T21:06:49.000000Z	74228662d1ccf0739c42b51d33b4b422a322a489197c494140d6dddddd9c8ad2	0
20260625T233036000000Z.json	2026-06-25T23:30:36.000000Z	74228662d1ccf0739c42b51d33b4b422a322a489197c494140d6dddddd9c8ad2	0
20260626T041020000000Z.json	2026-06-26T04:10:20.000000Z	4539d8be00ffb76e20c83d6e62f7e6467c771804fb119309170c401a50f09be2	1
20260626T070408000000Z.json	2026-06-26T07:04:08.000000Z	d2e16df4d58698eb37c1dfbed99bd69385995df936fb1123331bde2d9757e689	1
20260626T113342000000Z.json	2026-06-26T11:33:42.000000Z	6bb66c47769b1e905ad74ade9d58eea17dedd0faf202830bb9c77875ad503234	1
20260626T145036000000Z.json	2026-06-26T14:50:36.000000Z	dad0c99bda4f3cd6a2e80becbabee885f1b8d8aea99517b31d88a66725e5135b	1
20260626T161025000000Z.json	2026-06-26T16:10:25.000000Z	dad0c99bda4f3cd6a2e80becbabee885f1b8d8aea99517b31d88a66725e5135b	0
20260626T203158000000Z.json	2026-06-26T20:31:58.000000Z	b1bb65b2719b00d66836af26cdd7eb1af981cdb67499c79c62ea65b74dc05652	1
20260626T215246000000Z.json	2026-06-26T21:52:46.000000Z	04d672f6db04ff5628990d807f338787f891f599d9d34a1c3cc9e0706b28056e	1
20260627T005544000000Z.json	2026-06-27T00:55:44.000000Z	ff0f089c506d5501a035fafd422fa3e90c90fb7aa0976da48e473043e0efa296	1
20260627T015612000000Z.json	2026-06-27T01:56:12.000000Z	ff0f089c506d5501a035fafd422fa3e90c90fb7aa0976da48e473043e0efa296	0
20260629T154314000000Z.json	2026-06-29T15:43:14.000000Z	d125cb84fdbe562c373b2e21f5f955d4b6266e1c74aed9e26bcf9cd6c7e8445d	1
20260629T161705000000Z.json	2026-06-29T16:17:05.000000Z	a9bab497b3b49d638fb3af71eb0083d70e391c396f8fd46c249ba891bc183978	1
20260629T225448000000Z.json	2026-06-29T22:54:48.000000Z	a9bab497b3b49d638fb3af71eb0083d70e391c396f8fd46c249ba891bc183978	0
20260630T061243000000Z.json	2026-06-30T06:12:43.000000Z	a9bab497b3b49d638fb3af71eb0083d70e391c396f8fd46c249ba891bc183978	0
20260630T150705000000Z.json	2026-06-30T15:07:05.000000Z	e908856e2d4188ce699a8ba0803aa033f3d4a38c7f158e69c4adce18a33402a3	1
20260630T162038000000Z.json	2026-06-30T16:20:38.000000Z	d26e9aa08dd1c160fb7b2a6aa13cbb0aacdfd4a2385c96458185dea1b8404cb2	1
20260630T163911000000Z.json	2026-06-30T16:39:11.000000Z	d26e9aa08dd1c160fb7b2a6aa13cbb0aacdfd4a2385c96458185dea1b8404cb2	0
20260630T200531000000Z.json	2026-06-30T20:05:31.000000Z	d26e9aa08dd1c160fb7b2a6aa13cbb0aacdfd4a2385c96458185dea1b8404cb2	0
20260630T214008000000Z.json	2026-06-30T21:40:08.000000Z	d26e9aa08dd1c160fb7b2a6aa13cbb0aacdfd4a2385c96458185dea1b8404cb2	0
20260630T214008000000Z.json	2026-06-30T21:40:08.000000Z	d26e9aa08dd1c160fb7b2a6aa13cbb0aacdfd4a2385c96458185dea1b8404cb2	0
20260630T215320000000Z.json	2026-06-30T21:53:20.000000Z	afe3f8909b984f3af85fa72d3210f7ac47f78a2e352aa9d70e570a2043e3b666	1
20260701T120353000000Z.json	2026-07-01T12:03:53.000000Z	f81e202bb082db4e7e02cad4b798b4ee4b4ebbcc562e1db501f921c957318f46	1
20260701T191401000000Z.json	2026-07-01T19:14:01.000000Z	6b9928f5dd473ce67bf0c3e1de27efe96e3feb7f8e013b0f6ce90d84bdd5e5ad	1
20260701T195122000000Z.json	2026-07-01T19:51:22.000000Z	6b9928f5dd473ce67bf0c3e1de27efe96e3feb7f8e013b0f6ce90d84bdd5e5ad	0
20260701T200427000000Z.json	2026-07-01T20:04:27.000000Z	6b9928f5dd473ce67bf0c3e1de27efe96e3feb7f8e013b0f6ce90d84bdd5e5ad	0
20260702T082755000000Z.json	2026-07-02T08:27:55.000000Z	6b9928f5dd473ce67bf0c3e1de27efe96e3feb7f8e013b0f6ce90d84bdd5e5ad	0
20260702T111739000000Z.json	2026-07-02T11:17:39.000000Z	d576278f3d382d8e321e9223689259e1a0811a9b1699b4940013b78e5136eb1f	1
20260702T141346000000Z.json	2026-07-02T14:13:46.000000Z	d576278f3d382d8e321e9223689259e1a0811a9b1699b4940013b78e5136eb1f	0
20260702T221035000000Z.json	2026-07-02T22:10:35.000000Z	91258946d924ddc71d765482346ca0c71d69fc46305e865ac86370af46fe5e85	1
20260703T010214000000Z.json	2026-07-03T01:02:14.000000Z	4ed353b29d139c1dcaf1b1a152312bbef4b8f6523c762fd24adc20a62db7269e	1
20260703T030641000000Z.json	2026-07-03T03:06:41.000000Z	690dfeb811ba122dbaeea75e0ea2b8e53900cd7e1d439a44b2aac522d755d74c	1
20260703T075123000000Z.json	2026-07-03T07:51:23.000000Z	c0e8b3951c863f0fe6edd4ea7da17648d75eb5d81f29a09ab8579031d4d1f97c	1
20260703T102503000000Z.json	2026-07-03T10:25:03.000000Z	c0e8b3951c863f0fe6edd4ea7da17648d75eb5d81f29a09ab8579031d4d1f97c	0
20260703T114856000000Z.json	2026-07-03T11:48:56.000000Z	c0e8b3951c863f0fe6edd4ea7da17648d75eb5d81f29a09ab8579031d4d1f97c	0
20260703T152257000000Z.json	2026-07-03T15:22:57.000000Z	c0e8b3951c863f0fe6edd4ea7da17648d75eb5d81f29a09ab8579031d4d1f97c	0
20260703T180530000000Z.json	2026-07-03T18:05:30.000000Z	2575c5299008673e5872906602eae3231ef025802139ae06625fe9920dae9b1a	1
20260703T192020000000Z.json	2026-07-03T19:20:20.000000Z	2575c5299008673e5872906602eae3231ef025802139ae06625fe9920dae9b1a	0
20260703T205314000000Z.json	2026-07-03T20:53:14.000000Z	2575c5299008673e5872906602eae3231ef025802139ae06625fe9920dae9b1a	0
20260703T222758000000Z.json	2026-07-03T22:27:58.000000Z	2575c5299008673e5872906602eae3231ef025802139ae06625fe9920dae9b1a	0
20260704T033059000000Z.json	2026-07-04T03:30:59.000000Z	5c1406b9134caf82dbc060dccb18adcafe9716c1ad8bdc127439bc5c581e42b0	1
20260704T063233000000Z.json	2026-07-04T06:32:33.000000Z	5c1406b9134caf82dbc060dccb18adcafe9716c1ad8bdc127439bc5c581e42b0	0
20260704T090812000000Z.json	2026-07-04T09:08:12.000000Z	e2f6031e1a6f1c96d0a2df7706fc14d9eee6d90cb0d846f29c11a7e2f110aedb	1
20260704T112559000000Z.json	2026-07-04T11:25:59.000000Z	e2f6031e1a6f1c96d0a2df7706fc14d9eee6d90cb0d846f29c11a7e2f110aedb	0
20260704T124730000000Z.json	2026-07-04T12:47:30.000000Z	e2f6031e1a6f1c96d0a2df7706fc14d9eee6d90cb0d846f29c11a7e2f110aedb	0
20260704T143623000000Z.json	2026-07-04T14:36:23.000000Z	e2f6031e1a6f1c96d0a2df7706fc14d9eee6d90cb0d846f29c11a7e2f110aedb	0
20260704T172232000000Z.json	2026-07-04T17:22:32.000000Z	ef51008e99b066202457c225566f3bc89695708cfc76f492eccedcdbccf0da49	1
20260704T172846000000Z.json	2026-07-04T17:28:46.000000Z	ef51008e99b066202457c225566f3bc89695708cfc76f492eccedcdbccf0da49	0
20260704T193130000000Z.json	2026-07-04T19:31:30.000000Z	ef51008e99b066202457c225566f3bc89695708cfc76f492eccedcdbccf0da49	0
20260704T203518000000Z.json	2026-07-04T20:35:18.000000Z	ef51008e99b066202457c225566f3bc89695708cfc76f492eccedcdbccf0da49	0
20260704T215731000000Z.json	2026-07-04T21:57:31.000000Z	ef51008e99b066202457c225566f3bc89695708cfc76f492eccedcdbccf0da49	0
20260704T231718000000Z.json	2026-07-04T23:17:18.000000Z	52e9de52f8f6283eb003506ba950bf2593e4d88d71464c82e0220b223fdcb5f5	1
20260705T004724000000Z.json	2026-07-05T00:47:24.000000Z	52e9de52f8f6283eb003506ba950bf2593e4d88d71464c82e0220b223fdcb5f5	0
20260705T051016000000Z.json	2026-07-05T05:10:16.000000Z	8cec42014f38c57870d79caf3c09d3de6a5435b19b3d6dbdf025a2eaa145779e	1
20260705T082458000000Z.json	2026-07-05T08:24:58.000000Z	8cec42014f38c57870d79caf3c09d3de6a5435b19b3d6dbdf025a2eaa145779e	0
20260705T102030000000Z.json	2026-07-05T10:20:30.000000Z	8cec42014f38c57870d79caf3c09d3de6a5435b19b3d6dbdf025a2eaa145779e	0
20260705T115636000000Z.json	2026-07-05T11:56:36.000000Z	8cec42014f38c57870d79caf3c09d3de6a5435b19b3d6dbdf025a2eaa145779e	0
20260705T140059000000Z.json	2026-07-05T14:00:59.000000Z	a2d12340fa125bcfdb68b73e2b4238c47aa1989f7788cc8fb07cc856e8a5f33d	1
20260705T161012000000Z.json	2026-07-05T16:10:12.000000Z	a2d12340fa125bcfdb68b73e2b4238c47aa1989f7788cc8fb07cc856e8a5f33d	0
20260705T164916000000Z.json	2026-07-05T16:49:16.000000Z	a2d12340fa125bcfdb68b73e2b4238c47aa1989f7788cc8fb07cc856e8a5f33d	0
20260705T185951000000Z.json	2026-07-05T18:59:51.000000Z	2cc5a16e84cfdd9dd7c050ebdcedafdc3b261fe36136a6e4ec952fb63925b48d	1
20260707T025734000000Z.json	2026-07-07T02:57:34.000000Z	69f69fcb9cccbdff573fb97fa64394565b2d476f5f55fb2371ee7f6d8177254d	1
20260707T094329000000Z.json	2026-07-07T09:43:29.000000Z	946101299dffe6d762cb12b7031aed6186144734f66af69e4e965e418d5da193	1
20260707T123625000000Z.json	2026-07-07T12:36:25.000000Z	28886da691e45c546a56e61852d604c64c4efce2d29ef1b47d28bede3742fc15	1
20260707T151958000000Z.json	2026-07-07T15:19:58.000000Z	28886da691e45c546a56e61852d604c64c4efce2d29ef1b47d28bede3742fc15	0
20260707T170455000000Z.json	2026-07-07T17:04:55.000000Z	28886da691e45c546a56e61852d604c64c4efce2d29ef1b47d28bede3742fc15	0
20260708T004450000000Z.json	2026-07-08T00:44:50.000000Z	28886da691e45c546a56e61852d604c64c4efce2d29ef1b47d28bede3742fc15	0
20260708T034444000000Z.json	2026-07-08T03:44:44.000000Z	4a66b0ac4dda892ac696744d1759284ab814f54093e1d9862e83760096ddeed2	1
20260708T070800000000Z.json	2026-07-08T07:08:00.000000Z	44e49b5cc5b199a107abc723a7d92023740f680f636d60f26d6f5e08853bb50c	1
20260708T100734000000Z.json	2026-07-08T10:07:34.000000Z	61e86d1584ef3161147b1da8ed6a4a58a483488b4a7afbb22e435018c63ee5a8	1
20260708T104633000000Z.json	2026-07-08T10:46:33.000000Z	61e86d1584ef3161147b1da8ed6a4a58a483488b4a7afbb22e435018c63ee5a8	0
20260708T143430000000Z.json	2026-07-08T14:34:30.000000Z	0ab44431cf53bd98907044a2615a990274873990623f1073bc6643c59284ed2b	1
20260708T163759000000Z.json	2026-07-08T16:37:59.000000Z	ee112d11d84175e1843267410770c3b55d84e5266697d1547501eca1e9ff2387	1
20260708T181925000000Z.json	2026-07-08T18:19:25.000000Z	ee112d11d84175e1843267410770c3b55d84e5266697d1547501eca1e9ff2387	0
20260708T201625000000Z.json	2026-07-08T20:16:25.000000Z	bf08b315646538e86749ce10a9dcb0f52d239243867e276cf0701d448842c7e1	1
20260708T214906000000Z.json	2026-07-08T21:49:06.000000Z	bf08b315646538e86749ce10a9dcb0f52d239243867e276cf0701d448842c7e1	0
20260708T224610000000Z.json	2026-07-08T22:46:10.000000Z	bf08b315646538e86749ce10a9dcb0f52d239243867e276cf0701d448842c7e1	0
20260709T025956000000Z.json	2026-07-09T02:59:56.000000Z	e71c1effe6f746b9d1c18374ca655ef9b45c83e32b73bed01f43d6f2a25d0add	1
20260709T071319000000Z.json	2026-07-09T07:13:19.000000Z	026a43ced3c9d6360e940228f7445d0d1dbe66539a44d7fed8d8a72b16af9a84	1
20260709T133638000000Z.json	2026-07-09T13:36:38.000000Z	55759d08c850d243993095f07643e605962f190495db1494904da8b618fedd90	1
20260709T163602000000Z.json	2026-07-09T16:36:02.000000Z	6e459d8775864d351fedb15cc4b9bd6a9fe926f99013cf6bd8e405ae14f2a547	1
20260709T185253000000Z.json	2026-07-09T18:52:53.000000Z	39553a0d7dc5a2450049a316c6c8e379c65e2b5c74c39f5163c7290094dd301a	1
20260709T193727000000Z.json	2026-07-09T19:37:27.000000Z	39553a0d7dc5a2450049a316c6c8e379c65e2b5c74c39f5163c7290094dd301a	0
20260709T211540000000Z.json	2026-07-09T21:15:40.000000Z	39553a0d7dc5a2450049a316c6c8e379c65e2b5c74c39f5163c7290094dd301a	0
20260710T001628000000Z.json	2026-07-10T00:16:28.000000Z	7549feb36c568026aa22746297ace4ba01d480f8a0fa99b4d3a938116e40b28d	1
20260710T051721000000Z.json	2026-07-10T05:17:21.000000Z	92a38352f9ad4a0aa1e99c64807b014758116ecdb6237bd9f2bdf97edc190869	1
20260710T093926000000Z.json	2026-07-10T09:39:26.000000Z	2b635a5fe5e3674f09befb9feb65917aa9826b07fdef4d6a59f4f9a5dec34aa7	1
20260710T123614000000Z.json	2026-07-10T12:36:14.000000Z	6d4f9a93da812c17f246a552ab7b0f98475f8a395f287826e189e62591362f05	1
20260710T153330000000Z.json	2026-07-10T15:33:30.000000Z	6d4f9a93da812c17f246a552ab7b0f98475f8a395f287826e189e62591362f05	0
20260710T174344000000Z.json	2026-07-10T17:43:44.000000Z	c6b3b4fc669dc46ec870246596aef8241be5b672490ea71aec11ae74d6886ebc	1
20260710T191017000000Z.json	2026-07-10T19:10:17.000000Z	c6b3b4fc669dc46ec870246596aef8241be5b672490ea71aec11ae74d6886ebc	0
20260710T204627000000Z.json	2026-07-10T20:46:27.000000Z	e79f9b238856e8d43ad02bd16c7876092cae17b3c3dbdc502e4660f028862c46	1
20260710T222003000000Z.json	2026-07-10T22:20:03.000000Z	e79f9b238856e8d43ad02bd16c7876092cae17b3c3dbdc502e4660f028862c46	0
20260710T234825000000Z.json	2026-07-10T23:48:25.000000Z	421e27b4f651c037be42973099aa02b859d6e27a4830ee369ccc5cf3affb93e2	1
20260711T031557000000Z.json	2026-07-11T03:15:57.000000Z	049f0d765e76f01cdbc08285ff468b8b28c252fbeb11226fac5ef7c6c7397dca	1
20260711T065600000000Z.json	2026-07-11T06:56:00.000000Z	83eb48cfe387b79a8592c95ee99d184fcfabdcea649225868b05b66cab35efdd	1
20260711T085651000000Z.json	2026-07-11T08:56:51.000000Z	c68170ae2049f6f8a0326b20f9d306e704868a659e9e5835007d568f7c0163e5	1
20260711T101723000000Z.json	2026-07-11T10:17:23.000000Z	56fc265e1e2c9ddd72a18541194bc0d9c36130f6673445c51807ae0d8f2c2ee5	1
20260711T113618000000Z.json	2026-07-11T11:36:18.000000Z	1a151efc9a7224aad043bbd8dd2add3c17d5f81db8fe02478cc3967ada7d2c1d	1
20260711T134425000000Z.json	2026-07-11T13:44:25.000000Z	1a151efc9a7224aad043bbd8dd2add3c17d5f81db8fe02478cc3967ada7d2c1d	0
20260711T145215000000Z.json	2026-07-11T14:52:15.000000Z	1a151efc9a7224aad043bbd8dd2add3c17d5f81db8fe02478cc3967ada7d2c1d	0
20260711T155249000000Z.json	2026-07-11T15:52:49.000000Z	1a151efc9a7224aad043bbd8dd2add3c17d5f81db8fe02478cc3967ada7d2c1d	0
20260711T171608000000Z.json	2026-07-11T17:16:08.000000Z	1a151efc9a7224aad043bbd8dd2add3c17d5f81db8fe02478cc3967ada7d2c1d	0
20260711T172727000000Z.json	2026-07-11T17:27:27.000000Z	1a151efc9a7224aad043bbd8dd2add3c17d5f81db8fe02478cc3967ada7d2c1d	0
20260711T183922000000Z.json	2026-07-11T18:39:22.000000Z	f79c91621e44f75954f590fc014878abca9f52665fcbca847025f02a5cca15be	1
20260711T203913000000Z.json	2026-07-11T20:39:13.000000Z	f79c91621e44f75954f590fc014878abca9f52665fcbca847025f02a5cca15be	0
20260711T215046000000Z.json	2026-07-11T21:50:46.000000Z	f79c91621e44f75954f590fc014878abca9f52665fcbca847025f02a5cca15be	0
20260711T230700000000Z.json	2026-07-11T23:07:00.000000Z	75c2a3af69b76a7104ea3dc1858552f5f95fab8cfc33a64d1d521e68e12bd285	1
20260712T004600000000Z.json	2026-07-12T00:46:00.000000Z	75c2a3af69b76a7104ea3dc1858552f5f95fab8cfc33a64d1d521e68e12bd285	0
20260712T034146000000Z.json	2026-07-12T03:41:46.000000Z	0731198557f9a9dc1e5896cb0ccce32813e52eb262907638071183ae1df9d11a	1
20260712T065610000000Z.json	2026-07-12T06:56:10.000000Z	34af310a3987eebbb7b6d8e600590354fdc73a1aee1b581656f1ba63b3140013	1
20260712T093912000000Z.json	2026-07-12T09:39:12.000000Z	331159d740d12840f5716c243bbaa153098d745d0a0939c75f8a87cb4717f815	1
20260712T112119000000Z.json	2026-07-12T11:21:19.000000Z	fd0f95c901527ec11cdec50a117912fa86ac747b0009445dea8aae3b012032fa	1
20260712T134103000000Z.json	2026-07-12T13:41:03.000000Z	5ced264c206f82a984e03828fb47352fca16058e3139a943777294be94a3733a	1
20260712T144239000000Z.json	2026-07-12T14:42:39.000000Z	5ced264c206f82a984e03828fb47352fca16058e3139a943777294be94a3733a	0
20260712T161639000000Z.json	2026-07-12T16:16:39.000000Z	5ced264c206f82a984e03828fb47352fca16058e3139a943777294be94a3733a	0
20260712T173648000000Z.json	2026-07-12T17:36:48.000000Z	de1b2a106b7d81710dccdeb8518b5ffc517845b530b291896e6af0ac5fc5ffce	1
20260712T185607000000Z.json	2026-07-12T18:56:07.000000Z	de1b2a106b7d81710dccdeb8518b5ffc517845b530b291896e6af0ac5fc5ffce	0
20260712T203829000000Z.json	2026-07-12T20:38:29.000000Z	de1b2a106b7d81710dccdeb8518b5ffc517845b530b291896e6af0ac5fc5ffce	0
20260712T220551000000Z.json	2026-07-12T22:05:51.000000Z	de1b2a106b7d81710dccdeb8518b5ffc517845b530b291896e6af0ac5fc5ffce	0
20260712T224648000000Z.json	2026-07-12T22:46:48.000000Z	7f4121b25e205bd8a7249fb883880da115b0d8ae5d5342048b9529c05d65225b	1
20260713T002117000000Z.json	2026-07-13T00:21:17.000000Z	7f4121b25e205bd8a7249fb883880da115b0d8ae5d5342048b9529c05d65225b	0
20260713T024245000000Z.json	2026-07-13T02:42:45.000000Z	7f4121b25e205bd8a7249fb883880da115b0d8ae5d5342048b9529c05d65225b	0
20260713T073209000000Z.json	2026-07-13T07:32:09.000000Z	337a4ee47695f7dac00e15d34896928aef29136d66b8fa73f796501241a2ecac	1
20260713T111240000000Z.json	2026-07-13T11:12:40.000000Z	776fba2f92c308837d4f1a26e3de0fee5b032e86a80dac88250035d53691aeda	1
20260713T135208000000Z.json	2026-07-13T13:52:08.000000Z	e3e44789577b8591c94bd7e1a63b16ab8930b701d7fcb263c742d0710176e161	1
20260713T171937000000Z.json	2026-07-13T17:19:37.000000Z	e3e44789577b8591c94bd7e1a63b16ab8930b701d7fcb263c742d0710176e161	0
20260713T182836000000Z.json	2026-07-13T18:28:36.000000Z	e3e44789577b8591c94bd7e1a63b16ab8930b701d7fcb263c742d0710176e161	0
20260713T194624000000Z.json	2026-07-13T19:46:24.000000Z	e3e44789577b8591c94bd7e1a63b16ab8930b701d7fcb263c742d0710176e161	0
20260713T215759000000Z.json	2026-07-13T21:57:59.000000Z	af253126cb9ef3c64561683ec2034414c76386bd53968e5ea809a2162c3f33a4	1
20260713T224451000000Z.json	2026-07-13T22:44:51.000000Z	af253126cb9ef3c64561683ec2034414c76386bd53968e5ea809a2162c3f33a4	0
20260714T002454000000Z.json	2026-07-14T00:24:54.000000Z	af253126cb9ef3c64561683ec2034414c76386bd53968e5ea809a2162c3f33a4	0
20260714T024822000000Z.json	2026-07-14T02:48:22.000000Z	5b17d84cc89d67dfbefb6753babb3c69c360237cdf5c606a53e8479ae83f7ad2	1
20260714T054015000000Z.json	2026-07-14T05:40:15.000000Z	5b17d84cc89d67dfbefb6753babb3c69c360237cdf5c606a53e8479ae83f7ad2	0
20260714T082939000000Z.json	2026-07-14T08:29:39.000000Z	5796f8f7bf435ca0f80805aba561caa08a30448a18384580c7bc24466d2eb8de	1
20260714T105002000000Z.json	2026-07-14T10:50:02.000000Z	fad571cbc667399dc46202503704597f11552853b21a7bdfb59542b3d25bb15c	1
20260714T123619000000Z.json	2026-07-14T12:36:19.000000Z	adeb6f0d1d8802c757d69d70e7b85d566fca942d33a590a2328a64c0c198549e	1
20260714T130114000000Z.json	2026-07-14T13:01:14.000000Z	adeb6f0d1d8802c757d69d70e7b85d566fca942d33a590a2328a64c0c198549e	0
20260714T194636000000Z.json	2026-07-14T19:46:36.000000Z	da541777849994c6c242325e602c0e4976e70b04514aa7dc03f7bc8bf4cad72a	1
20260714T220815000000Z.json	2026-07-14T22:08:15.000000Z	76e84b0310d675efc223866879ec471ce88ed9fbbcac5bbc78de810d0b831eaf	1
20260714T223919000000Z.json	2026-07-14T22:39:19.000000Z	76e84b0310d675efc223866879ec471ce88ed9fbbcac5bbc78de810d0b831eaf	0
20260714T233914000000Z.json	2026-07-14T23:39:14.000000Z	76e84b0310d675efc223866879ec471ce88ed9fbbcac5bbc78de810d0b831eaf	0
20260715T031854000000Z.json	2026-07-15T03:18:54.000000Z	2a85cc5f76bcf81a06d6c684d7ad3114a075a17d1b4cd3fea5612255d956d943	1
20260715T054954000000Z.json	2026-07-15T05:49:54.000000Z	2a85cc5f76bcf81a06d6c684d7ad3114a075a17d1b4cd3fea5612255d956d943	0
20260715T090537000000Z.json	2026-07-15T09:05:37.000000Z	2a85cc5f76bcf81a06d6c684d7ad3114a075a17d1b4cd3fea5612255d956d943	0
20260715T104617000000Z.json	2026-07-15T10:46:17.000000Z	611f6ebe3c053aac130462af5916d06ee231fc8da63cb7fcf28c83a379bd80d6	1
20260715T112646000000Z.json	2026-07-15T11:26:46.000000Z	611f6ebe3c053aac130462af5916d06ee231fc8da63cb7fcf28c83a379bd80d6	0
20260715T125406000000Z.json	2026-07-15T12:54:06.000000Z	611f6ebe3c053aac130462af5916d06ee231fc8da63cb7fcf28c83a379bd80d6	0
20260715T201253000000Z.json	2026-07-15T20:12:53.000000Z	611f6ebe3c053aac130462af5916d06ee231fc8da63cb7fcf28c83a379bd80d6	0
20260715T203113000000Z.json	2026-07-15T20:31:13.000000Z	611f6ebe3c053aac130462af5916d06ee231fc8da63cb7fcf28c83a379bd80d6	0
20260715T213949000000Z.json	2026-07-15T21:39:49.000000Z	89111cf6187824042f563c0948d9a8e58e5a9e17fad804a78b48cc3729906fb7	1
20260715T231232000000Z.json	2026-07-15T23:12:32.000000Z	e5363147f038254622876d53ec049c32d44061e9345b8ca5b20502d7752fe173	1
20260716T001841000000Z.json	2026-07-16T00:18:41.000000Z	e5363147f038254622876d53ec049c32d44061e9345b8ca5b20502d7752fe173	0
20260716T030013000000Z.json	2026-07-16T03:00:13.000000Z	e5363147f038254622876d53ec049c32d44061e9345b8ca5b20502d7752fe173	0
20260717T183327000000Z.json	2026-07-17T18:33:27.000000Z	e3148fb3713ccb33989770d8c44b3d7a2e6583d750e20892f3110b837dabbb10	1
20260717T204707000000Z.json	2026-07-17T20:47:07.000000Z	d188752893a6dc0e17c9813e6f3e5d24d45c32e2901e64e3836df3e52bf160dd	1
20260717T213036000000Z.json	2026-07-17T21:30:36.000000Z	d188752893a6dc0e17c9813e6f3e5d24d45c32e2901e64e3836df3e52bf160dd	0
20260717T225040000000Z.json	2026-07-17T22:50:40.000000Z	d188752893a6dc0e17c9813e6f3e5d24d45c32e2901e64e3836df3e52bf160dd	0
20260718T000900000000Z.json	2026-07-18T00:09:00.000000Z	d188752893a6dc0e17c9813e6f3e5d24d45c32e2901e64e3836df3e52bf160dd	0
20260718T030602000000Z.json	2026-07-18T03:06:02.000000Z	1c15f4fa1724380aba326ca572c2e11ef98cd963d18e884149cf79d941e2e750	1
20260718T055619000000Z.json	2026-07-18T05:56:19.000000Z	ca47ffd71ad1ee85df97da00bf23165c59d72fe4d7f0e3d67f72c91bda80bc57	1
20260718T080957000000Z.json	2026-07-18T08:09:57.000000Z	8064970f9b00c58fa4ea7af37dd59ebd493422341acf1718a997826f9c070b27	1
20260718T113320000000Z.json	2026-07-18T11:33:20.000000Z	8064970f9b00c58fa4ea7af37dd59ebd493422341acf1718a997826f9c070b27	0
20260718T150922000000Z.json	2026-07-18T15:09:22.000000Z	8064970f9b00c58fa4ea7af37dd59ebd493422341acf1718a997826f9c070b27	0
20260718T190422000000Z.json	2026-07-18T19:04:22.000000Z	baa88f017a5e135d3619d86ae133cecac3ff08296e61306b2402186889d1f080	1
20260718T194331000000Z.json	2026-07-18T19:43:31.000000Z	baa88f017a5e135d3619d86ae133cecac3ff08296e61306b2402186889d1f080	0
20260718T214554000000Z.json	2026-07-18T21:45:54.000000Z	baa88f017a5e135d3619d86ae133cecac3ff08296e61306b2402186889d1f080	0
20260718T225955000000Z.json	2026-07-18T22:59:55.000000Z	5e3511c4945b80479efe8d5e9f7c330398211dbe410f6ad1f04622299947bca8	1
20260719T004545000000Z.json	2026-07-19T00:45:45.000000Z	5e3511c4945b80479efe8d5e9f7c330398211dbe410f6ad1f04622299947bca8	0
20260719T062608000000Z.json	2026-07-19T06:26:08.000000Z	1c8c6f30fa4f852eb3dc10020aaa8a0b8ab844c89dc8e8a0f270cbae1c61e917	1
20260719T092604000000Z.json	2026-07-19T09:26:04.000000Z	ec763d5829c55a40fe48be772fc61fb2a4289205d5f2a937cabbce30293ab7d0	1
20260719T105003000000Z.json	2026-07-19T10:50:03.000000Z	e73d7d46c5dcc852c39f94967492777c668bf2cb8e306f04ee49c37d9d7588a6	1
20260719T134111000000Z.json	2026-07-19T13:41:11.000000Z	5a62f0b19f6571c87ae86f82e1f9e773a84d7ad90b3f921512050d4db3f752c6	1
20260719T135946000000Z.json	2026-07-19T13:59:46.000000Z	5a62f0b19f6571c87ae86f82e1f9e773a84d7ad90b3f921512050d4db3f752c6	0
20260719T165702000000Z.json	2026-07-19T16:57:02.000000Z	5a62f0b19f6571c87ae86f82e1f9e773a84d7ad90b3f921512050d4db3f752c6	0
20260719T173410000000Z.json	2026-07-19T17:34:10.000000Z	e1778696b1f562492614556b080ba0dbe630a3e97aae1f3144d78f14d155c7ad	1
20260719T184549000000Z.json	2026-07-19T18:45:49.000000Z	e1778696b1f562492614556b080ba0dbe630a3e97aae1f3144d78f14d155c7ad	0
20260719T211225000000Z.json	2026-07-19T21:12:25.000000Z	1dfffd7f42382f54c7564398e68b10375d3aeb31ab2baf21002d067610a31a6f	1
20260719T213644000000Z.json	2026-07-19T21:36:44.000000Z	1dfffd7f42382f54c7564398e68b10375d3aeb31ab2baf21002d067610a31a6f	0
20260720T003606000000Z.json	2026-07-20T00:36:06.000000Z	ae4a836d19fad6f140ac3c1c2ebc0a213c1332d0aec7139063345c7171f4df6e	1
20260720T032617000000Z.json	2026-07-20T03:26:17.000000Z	ae4a836d19fad6f140ac3c1c2ebc0a213c1332d0aec7139063345c7171f4df6e	0
20260720T075828000000Z.json	2026-07-20T07:58:28.000000Z	6c3985a50edc1aeefdf488f2872d3a8e35f078a22ffc36a41bda177065c04c8e	1
20260720T084026000000Z.json	2026-07-20T08:40:26.000000Z	6c3985a50edc1aeefdf488f2872d3a8e35f078a22ffc36a41bda177065c04c8e	0
20260720T130757000000Z.json	2026-07-20T13:07:57.000000Z	5982f89d4c712ea5e631c118ce121b0e04213a436a209d1336d0fe0114a0ee23	1
20260720T132737000000Z.json	2026-07-20T13:27:37.000000Z	5982f89d4c712ea5e631c118ce121b0e04213a436a209d1336d0fe0114a0ee23	0
20260720T154021000000Z.json	2026-07-20T15:40:21.000000Z	1ad9f7ad324d0a56030b4f616ff99e1b3a56b2f04ecda3e74c74c3c9bb35a750	1
20260720T202603000000Z.json	2026-07-20T20:26:03.000000Z	06302a784c80fda0eae70ebe513f05b108c904857430d9ad230a935065ae9297	1
20260720T223132000000Z.json	2026-07-20T22:31:32.000000Z	06302a784c80fda0eae70ebe513f05b108c904857430d9ad230a935065ae9297	0
20260721T032954000000Z.json	2026-07-21T03:29:54.000000Z	335f423705477a9744e1697c6abb44f0a49f1d5255392be79082caeb9c368efb	1
20260721T072941000000Z.json	2026-07-21T07:29:41.000000Z	a2d802d685082d71e181e5eee17eee81679d4eee0ffdeceeadaac6ce41fa7615	1
20260721T091851000000Z.json	2026-07-21T09:18:51.000000Z	d58ff57285f483bf3081425498eaf52030d27c15c3702cfa4e9b0fabbadc578f	1
20260721T142623000000Z.json	2026-07-21T14:26:23.000000Z	4b50bbc50b429c353fe373bfcb86a51dd45d641d9a50be55b5bac9c9c3715fcd	1
20260721T160920000000Z.json	2026-07-21T16:09:20.000000Z	926c13ac44cf07f9e913c03b42c1eef7ce983b1e60447d5a51c291ab21b922bc	1
20260722T004333000000Z.json	2026-07-22T00:43:33.000000Z	1e8905dcbb3736a6622ded563de8730f8cb9e18165e2540b6ebd2417ee42809f	1
20260722T023716000000Z.json	2026-07-22T02:37:16.000000Z	1e8905dcbb3736a6622ded563de8730f8cb9e18165e2540b6ebd2417ee42809f	0
20260722T054550000000Z.json	2026-07-22T05:45:50.000000Z	1bfef06b8fec6a0a9037a584fad83841e12de72036742532e7c53207cc93edc4	1
20260722T083249000000Z.json	2026-07-22T08:32:49.000000Z	1bfef06b8fec6a0a9037a584fad83841e12de72036742532e7c53207cc93edc4	0
20260722T122855000000Z.json	2026-07-22T12:28:55.000000Z	b5bc6cfad2245b007fe4ff112ba4bc768163c5df730537bca207f3e928a788eb	1
20260722T145629000000Z.json	2026-07-22T14:56:29.000000Z	5b3def1b18ea8255613a3f52cda42c069d6a84fcb2abdc55dc8f16ea624570b2	1
20260722T182700000000Z.json	2026-07-22T18:27:00.000000Z	74274338e3b892a35868a9a93ef51ecf3b51aa7ccf7cdf82b43063a4d879a005	1
20260722T202637000000Z.json	2026-07-22T20:26:37.000000Z	32d9be9528e3da6c7dd6ab0cb68ab33c1e5338e3a9198d0772d4e8d2fafea7b0	1
20260722T224142000000Z.json	2026-07-22T22:41:42.000000Z	889f4407dce720af23787d553e344a0fae1f5e264063c94a78fbfad8cea5f3ba	1
20260723T000700000000Z.json	2026-07-23T00:07:00.000000Z	889f4407dce720af23787d553e344a0fae1f5e264063c94a78fbfad8cea5f3ba	0
20260723T083139000000Z.json	2026-07-23T08:31:39.000000Z	889f4407dce720af23787d553e344a0fae1f5e264063c94a78fbfad8cea5f3ba	0
20260723T113258000000Z.json	2026-07-23T11:32:58.000000Z	889f4407dce720af23787d553e344a0fae1f5e264063c94a78fbfad8cea5f3ba	0
20260723T154757000000Z.json	2026-07-23T15:47:57.000000Z	889f4407dce720af23787d553e344a0fae1f5e264063c94a78fbfad8cea5f3ba	0
20260723T172637000000Z.json	2026-07-23T17:26:37.000000Z	889f4407dce720af23787d553e344a0fae1f5e264063c94a78fbfad8cea5f3ba	0
20260723T195859000000Z.json	2026-07-23T19:58:59.000000Z	3683345c2866c26dde7870cf57f32cc04b31626520a301cfa791ecfe70a6af3a	1
20260723T205231000000Z.json	2026-07-23T20:52:31.000000Z	3683345c2866c26dde7870cf57f32cc04b31626520a301cfa791ecfe70a6af3a	0
20260724T003017000000Z.json	2026-07-24T00:30:17.000000Z	092df2332c43ec81d9036d033748086b9f141460f966282fcc4d2e51c284cdd8	1
20260724T030515000000Z.json	2026-07-24T03:05:15.000000Z	a589c9be38e6ebcba99691d8a20e0e07d31fd3f23f56cc7b8b60e4819034ccda	1
20260724T053910000000Z.json	2026-07-24T05:39:10.000000Z	a589c9be38e6ebcba99691d8a20e0e07d31fd3f23f56cc7b8b60e4819034ccda	0
20260724T084616000000Z.json	2026-07-24T08:46:16.000000Z	921d7d6c9f0614b7b5280dc49b5258187f3d28693aaf9c62044a332915616286	1
20260724T124953000000Z.json	2026-07-24T12:49:53.000000Z	9b20b1ee665a1db5c39925de4c932a0592a49deb4e4d375b0d293de4dcbc5fc6	1
20260724T144549000000Z.json	2026-07-24T14:45:49.000000Z	9b20b1ee665a1db5c39925de4c932a0592a49deb4e4d375b0d293de4dcbc5fc6	0
20260724T170213000000Z.json	2026-07-24T17:02:13.000000Z	9b20b1ee665a1db5c39925de4c932a0592a49deb4e4d375b0d293de4dcbc5fc6	0
20260724T192603000000Z.json	2026-07-24T19:26:03.000000Z	13dff6970e9b980f3e517ecae485a9d139adc0e72f4a77b34a467dcda078eee8	1
20260724T202121000000Z.json	2026-07-24T20:21:21.000000Z	13dff6970e9b980f3e517ecae485a9d139adc0e72f4a77b34a467dcda078eee8	0
20260724T223905000000Z.json	2026-07-24T22:39:05.000000Z	297d59715f27c279e8266a0251b456d465a7a1c583f30e51f9a314901c5d6475	1
20260725T003338000000Z.json	2026-07-25T00:33:38.000000Z	131e73276da4ac3697bdee32cdaec3d1af81bd21072d611553d27be4389690fc	1
20260725T024548000000Z.json	2026-07-25T02:45:48.000000Z	2bee908841fd501d218eccc0b251836116682fed4d1e88f4241db766db0582bf	1
20260725T061614000000Z.json	2026-07-25T06:16:14.000000Z	3922cc64a3ec6b71c870011eb8a2a45aaed071268730faa973c01a0f186026c2	1
20260725T103546000000Z.json	2026-07-25T10:35:46.000000Z	3922cc64a3ec6b71c870011eb8a2a45aaed071268730faa973c01a0f186026c2	0
20260725T120619000000Z.json	2026-07-25T12:06:19.000000Z	5f1f0879a791042df25074b00314b053f69a33ee66922a687a3abb27de263fa5	1
20260725T133606000000Z.json	2026-07-25T13:36:06.000000Z	5f1f0879a791042df25074b00314b053f69a33ee66922a687a3abb27de263fa5	0
20260725T151145000000Z.json	2026-07-25T15:11:45.000000Z	ecdfce00de147992c6ca43aab656a7524fff3aa53427e870d64af2ef0743e60b	1
20260725T170249000000Z.json	2026-07-25T17:02:49.000000Z	ecdfce00de147992c6ca43aab656a7524fff3aa53427e870d64af2ef0743e60b	0
20260725T183331000000Z.json	2026-07-25T18:33:31.000000Z	64eabb22020e194d624e5b802225c026b526f587c420445e22ca840e407891c4	1
20260725T195717000000Z.json	2026-07-25T19:57:17.000000Z	64eabb22020e194d624e5b802225c026b526f587c420445e22ca840e407891c4	0
20260725T225622000000Z.json	2026-07-25T22:56:22.000000Z	7dace041cea9c87bd0d821fc03435ee2aa7fb381773b28659cd4fccd3f59d003	1
20260726T005035000000Z.json	2026-07-26T00:50:35.000000Z	7dace041cea9c87bd0d821fc03435ee2aa7fb381773b28659cd4fccd3f59d003	0
20260726T031621000000Z.json	2026-07-26T03:16:21.000000Z	1c9c6284930eb08a4e8e894f1a653fa0dd5f213ad3cbd8814f2d6ea65fb4f474	1
20260726T071018000000Z.json	2026-07-26T07:10:18.000000Z	ad71cdfa30076a0518223171258244feb6cb666e0706fcdadc90f7977a19092d	1
20260726T092809000000Z.json	2026-07-26T09:28:09.000000Z	ad71cdfa30076a0518223171258244feb6cb666e0706fcdadc90f7977a19092d	0
20260726T112255000000Z.json	2026-07-26T11:22:55.000000Z	ad71cdfa30076a0518223171258244feb6cb666e0706fcdadc90f7977a19092d	0
20260726T135601000000Z.json	2026-07-26T13:56:01.000000Z	ad71cdfa30076a0518223171258244feb6cb666e0706fcdadc90f7977a19092d	0
20260726T142253000000Z.json	2026-07-26T14:22:53.000000Z	10aa524ceac7c7adca288c715116d751ec6e3f32e41854d557f7d1beeb31863b	1
20260726T171127000000Z.json	2026-07-26T17:11:27.000000Z	10aa524ceac7c7adca288c715116d751ec6e3f32e41854d557f7d1beeb31863b	0
20260726T174605000000Z.json	2026-07-26T17:46:05.000000Z	10aa524ceac7c7adca288c715116d751ec6e3f32e41854d557f7d1beeb31863b	0
20260726T195240000000Z.json	2026-07-26T19:52:40.000000Z	44e3d8390edc9ed7c75f16e732b59eeb16f40eab948db56148ee992b860854ec	1
20260726T205510000000Z.json	2026-07-26T20:55:10.000000Z	44e3d8390edc9ed7c75f16e732b59eeb16f40eab948db56148ee992b860854ec	0
20260726T221550000000Z.json	2026-07-26T22:15:50.000000Z	97a1d88d0970b57fea65d62eb6bb5dcd3421e7d3f62a753632428b310e34f142	1
20260726T223350000000Z.json	2026-07-26T22:33:50.000000Z	97a1d88d0970b57fea65d62eb6bb5dcd3421e7d3f62a753632428b310e34f142	0
20260727T004418000000Z.json	2026-07-27T00:44:18.000000Z	97a1d88d0970b57fea65d62eb6bb5dcd3421e7d3f62a753632428b310e34f142	0
20260727T024615000000Z.json	2026-07-27T02:46:15.000000Z	7b4cda1c4edc13a90cc7c025da1a57cdd426ad51391a131149976e3b73589b83	1
20260727T084024000000Z.json	2026-07-27T08:40:24.000000Z	faf7fed2c16095baee4d40c25830be99b0ea01ec6b73512f647577620834d462	1
20260727T113702000000Z.json	2026-07-27T11:37:02.000000Z	faf7fed2c16095baee4d40c25830be99b0ea01ec6b73512f647577620834d462	0
20260727T151653000000Z.json	2026-07-27T15:16:53.000000Z	faf7fed2c16095baee4d40c25830be99b0ea01ec6b73512f647577620834d462	0
20260727T172642000000Z.json	2026-07-27T17:26:42.000000Z	933cf97eed4c6cd7bab4f7e0011c005a7aead01af7d058f3df366bba79244043	1
20260727T194245000000Z.json	2026-07-27T19:42:45.000000Z	933cf97eed4c6cd7bab4f7e0011c005a7aead01af7d058f3df366bba79244043	0
20260727T210358000000Z.json	2026-07-27T21:03:58.000000Z	55be479b6e92d507bd5f73e17e7f34e92fac15da2e5e0818dac90ba39b36aeb6	1
20260727T224823000000Z.json	2026-07-27T22:48:23.000000Z	55be479b6e92d507bd5f73e17e7f34e92fac15da2e5e0818dac90ba39b36aeb6	0
20260728T004038000000Z.json	2026-07-28T00:40:38.000000Z	55be479b6e92d507bd5f73e17e7f34e92fac15da2e5e0818dac90ba39b36aeb6	0
20260728T031559000000Z.json	2026-07-28T03:15:59.000000Z	39d32b39dca996d6bc8d15aa4cdf1749fc467376975e1195a1a71a0a33d5bd31	1
20260728T073728000000Z.json	2026-07-28T07:37:28.000000Z	84a93a73e5d9543d314cdb19fff501999c128ef33c029ed95d29525b69fd3f6c	1
20260728T100029000000Z.json	2026-07-28T10:00:29.000000Z	414738fe4433dd50b35e612f747f7e33b021cbf5d97a8584b670eb6246727715	1
20260728T122536000000Z.json	2026-07-28T12:25:36.000000Z	414738fe4433dd50b35e612f747f7e33b021cbf5d97a8584b670eb6246727715	0
20260728T141313000000Z.json	2026-07-28T14:13:13.000000Z	d523aa0829fd3b937f1b21978fa7527ae8042c48e13ab2cc36026130b17b18e3	1
20260728T174712000000Z.json	2026-07-28T17:47:12.000000Z	d523aa0829fd3b937f1b21978fa7527ae8042c48e13ab2cc36026130b17b18e3	0
20260728T185140000000Z.json	2026-07-28T18:51:40.000000Z	d523aa0829fd3b937f1b21978fa7527ae8042c48e13ab2cc36026130b17b18e3	0
20260728T203345000000Z.json	2026-07-28T20:33:45.000000Z	d523aa0829fd3b937f1b21978fa7527ae8042c48e13ab2cc36026130b17b18e3	0
20260729T032508000000Z.json	2026-07-29T03:25:08.000000Z	20a7d88881ad4dddb6bf2287b51a0c08956f2401b9770adf446ac8998596789b	1
20260729T075702000000Z.json	2026-07-29T07:57:02.000000Z	20a7d88881ad4dddb6bf2287b51a0c08956f2401b9770adf446ac8998596789b	0
20260729T100710000000Z.json	2026-07-29T10:07:10.000000Z	5cc12b0c447ad61ab0e3cfc143507fdf5aa57e349ddcbdd9ab47f366def94f7e	1
20260729T113852000000Z.json	2026-07-29T11:38:52.000000Z	5cc12b0c447ad61ab0e3cfc143507fdf5aa57e349ddcbdd9ab47f366def94f7e	0
20260729T144454000000Z.json	2026-07-29T14:44:54.000000Z	21f9985e17e47ecc4ae46014e166aa094c1db7ddce4d1768846652937acd80f5	1
20260729T161600000000Z.json	2026-07-29T16:16:00.000000Z	21f9985e17e47ecc4ae46014e166aa094c1db7ddce4d1768846652937acd80f5	0
20260729T174657000000Z.json	2026-07-29T17:46:57.000000Z	cc228adfcbb2df311bd293eeabc21bd7dd44ca887a9e6d26f6354198ef6c724a	1
20260729T191446000000Z.json	2026-07-29T19:14:46.000000Z	cc228adfcbb2df311bd293eeabc21bd7dd44ca887a9e6d26f6354198ef6c724a	0
20260729T205418000000Z.json	2026-07-29T20:54:18.000000Z	cc228adfcbb2df311bd293eeabc21bd7dd44ca887a9e6d26f6354198ef6c724a	0
20260729T221644000000Z.json	2026-07-29T22:16:44.000000Z	cc228adfcbb2df311bd293eeabc21bd7dd44ca887a9e6d26f6354198ef6c724a	0
20260729T225936000000Z.json	2026-07-29T22:59:36.000000Z	a53d7b04fe15cd5dda92523923485aedf25cba287cf6ec6f4db9cad75fafef6d	1
20260729T235604000000Z.json	2026-07-29T23:56:04.000000Z	a53d7b04fe15cd5dda92523923485aedf25cba287cf6ec6f4db9cad75fafef6d	0
20260730T033825000000Z.json	2026-07-30T03:38:25.000000Z	244899a51f977f6e30a9858da7fbefe54957ac25f502b7f0583a8d20a1987cc0	1
20260730T073840000000Z.json	2026-07-30T07:38:40.000000Z	03abd4527486215b457348b4f30f6d0ee13341bb0c573e26b73598b185f87278	1
20260730T102403000000Z.json	2026-07-30T10:24:03.000000Z	7e374d3b36764d8683af06e9c1fe12d5deb4b2b19f7058fcfcb58a5d69f5644c	1
20260730T121022000000Z.json	2026-07-30T12:10:22.000000Z	6d6ecdc81031ea89097c39d6561d4d1359974f615efa367506425d23f2e4acc9	1
20260730T150324000000Z.json	2026-07-30T15:03:24.000000Z	6d6ecdc81031ea89097c39d6561d4d1359974f615efa367506425d23f2e4acc9	0
20260730T163251000000Z.json	2026-07-30T16:32:51.000000Z	4578067593b1f72f7b36492f62f0980a86cea4dc043e4b5fd685ab0480731d88	1
20260730T181606000000Z.json	2026-07-30T18:16:06.000000Z	4578067593b1f72f7b36492f62f0980a86cea4dc043e4b5fd685ab0480731d88	0
20260730T192340000000Z.json	2026-07-30T19:23:40.000000Z	4578067593b1f72f7b36492f62f0980a86cea4dc043e4b5fd685ab0480731d88	0
20260730T210917000000Z.json	2026-07-30T21:09:17.000000Z	7e92c42a1f8b93788493589e240ae108ffa8780cb60b2e3323216503ce1805ba	1
20260731T001407000000Z.json	2026-07-31T00:14:07.000000Z	7e92c42a1f8b93788493589e240ae108ffa8780cb60b2e3323216503ce1805ba	0
20260731T034603000000Z.json	2026-07-31T03:46:03.000000Z	7e92c42a1f8b93788493589e240ae108ffa8780cb60b2e3323216503ce1805ba	0
20260731T080210000000Z.json	2026-07-31T08:02:10.000000Z	901fbbdb34a36f40032dc80e734811c5b6af84fafac2c1d7e7b6825290f86531	1
20260731T100847000000Z.json	2026-07-31T10:08:47.000000Z	79e9bc7c7f5d6397f67708614ae215c50635d5c13effe5cfb2c7bccee5971729	1
20260731T124300000000Z.json	2026-07-31T12:43:00.000000Z	79e9bc7c7f5d6397f67708614ae215c50635d5c13effe5cfb2c7bccee5971729	0
20260731T145724000000Z.json	2026-07-31T14:57:24.000000Z	79e9bc7c7f5d6397f67708614ae215c50635d5c13effe5cfb2c7bccee5971729	0
20260731T164633000000Z.json	2026-07-31T16:46:33.000000Z	d14759e2f88e740b2d00aac139526518a737f7cd3e7c25c4039d1d2b37cf6d2e	1
20260731T191611000000Z.json	2026-07-31T19:16:11.000000Z	d14759e2f88e740b2d00aac139526518a737f7cd3e7c25c4039d1d2b37cf6d2e	0
20260731T204559000000Z.json	2026-07-31T20:45:59.000000Z	1513cd9cf759eae01dfa203f1d424ef78bb1dd1ec6eef633f2ce5a7e8fe1b533	1
20260731T231434000000Z.json	2026-07-31T23:14:34.000000Z	1513cd9cf759eae01dfa203f1d424ef78bb1dd1ec6eef633f2ce5a7e8fe1b533	0
20260801T001902000000Z.json	2026-08-01T00:19:02.000000Z	455daf82fb0eb6689a5ba104e4d8f4cd7b3b4d5a5a8dbcc2e6a139a7730fa515	1
20260801T024602000000Z.json	2026-08-01T02:46:02.000000Z	455daf82fb0eb6689a5ba104e4d8f4cd7b3b4d5a5a8dbcc2e6a139a7730fa515	0
20260801T071655000000Z.json	2026-08-01T07:16:55.000000Z	455daf82fb0eb6689a5ba104e4d8f4cd7b3b4d5a5a8dbcc2e6a139a7730fa515	0
20260801T095709000000Z.json	2026-08-01T09:57:09.000000Z	e6db68933c8ed88e81c17d7f642518bd2c6a60251d01cfa84891cfc039e564ea	1
20260801T105138000000Z.json	2026-08-01T10:51:38.000000Z	e6db68933c8ed88e81c17d7f642518bd2c6a60251d01cfa84891cfc039e564ea	0
20260801T135000000000Z.json	2026-08-01T13:50:00.000000Z	e04d8f00618e1beaf5ffeb19fb9e0e14762988c2093ee8ee4356c16aa6e5591e	1
20260801T151949000000Z.json	2026-08-01T15:19:49.000000Z	72a78a2aa09053fe22125c58defcbd1e4977df60a2ff0b448b9883e95810275f	1
20260801T160632000000Z.json	2026-08-01T16:06:32.000000Z	72a78a2aa09053fe22125c58defcbd1e4977df60a2ff0b448b9883e95810275f	0
20260801T173752000000Z.json	2026-08-01T17:37:52.000000Z	72a78a2aa09053fe22125c58defcbd1e4977df60a2ff0b448b9883e95810275f	0
20260801T190642000000Z.json	2026-08-01T19:06:42.000000Z	8455f5cd421025155453628f18840fc304f43725b1cd86e1ec25aa85e28b5e8b	1
20260801T203431000000Z.json	2026-08-01T20:34:31.000000Z	8455f5cd421025155453628f18840fc304f43725b1cd86e1ec25aa85e28b5e8b	0
20260801T221228000000Z.json	2026-08-01T22:12:28.000000Z	8455f5cd421025155453628f18840fc304f43725b1cd86e1ec25aa85e28b5e8b	0
20260802T002517000000Z.json	2026-08-02T00:25:17.000000Z	6d49298abb8bf2601e4b58490b04a94ad351714d8d2da51c142fa1e8e8148350	1
20260802T023922000000Z.json	2026-08-02T02:39:22.000000Z	6d49298abb8bf2601e4b58490b04a94ad351714d8d2da51c142fa1e8e8148350	0
20260802T071417000000Z.json	2026-08-02T07:14:17.000000Z	0193d26fb5862216d919d10785634468ed0dbe82f5d3ec5cc457664f85f8bc00	1
20260802T095830000000Z.json	2026-08-02T09:58:30.000000Z	892f0cc02122a9fb3a4add00ccbecea6c406b7a02987905f9851189789dae0e5	1
20260802T111558000000Z.json	2026-08-02T11:15:58.000000Z	f7765983c0b5db63a8753857abc6108a02a8d75c468d1f025adca0c0af66ddf7	1
20260802T134256000000Z.json	2026-08-02T13:42:56.000000Z	01de93ecca10ae92d107d358e4fd09138e72fe58cc533f62e88cb3c74d2656fc	1
20260802T140701000000Z.json	2026-08-02T14:07:01.000000Z	01de93ecca10ae92d107d358e4fd09138e72fe58cc533f62e88cb3c74d2656fc	0
20260802T170855000000Z.json	2026-08-02T17:08:55.000000Z	283aa235787a9e9584cc0ec17f9501ece2b02ed641788fa7b9a844f5a0b39992	1
20260802T173755000000Z.json	2026-08-02T17:37:55.000000Z	283aa235787a9e9584cc0ec17f9501ece2b02ed641788fa7b9a844f5a0b39992	0
20260802T183604000000Z.json	2026-08-02T18:36:04.000000Z	283aa235787a9e9584cc0ec17f9501ece2b02ed641788fa7b9a844f5a0b39992	0
20260802T201010000000Z.json	2026-08-02T20:10:10.000000Z	2ec647ab386317d9faa838f1e135685c00146a55eaec3cfac4ed340bec5a22d3	1
20260802T220618000000Z.json	2026-08-02T22:06:18.000000Z	2ec647ab386317d9faa838f1e135685c00146a55eaec3cfac4ed340bec5a22d3	0
20260802T230618000000Z.json	2026-08-02T23:06:18.000000Z	2ec647ab386317d9faa838f1e135685c00146a55eaec3cfac4ed340bec5a22d3	0
20260803T003622000000Z.json	2026-08-03T00:36:22.000000Z	b25caba92b1545cf715e8d68eeeda5d0837589d558fa6f079cd33c831d3952cb	1
20260803T033328000000Z.json	2026-08-03T03:33:28.000000Z	37fe8c7b5039fa91717b9135e30283f7901e856051b56152ed1a0f6810888444	1
20260803T074755000000Z.json	2026-08-03T07:47:55.000000Z	4738db8bea6ec7948ef9d0e4b03b5065280b7e871cec4f7240466e9baa85e1c6	1
20260803T115006000000Z.json	2026-08-03T11:50:06.000000Z	f5679c5532b4d47563bb288dbb49a2944ad639b65ecaead3db8e38145b551d8e	1
20260803T144012000000Z.json	2026-08-03T14:40:12.000000Z	f5679c5532b4d47563bb288dbb49a2944ad639b65ecaead3db8e38145b551d8e	0
20260803T170312000000Z.json	2026-08-03T17:03:12.000000Z	f5679c5532b4d47563bb288dbb49a2944ad639b65ecaead3db8e38145b551d8e	0
20260803T195603000000Z.json	2026-08-03T19:56:03.000000Z	1bbb78faf5be5cb1a0753a1e181368bb0abd62bd23d153bc69ca32c83bc0c131	1
20260803T212051000000Z.json	2026-08-03T21:20:51.000000Z	1bbb78faf5be5cb1a0753a1e181368bb0abd62bd23d153bc69ca32c83bc0c131	0
20260803T231001000000Z.json	2026-08-03T23:10:01.000000Z	1bbb78faf5be5cb1a0753a1e181368bb0abd62bd23d153bc69ca32c83bc0c131	0
20260804T005230000000Z.json	2026-08-04T00:52:30.000000Z	3aa94664196b432ce05ccbb9828a6162be8d39917bcbf901ecdd29b779ba9c6b	1
20260804T095236000000Z.json	2026-08-04T09:52:36.000000Z	e95b88726e18d9abfa5a322424cd28c616f213bbb68d3a4c9c3e1a25a3a6cb43	1
20260804T114719000000Z.json	2026-08-04T11:47:19.000000Z	e95b88726e18d9abfa5a322424cd28c616f213bbb68d3a4c9c3e1a25a3a6cb43	0
20260804T144138000000Z.json	2026-08-04T14:41:38.000000Z	562008f21c8727d7bb877e96fb1c551824980457bbe20b4c3f895c0e8e262963	1
20260804T162952000000Z.json	2026-08-04T16:29:52.000000Z	562008f21c8727d7bb877e96fb1c551824980457bbe20b4c3f895c0e8e262963	0
20260804T184427000000Z.json	2026-08-04T18:44:27.000000Z	562008f21c8727d7bb877e96fb1c551824980457bbe20b4c3f895c0e8e262963	0
20260804T195941000000Z.json	2026-08-04T19:59:41.000000Z	5c804050e7040729ca5c586e5cb032e59f9e6ef09c6dd4ad2703ad500b8ce8ed	1
20260804T222611000000Z.json	2026-08-04T22:26:11.000000Z	5c804050e7040729ca5c586e5cb032e59f9e6ef09c6dd4ad2703ad500b8ce8ed	0
20260804T235923000000Z.json	2026-08-04T23:59:23.000000Z	f72338fb8d88e4c9ee960012f72384dc3bea88a7b1907cf62376cbc48112baf0	1
20260805T031940000000Z.json	2026-08-05T03:19:40.000000Z	3b60184579be927c7f39d060cf1f7c74cd97d0a0dce1eb039fb8e17e3d137a72	1
20260805T073818000000Z.json	2026-08-05T07:38:18.000000Z	858d1e7731e70c55da8b8afa266ed4aed0663083c8e5a22bf03e3c6be36e5fb7	1
20260805T102630000000Z.json	2026-08-05T10:26:30.000000Z	c8a62e374a54dca12e106236a2d167241628f75b95bef4b8abff655f201fe878	1
20260805T123809000000Z.json	2026-08-05T12:38:09.000000Z	d9736d19fd80131a13be44fbd2fd0f54c607551a0d3cb42b331467e4e9acf1de	1
20260805T151440000000Z.json	2026-08-05T15:14:40.000000Z	d9736d19fd80131a13be44fbd2fd0f54c607551a0d3cb42b331467e4e9acf1de	0
20260805T171847000000Z.json	2026-08-05T17:18:47.000000Z	d9736d19fd80131a13be44fbd2fd0f54c607551a0d3cb42b331467e4e9acf1de	0
20260805T183551000000Z.json	2026-08-05T18:35:51.000000Z	d9736d19fd80131a13be44fbd2fd0f54c607551a0d3cb42b331467e4e9acf1de	0
20260805T212215000000Z.json	2026-08-05T21:22:15.000000Z	ff845e5d5bb7a8e930e3fd0c03e70ddce59a087f49d21aff1574c5187115b798	1
20260805T230651000000Z.json	2026-08-05T23:06:51.000000Z	ff845e5d5bb7a8e930e3fd0c03e70ddce59a087f49d21aff1574c5187115b798	0
20260805T234531000000Z.json	2026-08-05T23:45:31.000000Z	ff845e5d5bb7a8e930e3fd0c03e70ddce59a087f49d21aff1574c5187115b798	0
20260806T000534000000Z.json	2026-08-06T00:05:34.000000Z	ff845e5d5bb7a8e930e3fd0c03e70ddce59a087f49d21aff1574c5187115b798	0
20260806T002659000000Z.json	2026-08-06T00:26:59.000000Z	ff845e5d5bb7a8e930e3fd0c03e70ddce59a087f49d21aff1574c5187115b798	0
20260806T011540000000Z.json	2026-08-06T01:15:40.000000Z	b445692cf9b7816ebdd2d46fe856781a9f2096fdf5c97550e930cd4e0adcfb45	1
20260806T021325000000Z.json	2026-08-06T02:13:25.000000Z	b445692cf9b7816ebdd2d46fe856781a9f2096fdf5c97550e930cd4e0adcfb45	0
20260806T030218000000Z.json	2026-08-06T03:02:18.000000Z	b445692cf9b7816ebdd2d46fe856781a9f2096fdf5c97550e930cd4e0adcfb45	0
20260806T033034000000Z.json	2026-08-06T03:30:34.000000Z	b445692cf9b7816ebdd2d46fe856781a9f2096fdf5c97550e930cd4e0adcfb45	0
20260806T070502000000Z.json	2026-08-06T07:05:02.000000Z	abfefa8c34b503ba7c55309012194b9590b782f8dbae390c402993f448d8cc49	1
20260806T084023000000Z.json	2026-08-06T08:40:23.000000Z	840afee91446aa74d3340f50e548672e773b4c332b1f3ffb7c9c69e4e9a32f75	1
20260806T084740000000Z.json	2026-08-06T08:47:40.000000Z	3405c6f9b6e0f420ba89046681bfa4213576fbb841c24c4fdad4b7659fd01924	1
20260806T092941000000Z.json	2026-08-06T09:29:41.000000Z	c88ce67211c43514b105085f053232f058beffd187562ebfcc63c9a2a04b73d5	1
20260806T100715000000Z.json	2026-08-06T10:07:15.000000Z	c88ce67211c43514b105085f053232f058beffd187562ebfcc63c9a2a04b73d5	0
20260806T111150000000Z.json	2026-08-06T11:11:50.000000Z	c88ce67211c43514b105085f053232f058beffd187562ebfcc63c9a2a04b73d5	0
20260806T114821000000Z.json	2026-08-06T11:48:21.000000Z	ba46ee52bf0c22b9f9d699ec04cde8e07709544c6bada5bdf23c988b7168fcf1	1
20260806T122947000000Z.json	2026-08-06T12:29:47.000000Z	ba46ee52bf0c22b9f9d699ec04cde8e07709544c6bada5bdf23c988b7168fcf1	0
20260807T032159000000Z.json	2026-08-07T03:21:59.000000Z	d79c0a6483fcc5ed0c05ff1269e69040cea65ea0fc42d428f7a75189570a2d01	1
20260810T140235000000Z.json	2026-08-10T14:02:35.000000Z	3ae02f5cafa5844a0dc56be977e353a7ba923f6392a746b9d96e7859e0e51f5f	1
20260812T055918000000Z.json	2026-08-12T05:59:18.000000Z	ca777f9711170c26269403b0192c5d5cd3f0139e470041da0317002718c783c9	1
20260812T063125000000Z.json	2026-08-12T06:31:25.000000Z	ca777f9711170c26269403b0192c5d5cd3f0139e470041da0317002718c783c9	0
20260812T081604000000Z.json	2026-08-12T08:16:04.000000Z	ca777f9711170c26269403b0192c5d5cd3f0139e470041da0317002718c783c9	0
20260812T083153000000Z.json	2026-08-12T08:31:53.000000Z	ca777f9711170c26269403b0192c5d5cd3f0139e470041da0317002718c783c9	0
20260812T094423000000Z.json	2026-08-12T09:44:23.000000Z	ca777f9711170c26269403b0192c5d5cd3f0139e470041da0317002718c783c9	0
20260812T104835000000Z.json	2026-08-12T10:48:35.000000Z	b91ec336127a357b4c849d13c10e0780a262e3d4269484a68202d371df340481	1
20260812T111630000000Z.json	2026-08-12T11:16:30.000000Z	74cbdba5493e92e2f6c29724d7f9db2bbc2dde3ddcee8e3584c1b6d8f1dbbfcb	1
20260812T122631000000Z.json	2026-08-12T12:26:31.000000Z	74cbdba5493e92e2f6c29724d7f9db2bbc2dde3ddcee8e3584c1b6d8f1dbbfcb	0
20260812T141852000000Z.json	2026-08-12T14:18:52.000000Z	74cbdba5493e92e2f6c29724d7f9db2bbc2dde3ddcee8e3584c1b6d8f1dbbfcb	0
20260812T155526000000Z.json	2026-08-12T15:55:26.000000Z	74cbdba5493e92e2f6c29724d7f9db2bbc2dde3ddcee8e3584c1b6d8f1dbbfcb	0
20260812T170935000000Z.json	2026-08-12T17:09:35.000000Z	0ec469f6c745222e7929c7e9152d16a4780d2875e6451db5b2d44384eedd1744	1
20260812T183732000000Z.json	2026-08-12T18:37:32.000000Z	55040affca77f28d5e83d36e827605116993c5ae7f5afafaad2c9af13fdfbe04	1
20260812T183935000000Z.json	2026-08-12T18:39:35.000000Z	55040affca77f28d5e83d36e827605116993c5ae7f5afafaad2c9af13fdfbe04	0
20260812T185740000000Z.json	2026-08-12T18:57:40.000000Z	55040affca77f28d5e83d36e827605116993c5ae7f5afafaad2c9af13fdfbe04	0
20260812T204040000000Z.json	2026-08-12T20:40:40.000000Z	55040affca77f28d5e83d36e827605116993c5ae7f5afafaad2c9af13fdfbe04	0
20260812T210102000000Z.json	2026-08-12T21:01:02.000000Z	55040affca77f28d5e83d36e827605116993c5ae7f5afafaad2c9af13fdfbe04	0
20260812T221321000000Z.json	2026-08-12T22:13:21.000000Z	920177d8ee059fe61319e0f6f72be1b4f13cf46acb109aa9e923e26dfc350376	1
20260812T230810000000Z.json	2026-08-12T23:08:10.000000Z	920177d8ee059fe61319e0f6f72be1b4f13cf46acb109aa9e923e26dfc350376	0
20260813T000909000000Z.json	2026-08-13T00:09:09.000000Z	920177d8ee059fe61319e0f6f72be1b4f13cf46acb109aa9e923e26dfc350376	0
20260813T013648000000Z.json	2026-08-13T01:36:48.000000Z	920177d8ee059fe61319e0f6f72be1b4f13cf46acb109aa9e923e26dfc350376	0
20260813T032643000000Z.json	2026-08-13T03:26:43.000000Z	920177d8ee059fe61319e0f6f72be1b4f13cf46acb109aa9e923e26dfc350376	0
20260813T062300000000Z.json	2026-08-13T06:23:00.000000Z	3e4d356553eb0c822eebd2e7c688e02ee497048b966c524f4da52cbc6d667f1e	1
20260813T071739000000Z.json	2026-08-13T07:17:39.000000Z	3e4d356553eb0c822eebd2e7c688e02ee497048b966c524f4da52cbc6d667f1e	0
20260813T082106000000Z.json	2026-08-13T08:21:06.000000Z	128fe76da7dd71217f32f32f0726459a3679356f0dc4785711d477475fe5dc63	1
20260813T083510000000Z.json	2026-08-13T08:35:10.000000Z	128fe76da7dd71217f32f32f0726459a3679356f0dc4785711d477475fe5dc63	0
20260813T092813000000Z.json	2026-08-13T09:28:13.000000Z	128fe76da7dd71217f32f32f0726459a3679356f0dc4785711d477475fe5dc63	0
20260813T101037000000Z.json	2026-08-13T10:10:37.000000Z	128fe76da7dd71217f32f32f0726459a3679356f0dc4785711d477475fe5dc63	0
20260813T103541000000Z.json	2026-08-13T10:35:41.000000Z	128fe76da7dd71217f32f32f0726459a3679356f0dc4785711d477475fe5dc63	0
20260813T114211000000Z.json	2026-08-13T11:42:11.000000Z	7a5cdb517e6e8d6693970dd1ff1085c46ab7868c7d47eb23092fffc711409767	1
20260813T141142000000Z.json	2026-08-13T14:11:42.000000Z	7a5cdb517e6e8d6693970dd1ff1085c46ab7868c7d47eb23092fffc711409767	0
20260813T203406000000Z.json	2026-08-13T20:34:06.000000Z	7a5cdb517e6e8d6693970dd1ff1085c46ab7868c7d47eb23092fffc711409767	0
20260813T205537000000Z.json	2026-08-13T20:55:37.000000Z	7a5cdb517e6e8d6693970dd1ff1085c46ab7868c7d47eb23092fffc711409767	0
20260813T220506000000Z.json	2026-08-13T22:05:06.000000Z	a054294c5e72f51b223f423e14e6a7d2f0762fac9130294e9548c79a2c48b00b	1
20260813T232324000000Z.json	2026-08-13T23:23:24.000000Z	a054294c5e72f51b223f423e14e6a7d2f0762fac9130294e9548c79a2c48b00b	0
20260813T234620000000Z.json	2026-08-13T23:46:20.000000Z	a054294c5e72f51b223f423e14e6a7d2f0762fac9130294e9548c79a2c48b00b	0
20260814T013807000000Z.json	2026-08-14T01:38:07.000000Z	a054294c5e72f51b223f423e14e6a7d2f0762fac9130294e9548c79a2c48b00b	0
20260814T033655000000Z.json	2026-08-14T03:36:55.000000Z	a054294c5e72f51b223f423e14e6a7d2f0762fac9130294e9548c79a2c48b00b	0
20260814T064606000000Z.json	2026-08-14T06:46:06.000000Z	a054294c5e72f51b223f423e14e6a7d2f0762fac9130294e9548c79a2c48b00b	0
20260814T064924000000Z.json	2026-08-14T06:49:24.000000Z	a054294c5e72f51b223f423e14e6a7d2f0762fac9130294e9548c79a2c48b00b	0
20260814T084517000000Z.json	2026-08-14T08:45:17.000000Z	a054294c5e72f51b223f423e14e6a7d2f0762fac9130294e9548c79a2c48b00b	0
20260814T084737000000Z.json	2026-08-14T08:47:37.000000Z	a054294c5e72f51b223f423e14e6a7d2f0762fac9130294e9548c79a2c48b00b	0
20260814T104826000000Z.json	2026-08-14T10:48:26.000000Z	34dcf5b8d5a3ecac1a9f7615bdbf65c484ce8efe1affe4f3f7ef59b86a515992	1
20260814T112250000000Z.json	2026-08-14T11:22:50.000000Z	34dcf5b8d5a3ecac1a9f7615bdbf65c484ce8efe1affe4f3f7ef59b86a515992	0
20260814T115756000000Z.json	2026-08-14T11:57:56.000000Z	f174ddf680ff76ba21de296c51f19ee74dfa821e0273305f59d58e2063c49475	1
20260814T124246000000Z.json	2026-08-14T12:42:46.000000Z	f174ddf680ff76ba21de296c51f19ee74dfa821e0273305f59d58e2063c49475	0
20260814T135826000000Z.json	2026-08-14T13:58:26.000000Z	f174ddf680ff76ba21de296c51f19ee74dfa821e0273305f59d58e2063c49475	0
20260814T152518000000Z.json	2026-08-14T15:25:18.000000Z	f174ddf680ff76ba21de296c51f19ee74dfa821e0273305f59d58e2063c49475	0
20260814T153910000000Z.json	2026-08-14T15:39:10.000000Z	f174ddf680ff76ba21de296c51f19ee74dfa821e0273305f59d58e2063c49475	0
20260814T163602000000Z.json	2026-08-14T16:36:02.000000Z	f174ddf680ff76ba21de296c51f19ee74dfa821e0273305f59d58e2063c49475	0
20260814T173710000000Z.json	2026-08-14T17:37:10.000000Z	7bf2fec11a2bcb36c56d3ef1fa34df32967d1029cce8ae338a64ec8dece9db72	1
20260814T174409000000Z.json	2026-08-14T17:44:09.000000Z	7bf2fec11a2bcb36c56d3ef1fa34df32967d1029cce8ae338a64ec8dece9db72	0
20260814T201859000000Z.json	2026-08-14T20:18:59.000000Z	7bf2fec11a2bcb36c56d3ef1fa34df32967d1029cce8ae338a64ec8dece9db72	0
20260817T065740000000Z.json	2026-08-17T06:57:40.000000Z	bb35caa9f17858d14850cd9d2c494b998a245d675d6a758a0abcab45dbe659f0	1
20260817T082108000000Z.json	2026-08-17T08:21:08.000000Z	bb35caa9f17858d14850cd9d2c494b998a245d675d6a758a0abcab45dbe659f0	0
20260817T095054000000Z.json	2026-08-17T09:50:54.000000Z	bb35caa9f17858d14850cd9d2c494b998a245d675d6a758a0abcab45dbe659f0	0
20260817T095701000000Z.json	2026-08-17T09:57:01.000000Z	bb35caa9f17858d14850cd9d2c494b998a245d675d6a758a0abcab45dbe659f0	0
20260817T112833000000Z.json	2026-08-17T11:28:33.000000Z	bb35caa9f17858d14850cd9d2c494b998a245d675d6a758a0abcab45dbe659f0	0
20260817T125009000000Z.json	2026-08-17T12:50:09.000000Z	bb35caa9f17858d14850cd9d2c494b998a245d675d6a758a0abcab45dbe659f0	0
20260817T141736000000Z.json	2026-08-17T14:17:36.000000Z	d7d37230a211142e51f2c3314f796f639b384b2b65a81408cbec5fb941b531aa	1
20260817T152636000000Z.json	2026-08-17T15:26:36.000000Z	794728be7dc9032772919974451a19ce37ecae05d23c6c607c72109cefee8146	1
20260817T162735000000Z.json	2026-08-17T16:27:35.000000Z	57d93b254236097aafaefa2271997482f23862dbac997436675d3fc2fe577863	1
20260817T174011000000Z.json	2026-08-17T17:40:11.000000Z	057c9379164fcf086be5528aa0507dafcd6e65f01adefb27f6f12cd3c8cf1f48	1
20260817T180058000000Z.json	2026-08-17T18:00:58.000000Z	6292ed972c8c410901e77b84960e1d86292699242b73acc9f43715c4709a3566	1
20260817T193520000000Z.json	2026-08-17T19:35:20.000000Z	6292ed972c8c410901e77b84960e1d86292699242b73acc9f43715c4709a3566	0
20260817T203743000000Z.json	2026-08-17T20:37:43.000000Z	6292ed972c8c410901e77b84960e1d86292699242b73acc9f43715c4709a3566	0
20260817T205744000000Z.json	2026-08-17T20:57:44.000000Z	6292ed972c8c410901e77b84960e1d86292699242b73acc9f43715c4709a3566	0
20260817T220758000000Z.json	2026-08-17T22:07:58.000000Z	6292ed972c8c410901e77b84960e1d86292699242b73acc9f43715c4709a3566	0
20260817T224957000000Z.json	2026-08-17T22:49:57.000000Z	6292ed972c8c410901e77b84960e1d86292699242b73acc9f43715c4709a3566	0
20260817T233707000000Z.json	2026-08-17T23:37:07.000000Z	6292ed972c8c410901e77b84960e1d86292699242b73acc9f43715c4709a3566	0
20260818T012157000000Z.json	2026-08-18T01:21:57.000000Z	6292ed972c8c410901e77b84960e1d86292699242b73acc9f43715c4709a3566	0
20260818T023034000000Z.json	2026-08-18T02:30:34.000000Z	6292ed972c8c410901e77b84960e1d86292699242b73acc9f43715c4709a3566	0
20260818T063919000000Z.json	2026-08-18T06:39:19.000000Z	a5a8ae4b66840dc275f6bbadf0827be1130c5e56deefdd8ba956f09d9dda9682	1
20260818T074348000000Z.json	2026-08-18T07:43:48.000000Z	a5a8ae4b66840dc275f6bbadf0827be1130c5e56deefdd8ba956f09d9dda9682	0
20260818T081245000000Z.json	2026-08-18T08:12:45.000000Z	a5a8ae4b66840dc275f6bbadf0827be1130c5e56deefdd8ba956f09d9dda9682	0
20260818T093851000000Z.json	2026-08-18T09:38:51.000000Z	a5a8ae4b66840dc275f6bbadf0827be1130c5e56deefdd8ba956f09d9dda9682	0
20260818T104327000000Z.json	2026-08-18T10:43:27.000000Z	79ed2fa41b0354d4ab7dca37dba733e591584716138ea4a0943eaeada6a710de	1
20260818T113836000000Z.json	2026-08-18T11:38:36.000000Z	79ed2fa41b0354d4ab7dca37dba733e591584716138ea4a0943eaeada6a710de	0
20260818T130248000000Z.json	2026-08-18T13:02:48.000000Z	79ed2fa41b0354d4ab7dca37dba733e591584716138ea4a0943eaeada6a710de	0
20260818T134400000000Z.json	2026-08-18T13:44:00.000000Z	2f19da3fca9565f75ed9005345b65f59bcc0aece06755f917f2a787df26a3ac4	1
20260818T141543000000Z.json	2026-08-18T14:15:43.000000Z	2f19da3fca9565f75ed9005345b65f59bcc0aece06755f917f2a787df26a3ac4	0
20260818T181047000000Z.json	2026-08-18T18:10:47.000000Z	7c8fa5fbd7c9fa3368941f4abf331f18d1e862a5c9792a6a0a1b1022898fdeb2	1
20260818T193825000000Z.json	2026-08-18T19:38:25.000000Z	a06ae256ca3e5f7990dcac33ceefc636b993ddab94bdc65411f3f4b0ec4caeff	1
20260818T203649000000Z.json	2026-08-18T20:36:49.000000Z	7aa782e9919995b7c9cf12d83d9edbda96c148d0d88786eb31149a13cc3e0280	1
20260818T212054000000Z.json	2026-08-18T21:20:54.000000Z	7aa782e9919995b7c9cf12d83d9edbda96c148d0d88786eb31149a13cc3e0280	0
20260818T220758000000Z.json	2026-08-18T22:07:58.000000Z	7aa782e9919995b7c9cf12d83d9edbda96c148d0d88786eb31149a13cc3e0280	0
20260818T225656000000Z.json	2026-08-18T22:56:56.000000Z	7aa782e9919995b7c9cf12d83d9edbda96c148d0d88786eb31149a13cc3e0280	0
20260819T014408000000Z.json	2026-08-19T01:44:08.000000Z	7aa782e9919995b7c9cf12d83d9edbda96c148d0d88786eb31149a13cc3e0280	0
20260819T022143000000Z.json	2026-08-19T02:21:43.000000Z	7aa782e9919995b7c9cf12d83d9edbda96c148d0d88786eb31149a13cc3e0280	0
20260819T034603000000Z.json	2026-08-19T03:46:03.000000Z	8c7702e5a3ab618d82326737265c538b8a857a6f28a402bd9a5258cd1de1d287	1
20260819T060921000000Z.json	2026-08-19T06:09:21.000000Z	8c7702e5a3ab618d82326737265c538b8a857a6f28a402bd9a5258cd1de1d287	0
20260819T073652000000Z.json	2026-08-19T07:36:52.000000Z	43877e2f882919ab87c195994db8f67d291be6f8a465ca5b8cfe14151c0b0bb9	1
20260819T080719000000Z.json	2026-08-19T08:07:19.000000Z	43877e2f882919ab87c195994db8f67d291be6f8a465ca5b8cfe14151c0b0bb9	0
20260819T093426000000Z.json	2026-08-19T09:34:26.000000Z	43877e2f882919ab87c195994db8f67d291be6f8a465ca5b8cfe14151c0b0bb9	0
20260819T112411000000Z.json	2026-08-19T11:24:11.000000Z	03024d3fada2e2e50ebb3d3b7a8390f0a2f948e08c6ff35c1995dc007a103b3e	1
20260819T124523000000Z.json	2026-08-19T12:45:23.000000Z	3bd223a5c1c80ff82f71236a444e6261a241b8b67bc83c3b6aaecd6181c635e6	1
20260819T134431000000Z.json	2026-08-19T13:44:31.000000Z	3bd223a5c1c80ff82f71236a444e6261a241b8b67bc83c3b6aaecd6181c635e6	0
20260819T135448000000Z.json	2026-08-19T13:54:48.000000Z	3bd223a5c1c80ff82f71236a444e6261a241b8b67bc83c3b6aaecd6181c635e6	0
20260819T151547000000Z.json	2026-08-19T15:15:47.000000Z	497d8c14990a082cda9d733518cabbb82ff4897c7ad50e8a3c8aad8529a5b7f2	1
20260819T164056000000Z.json	2026-08-19T16:40:56.000000Z	8e2a3249f4741cd8082072b8c0249a54c5254bdc90032f6f7fd6b40f901ac924	1
20260819T164613000000Z.json	2026-08-19T16:46:13.000000Z	8e2a3249f4741cd8082072b8c0249a54c5254bdc90032f6f7fd6b40f901ac924	0
20260819T184354000000Z.json	2026-08-19T18:43:54.000000Z	eab394746d3ba54a318978f12ae23fba2f27ff26e2f49d2fed268aafb798463e	1
20260819T192111000000Z.json	2026-08-19T19:21:11.000000Z	797b685f1360a8c36524a2202ba9ddec5ccfa77944c3f648c17843bf1a24a957	1
20260819T200600000000Z.json	2026-08-19T20:06:00.000000Z	797b685f1360a8c36524a2202ba9ddec5ccfa77944c3f648c17843bf1a24a957	0
20260819T213555000000Z.json	2026-08-19T21:35:55.000000Z	797b685f1360a8c36524a2202ba9ddec5ccfa77944c3f648c17843bf1a24a957	0
20260819T220546000000Z.json	2026-08-19T22:05:46.000000Z	797b685f1360a8c36524a2202ba9ddec5ccfa77944c3f648c17843bf1a24a957	0
20260819T231600000000Z.json	2026-08-19T23:16:00.000000Z	797b685f1360a8c36524a2202ba9ddec5ccfa77944c3f648c17843bf1a24a957	0
20260820T015116000000Z.json	2026-08-20T01:51:16.000000Z	af62c14a6a676fbbf7d051f9a13543dd793cd3a5cf7ae8a5be6ce8f532034539	1
20260820T021724000000Z.json	2026-08-20T02:17:24.000000Z	d0190e1d31820535b6400653345905d702ccb5c5ad184b374a70e71abced3d6a	1
20260820T034249000000Z.json	2026-08-20T03:42:49.000000Z	6c4b0c203a6082537bb645aee93e96908748805208ced827cefd4d618a8f47c9	1
20260820T064456000000Z.json	2026-08-20T06:44:56.000000Z	a4e057b7b173c2810ddfbea106b6ac57133571d48aa81598195b3d1d5078ef03	1
20260820T074858000000Z.json	2026-08-20T07:48:58.000000Z	a4e057b7b173c2810ddfbea106b6ac57133571d48aa81598195b3d1d5078ef03	0
20260820T083754000000Z.json	2026-08-20T08:37:54.000000Z	a4e057b7b173c2810ddfbea106b6ac57133571d48aa81598195b3d1d5078ef03	0
20260820T093709000000Z.json	2026-08-20T09:37:09.000000Z	4d0c84332b3b0c07aeda99bf24a2eedd1156dc9b6864f0308c563d7b4fe404b3	1
20260820T101337000000Z.json	2026-08-20T10:13:37.000000Z	a66fa3dcc09391e5bbc4f1befba4d746d9ef6d2ed9bcc356d9ae5293eff319dc	1
20260820T111150000000Z.json	2026-08-20T11:11:50.000000Z	b046964c9585f331afcec2ea137134fd173d607576d95a6c5d5c981cfa4a1e01	1
20260820T123546000000Z.json	2026-08-20T12:35:46.000000Z	b046964c9585f331afcec2ea137134fd173d607576d95a6c5d5c981cfa4a1e01	0
20260820T134702000000Z.json	2026-08-20T13:47:02.000000Z	90806c933d18a0224c67ff1028b60462eed4f1c1ca7f027de02c12b4a0f19e4f	1
20260820T143538000000Z.json	2026-08-20T14:35:38.000000Z	90806c933d18a0224c67ff1028b60462eed4f1c1ca7f027de02c12b4a0f19e4f	0
20260820T154415000000Z.json	2026-08-20T15:44:15.000000Z	90806c933d18a0224c67ff1028b60462eed4f1c1ca7f027de02c12b4a0f19e4f	0
20260820T171452000000Z.json	2026-08-20T17:14:52.000000Z	11d1b925206e5f02a26d19df7d30c945c805fce8e4d3f273766308f21be9c9fc	1
20260820T184617000000Z.json	2026-08-20T18:46:17.000000Z	036e04dd385a1acb0482da21d9876b807ce7b16028e7a433a9dde8f6c654fbf3	1
20260820T193546000000Z.json	2026-08-20T19:35:46.000000Z	d49a7a6932a358b5729925fbe0f790fe2c6070d8b8c57fea233e2ffd314c815e	1
20260820T203925000000Z.json	2026-08-20T20:39:25.000000Z	d49a7a6932a358b5729925fbe0f790fe2c6070d8b8c57fea233e2ffd314c815e	0
20260820T215207000000Z.json	2026-08-20T21:52:07.000000Z	eb0361113eb2a199b2463c7837abed37a58a543b301f9cbd831e66389d639f29	1
20260820T231202000000Z.json	2026-08-20T23:12:02.000000Z	eb0361113eb2a199b2463c7837abed37a58a543b301f9cbd831e66389d639f29	0
20260821T013949000000Z.json	2026-08-21T01:39:49.000000Z	eb0361113eb2a199b2463c7837abed37a58a543b301f9cbd831e66389d639f29	0
20260821T020618000000Z.json	2026-08-21T02:06:18.000000Z	eb0361113eb2a199b2463c7837abed37a58a543b301f9cbd831e66389d639f29	0
20260821T033259000000Z.json	2026-08-21T03:32:59.000000Z	eb0361113eb2a199b2463c7837abed37a58a543b301f9cbd831e66389d639f29	0
20260821T062918000000Z.json	2026-08-21T06:29:18.000000Z	9bd7d840f7d5f7854603960736c817c01d36bb41ba48cf61fd42777916cfe8fb	1
20260821T082228000000Z.json	2026-08-21T08:22:28.000000Z	f2b32909da55d824c8a11defbc18bf83ebd4f97420526a4b529c4d05b1309977	1
20260821T092419000000Z.json	2026-08-21T09:24:19.000000Z	f2b32909da55d824c8a11defbc18bf83ebd4f97420526a4b529c4d05b1309977	0
20260821T105615000000Z.json	2026-08-21T10:56:15.000000Z	7c6860dacd0428186c4816734edd91f36bff10e99658cd059268a71e7a07c706	1
20260821T125545000000Z.json	2026-08-21T12:55:45.000000Z	7c6860dacd0428186c4816734edd91f36bff10e99658cd059268a71e7a07c706	0
20260821T131602000000Z.json	2026-08-21T13:16:02.000000Z	7c6860dacd0428186c4816734edd91f36bff10e99658cd059268a71e7a07c706	0
20260821T144645000000Z.json	2026-08-21T14:46:45.000000Z	72ee29412715612bb80c5f7350825f5f7c5ded78e2bcb68319a4d8a6d55b129f	1
20260821T153636000000Z.json	2026-08-21T15:36:36.000000Z	72ee29412715612bb80c5f7350825f5f7c5ded78e2bcb68319a4d8a6d55b129f	0
20260821T182500000000Z.json	2026-08-21T18:25:00.000000Z	627f89379d8e45a1016784a928a2b7894a0bbf556dcc2c891b1c8ee806281aba	1
20260821T193444000000Z.json	2026-08-21T19:34:44.000000Z	ec1b3fc25bd1df0444a58d10bfd57d17852830a484a9ae10059d810a3f36e037	1
20260821T202630000000Z.json	2026-08-21T20:26:30.000000Z	a7f288b7e1f19b9a9d2a6490cc8fb96969bac3c3484d07bf64b32cd3fd6ea5cd	1
20260821T212614000000Z.json	2026-08-21T21:26:14.000000Z	a7f288b7e1f19b9a9d2a6490cc8fb96969bac3c3484d07bf64b32cd3fd6ea5cd	0
20260821T225336000000Z.json	2026-08-21T22:53:36.000000Z	a7f288b7e1f19b9a9d2a6490cc8fb96969bac3c3484d07bf64b32cd3fd6ea5cd	0
20260822T011254000000Z.json	2026-08-22T01:12:54.000000Z	a7f288b7e1f19b9a9d2a6490cc8fb96969bac3c3484d07bf64b32cd3fd6ea5cd	0
20260822T014447000000Z.json	2026-08-22T01:44:47.000000Z	3c29e0bcfcd8e48eebbe09f792cc0aac88deb08448dafcb86fd84dd6ffb2acb9	1
20260822T033128000000Z.json	2026-08-22T03:31:28.000000Z	d869ca81535f5d72d30381205b310a4f1a3ca8ef011042351e12978e4a64e0a4	1
20260822T062123000000Z.json	2026-08-22T06:21:23.000000Z	d869ca81535f5d72d30381205b310a4f1a3ca8ef011042351e12978e4a64e0a4	0
20260822T074740000000Z.json	2026-08-22T07:47:40.000000Z	d869ca81535f5d72d30381205b310a4f1a3ca8ef011042351e12978e4a64e0a4	0
20260822T091623000000Z.json	2026-08-22T09:16:23.000000Z	d869ca81535f5d72d30381205b310a4f1a3ca8ef011042351e12978e4a64e0a4	0
20260822T101144000000Z.json	2026-08-22T10:11:44.000000Z	4a62d62d0d194dc353831c4e7e3e467f4bb522006db1ae23be95730a8dad2d81	1
20260822T111306000000Z.json	2026-08-22T11:13:06.000000Z	4a62d62d0d194dc353831c4e7e3e467f4bb522006db1ae23be95730a8dad2d81	0
20260822T121628000000Z.json	2026-08-22T12:16:28.000000Z	ffd5c1e4c6fa3a3a3693083849dff67fa97b7d0d30f92653ae9d1a34bbfc3a82	1
20260822T135142000000Z.json	2026-08-22T13:51:42.000000Z	f2e1aaebfa3833bb45744c469673867046462e7b27c2399c0dd34533fded43e7	1
20260822T151632000000Z.json	2026-08-22T15:16:32.000000Z	f2e1aaebfa3833bb45744c469673867046462e7b27c2399c0dd34533fded43e7	0
20260822T160712000000Z.json	2026-08-22T16:07:12.000000Z	f2e1aaebfa3833bb45744c469673867046462e7b27c2399c0dd34533fded43e7	0
20260822T173247000000Z.json	2026-08-22T17:32:47.000000Z	54d746e36346cf71b07d6784b20dbadbccb498b59db6b0f48c9fec263543fecd	1
20260822T182706000000Z.json	2026-08-22T18:27:06.000000Z	54d746e36346cf71b07d6784b20dbadbccb498b59db6b0f48c9fec263543fecd	0
20260822T192554000000Z.json	2026-08-22T19:25:54.000000Z	54d746e36346cf71b07d6784b20dbadbccb498b59db6b0f48c9fec263543fecd	0
20260822T203044000000Z.json	2026-08-22T20:30:44.000000Z	14bf357fadafe724b8b3cf29051e20d60427d8cd5700613aa69cd509e241a945	1
20260822T212606000000Z.json	2026-08-22T21:26:06.000000Z	f19388ea1a3e2d9a159d3ffa2ac0dbf3ee5c6a686063cc641686890e302b2c8f	1
20260822T215527000000Z.json	2026-08-22T21:55:27.000000Z	f19388ea1a3e2d9a159d3ffa2ac0dbf3ee5c6a686063cc641686890e302b2c8f	0
20260822T225607000000Z.json	2026-08-22T22:56:07.000000Z	bf47f69d81f0e5c8778a2a210e1eb2ed9cc1cb294dd9cedbfc3e9ea9166acfba	1
20260823T015601000000Z.json	2026-08-23T01:56:01.000000Z	58e9926a8f9ce656249eca69c6f857c592f0a889d218acc3acfeab5914eabf3f	1
20260823T030749000000Z.json	2026-08-23T03:07:49.000000Z	60687ba1ace1842b2e5b37e7ae3ab10ebc4a27c798c220cbeb4837bb1cb85a8f	1
20260823T032604000000Z.json	2026-08-23T03:26:04.000000Z	60687ba1ace1842b2e5b37e7ae3ab10ebc4a27c798c220cbeb4837bb1cb85a8f	0
20260823T040009000000Z.json	2026-08-23T04:00:09.000000Z	60687ba1ace1842b2e5b37e7ae3ab10ebc4a27c798c220cbeb4837bb1cb85a8f	0
20260823T062611000000Z.json	2026-08-23T06:26:11.000000Z	60687ba1ace1842b2e5b37e7ae3ab10ebc4a27c798c220cbeb4837bb1cb85a8f	0
20260823T083407000000Z.json	2026-08-23T08:34:07.000000Z	60687ba1ace1842b2e5b37e7ae3ab10ebc4a27c798c220cbeb4837bb1cb85a8f	0
20260823T092216000000Z.json	2026-08-23T09:22:16.000000Z	c2b7129b5938e7200ff5502bed998d4383d093c80633777119627f61878afbf0	1
20260823T104608000000Z.json	2026-08-23T10:46:08.000000Z	c2b7129b5938e7200ff5502bed998d4383d093c80633777119627f61878afbf0	0
20260823T121606000000Z.json	2026-08-23T12:16:06.000000Z	c2b7129b5938e7200ff5502bed998d4383d093c80633777119627f61878afbf0	0
20260823T135850000000Z.json	2026-08-23T13:58:50.000000Z	1665c33066b0782715bc767f01ac911c7b11f67bf9d9994c0f8402bff057d2a6	1
20260823T151612000000Z.json	2026-08-23T15:16:12.000000Z	1665c33066b0782715bc767f01ac911c7b11f67bf9d9994c0f8402bff057d2a6	0
20260823T161458000000Z.json	2026-08-23T16:14:58.000000Z	1665c33066b0782715bc767f01ac911c7b11f67bf9d9994c0f8402bff057d2a6	0
20260823T170240000000Z.json	2026-08-23T17:02:40.000000Z	1665c33066b0782715bc767f01ac911c7b11f67bf9d9994c0f8402bff057d2a6	0
20260823T180810000000Z.json	2026-08-23T18:08:10.000000Z	0cd9f0c11ae08279c2f515d9244f1088e1a558ca16dfb42a365bbf4406f65b35	1
20260823T184632000000Z.json	2026-08-23T18:46:32.000000Z	669c1c5e4979574ca6e652fa858cf6feac109f38e3606784cd0285a5640e8531	1
20260823T202327000000Z.json	2026-08-23T20:23:27.000000Z	669c1c5e4979574ca6e652fa858cf6feac109f38e3606784cd0285a5640e8531	0
20260823T214119000000Z.json	2026-08-23T21:41:19.000000Z	a47778f48c134ff2bc884fc68dcd21bdfc6087b1578c8049391a05c87da1bc64	1
20260823T223344000000Z.json	2026-08-23T22:33:44.000000Z	a47778f48c134ff2bc884fc68dcd21bdfc6087b1578c8049391a05c87da1bc64	0
20260823T224611000000Z.json	2026-08-23T22:46:11.000000Z	a47778f48c134ff2bc884fc68dcd21bdfc6087b1578c8049391a05c87da1bc64	0
20260824T014010000000Z.json	2026-08-24T01:40:10.000000Z	a47778f48c134ff2bc884fc68dcd21bdfc6087b1578c8049391a05c87da1bc64	0
20260824T030647000000Z.json	2026-08-24T03:06:47.000000Z	a47778f48c134ff2bc884fc68dcd21bdfc6087b1578c8049391a05c87da1bc64	0
20260824T065111000000Z.json	2026-08-24T06:51:11.000000Z	631f11e753e8dd6151ff4958ae23aa0f937dcf59a93801aa1dd8f1cc4404c3b4	1
20260824T081615000000Z.json	2026-08-24T08:16:15.000000Z	631f11e753e8dd6151ff4958ae23aa0f937dcf59a93801aa1dd8f1cc4404c3b4	0
20260824T094855000000Z.json	2026-08-24T09:48:55.000000Z	631f11e753e8dd6151ff4958ae23aa0f937dcf59a93801aa1dd8f1cc4404c3b4	0
20260824T113933000000Z.json	2026-08-24T11:39:33.000000Z	631f11e753e8dd6151ff4958ae23aa0f937dcf59a93801aa1dd8f1cc4404c3b4	0
20260824T124607000000Z.json	2026-08-24T12:46:07.000000Z	7641e7bd9cc98b4d36ab8cc29bb5f8704ddde926cade0b0289cf044645d5b108	1
20260824T141046000000Z.json	2026-08-24T14:10:46.000000Z	7641e7bd9cc98b4d36ab8cc29bb5f8704ddde926cade0b0289cf044645d5b108	0
20260824T153730000000Z.json	2026-08-24T15:37:30.000000Z	7641e7bd9cc98b4d36ab8cc29bb5f8704ddde926cade0b0289cf044645d5b108	0
20260824T170312000000Z.json	2026-08-24T17:03:12.000000Z	7641e7bd9cc98b4d36ab8cc29bb5f8704ddde926cade0b0289cf044645d5b108	0
20260824T183535000000Z.json	2026-08-24T18:35:35.000000Z	ac71b0ce1eec1ac5979e764f12ec0d07ea3f0d2296bd54e9b52a04e67c87422b	1
20260824T201104000000Z.json	2026-08-24T20:11:04.000000Z	ac71b0ce1eec1ac5979e764f12ec0d07ea3f0d2296bd54e9b52a04e67c87422b	0
20260825T001500000000Z.json	2026-08-25T00:15:00.000000Z	ac71b0ce1eec1ac5979e764f12ec0d07ea3f0d2296bd54e9b52a04e67c87422b	0
20260825T002635000000Z.json	2026-08-25T00:26:35.000000Z	ac71b0ce1eec1ac5979e764f12ec0d07ea3f0d2296bd54e9b52a04e67c87422b	0
20260825T071252000000Z.json	2026-08-25T07:12:52.000000Z	ac71b0ce1eec1ac5979e764f12ec0d07ea3f0d2296bd54e9b52a04e67c87422b	0
20260825T101517000000Z.json	2026-08-25T10:15:17.000000Z	ac71b0ce1eec1ac5979e764f12ec0d07ea3f0d2296bd54e9b52a04e67c87422b	0
20260825T101809000000Z.json	2026-08-25T10:18:09.000000Z	ac71b0ce1eec1ac5979e764f12ec0d07ea3f0d2296bd54e9b52a04e67c87422b	0
20260825T163242000000Z.json	2026-08-25T16:32:42.000000Z	addb1aa337498262f15c5a3d2fbee0e6da536df42a5db8ce2cc5ff820f5b85e8	1
20260825T173742000000Z.json	2026-08-25T17:37:42.000000Z	a86bc4cb3332adb6f536b7e979e7a8fbc1f620c893105fbac31d0e339bbfae0c	1
20260825T184058000000Z.json	2026-08-25T18:40:58.000000Z	a86bc4cb3332adb6f536b7e979e7a8fbc1f620c893105fbac31d0e339bbfae0c	0
20260825T194425000000Z.json	2026-08-25T19:44:25.000000Z	6885d575bd45e0e517647e9ab8bd516daecebfe8a167b7b5352442d39ed861f8	1
20260825T204415000000Z.json	2026-08-25T20:44:15.000000Z	6885d575bd45e0e517647e9ab8bd516daecebfe8a167b7b5352442d39ed861f8	0
20260825T211956000000Z.json	2026-08-25T21:19:56.000000Z	6885d575bd45e0e517647e9ab8bd516daecebfe8a167b7b5352442d39ed861f8	0
20260825T223747000000Z.json	2026-08-25T22:37:47.000000Z	6885d575bd45e0e517647e9ab8bd516daecebfe8a167b7b5352442d39ed861f8	0
20260825T231001000000Z.json	2026-08-25T23:10:01.000000Z	6885d575bd45e0e517647e9ab8bd516daecebfe8a167b7b5352442d39ed861f8	0
20260826T014252000000Z.json	2026-08-26T01:42:52.000000Z	9003af7d404de7a04ff33d32e1ef5082829afcf147cbe6f6a0b7c026302adb2e	1
20260826T030623000000Z.json	2026-08-26T03:06:23.000000Z	c2985a5705a383f4cae3c8c862421efaff2479c1b9a7b50fce06dd8c52182b13	1
20260826T055946000000Z.json	2026-08-26T05:59:46.000000Z	c2985a5705a383f4cae3c8c862421efaff2479c1b9a7b50fce06dd8c52182b13	0
20260826T072603000000Z.json	2026-08-26T07:26:03.000000Z	c2985a5705a383f4cae3c8c862421efaff2479c1b9a7b50fce06dd8c52182b13	0
20260826T085031000000Z.json	2026-08-26T08:50:31.000000Z	c2985a5705a383f4cae3c8c862421efaff2479c1b9a7b50fce06dd8c52182b13	0
20260826T104336000000Z.json	2026-08-26T10:43:36.000000Z	c2985a5705a383f4cae3c8c862421efaff2479c1b9a7b50fce06dd8c52182b13	0
20260826T130853000000Z.json	2026-08-26T13:08:53.000000Z	f7169272b54e16cf48f25d2465ad80b4e08b0ed51e349cccfe73e94a0b0afe84	1
20260826T135959000000Z.json	2026-08-26T13:59:59.000000Z	f7169272b54e16cf48f25d2465ad80b4e08b0ed51e349cccfe73e94a0b0afe84	0
20260826T150751000000Z.json	2026-08-26T15:07:51.000000Z	f7169272b54e16cf48f25d2465ad80b4e08b0ed51e349cccfe73e94a0b0afe84	0
20260826T175624000000Z.json	2026-08-26T17:56:24.000000Z	675c72f14883326c879c41abb9a3faad6736eb0bd99a10a1681b11139d6b99dc	1
20260826T205012000000Z.json	2026-08-26T20:50:12.000000Z	3777e871c9c963c751fc96f9eff3a88e4ebdcd26f6537feb8104642a3529cfa5	1
20260827T001032000000Z.json	2026-08-27T00:10:32.000000Z	306608c20fe495b4d14dde3cb7becbdef41b75366e886c6440084e0e077ab8ff	1
20260827T111206000000Z.json	2026-08-27T11:12:06.000000Z	36819849f6f009614d443710137b679b5f8968d7c98ba7118952f178c41291bf	1
20260827T221234000000Z.json	2026-08-27T22:12:34.000000Z	926377204f8cfbaa1ab0cd5366cb1431a9979900f80c641ed74e94d3c969d9c2	1
20260828T031723000000Z.json	2026-08-28T03:17:23.000000Z	309a2cbdabf1308cb81b0cd33b7a49d7e6e4a768f96f04b438044ed4fe1c9f2d	1
20260828T182857000000Z.json	2026-08-28T18:28:57.000000Z	5ab6c73d4151ac768294467a63f07a7e85fd1f66d207714d91e94efb9906a852	1
20260829T020622000000Z.json	2026-08-29T02:06:22.000000Z	a122bebf67322e22b7b2b187d2a96a2c62171785853a12a374d9da806afbac42	1
20260829T075606000000Z.json	2026-08-29T07:56:06.000000Z	a122bebf67322e22b7b2b187d2a96a2c62171785853a12a374d9da806afbac42	0
20260829T140621000000Z.json	2026-08-29T14:06:21.000000Z	40698744bdaa66e0b5f236144a32b9640842fe7c2f70015dd34dc37a3de5974a	1
20260829T170618000000Z.json	2026-08-29T17:06:18.000000Z	40698744bdaa66e0b5f236144a32b9640842fe7c2f70015dd34dc37a3de5974a	0
20260829T213610000000Z.json	2026-08-29T21:36:10.000000Z	40698744bdaa66e0b5f236144a32b9640842fe7c2f70015dd34dc37a3de5974a	0
20260829T232918000000Z.json	2026-08-29T23:29:18.000000Z	863b5f3e56633dc43275f6ac58ee7833108c1c9d18fe9b2c0e1dfc811c6ee2e2	1
20260830T052025000000Z.json	2026-08-30T05:20:25.000000Z	b52347b202c705f0c1870ad099c8599cdf709013db8e90672e3a2749a1d6ce35	1
20260830T110749000000Z.json	2026-08-30T11:07:49.000000Z	b52347b202c705f0c1870ad099c8599cdf709013db8e90672e3a2749a1d6ce35	0
20260830T155612000000Z.json	2026-08-30T15:56:12.000000Z	5c292cd144a2611dcded3d48cdf3864e405d3cbd2c98002e0933c686d3072fef	1
20260830T190908000000Z.json	2026-08-30T19:09:08.000000Z	dd5e0cd1a6fd31b8b82db115c65186d8c8572afecb1713432448094c7887d229	1
20260830T215603000000Z.json	2026-08-30T21:56:03.000000Z	1a47dbf03e66623063cd62eab84377e94cc902642d5c6f4244d973c3a4d9c929	1
20260831T010800000000Z.json	2026-08-31T01:08:00.000000Z	5ace331e2b2115db5209e50d3ded2b88e76de001ec6837a0be7412fb34a74ba3	1
20260831T070709000000Z.json	2026-08-31T07:07:09.000000Z	5415af43cf45728786e53be35af8849d7bf231e5b5729560579a6127afc57cba	1
20260831T145644000000Z.json	2026-08-31T14:56:44.000000Z	5415af43cf45728786e53be35af8849d7bf231e5b5729560579a6127afc57cba	0
20260831T203902000000Z.json	2026-08-31T20:39:02.000000Z	e1ecf109c8530c1f4266b76694fdbdffc2e22df468b2e00da1051564f5f6363e	1
20260901T002434000000Z.json	2026-09-01T00:24:34.000000Z	cc7a4a881f54b5b4710268e2671d71cd6a99b1c5ccb5199c5d80415546287e38	1
20260901T060919000000Z.json	2026-09-01T06:09:19.000000Z	4fe509c963b610ed7d99b48a36a0ae3789085e2d5a37ca1e17c4e7b9c8213207	1
20260901T121605000000Z.json	2026-09-01T12:16:05.000000Z	9cd8e83d4af0c971f2b2286609bbb61c33afc33be7b12ec09341acf323061ea0	1
20260901T125138000000Z.json	2026-09-01T12:51:38.000000Z	9cd8e83d4af0c971f2b2286609bbb61c33afc33be7b12ec09341acf323061ea0	0
20260902T045624000000Z.json	2026-09-02T04:56:24.000000Z	620c7036f59cd39803c6d310091ae9e34eaf6136f88920af00866766776238aa	1
20260902T112330000000Z.json	2026-09-02T11:23:30.000000Z	9c8840df4c34c52c5e28d4b9cc94366e66ecdeb48a3cf1743104eac0d1a71c50	1
20260902T154549000000Z.json	2026-09-02T15:45:49.000000Z	f0d99e176d76bc47b27c2bee7a5471ffb41de9d7bf17ccc5f43a22d24abd95f4	1
20260902T183922000000Z.json	2026-09-02T18:39:22.000000Z	684e87c742225f401c2e9eaf61d45856959f1703c9659a88542c58e8b116594c	1
20260902T193413000000Z.json	2026-09-02T19:34:13.000000Z	695a97c2167140ba04f2be7bc03d6ecdfc76dd07f5aa4b70b70f4af1a116eed6	1
20260902T223457000000Z.json	2026-09-02T22:34:57.000000Z	2eb53187d76e71c468f07ac6145bbd0cfb81e30c5e89ff288fa5d9ff85f63d08	1
20260903T004128000000Z.json	2026-09-03T00:41:28.000000Z	ecabfa718acad47c082e69784d52547892a3242159256fab8b8ad1ec40e8cb8a	1
20260903T055639000000Z.json	2026-09-03T05:56:39.000000Z	b2d65b413595f19847168ff1397b24591032802313b45584c3ac444ed5732fb1	1
20260903T104949000000Z.json	2026-09-03T10:49:49.000000Z	b1e78ddff8a55ff73f4175dd2ee3c542fe21c5a523bbc2f87f70c1d19c344365	1
20260903T160719000000Z.json	2026-09-03T16:07:19.000000Z	540920221287d775859e099d183fac96102b405c51b91f2511de4bf21a6eabaf	1
20260903T194106000000Z.json	2026-09-03T19:41:06.000000Z	e7a5acfd16c9db5d2087d21892bb5cdea2e793dfd1b418d5cde14a652d99ca65	1
20260903T213444000000Z.json	2026-09-03T21:34:44.000000Z	168e5e62965763e5dc162ac8134e834b7cde6f97ac695d328a53daf766a44761	1
20260904T010031000000Z.json	2026-09-04T01:00:31.000000Z	3b9eea19993d945298f1f320e85cc6904a893057a9302fa129c0912542f69d12	1
20260904T051420000000Z.json	2026-09-04T05:14:20.000000Z	074a79e58aa469132b411b9819c137566df4040b6cc55df1a6047acaf5c37afb	1
20260904T105708000000Z.json	2026-09-04T10:57:08.000000Z	3bc4b13c5603f4c9cd89eb4f169c3d55b83e696c0b2ec0eea4f4570028ac9157	1
20260904T161508000000Z.json	2026-09-04T16:15:08.000000Z	b95f26316f4bcf70e70670e9df3b6e9b6a61df69b3efd8eda18c5655715da4e4	1
20260904T183648000000Z.json	2026-09-04T18:36:48.000000Z	b95f26316f4bcf70e70670e9df3b6e9b6a61df69b3efd8eda18c5655715da4e4	0
20260904T204859000000Z.json	2026-09-04T20:48:59.000000Z	83efd55c91f462c7e653066311d91a7d894c84c298c8680f9a3e40a5cab7171d	1
20260904T235716000000Z.json	2026-09-04T23:57:16.000000Z	99209f5b046a336eed17b9a4afd2405e132453f6fcfeea3a119232c1e01e0de1	1
20260905T040400000000Z.json	2026-09-05T04:04:00.000000Z	0896bf8cdbab26edd8a192129eea40a342fe28f82b78b9246eaf864a2f9493aa	1
20260905T083000000000Z.json	2026-09-05T08:30:00.000000Z	aec9fb085ec80dc13a585d5745f5da95fc4500e31543e8552f34cc8e2812d37e	1
20260905T123330000000Z.json	2026-09-05T12:33:30.000000Z	91ccb53ace79863000dd6ce33838c09b3b8f1910ce248238126b5ac04e8edf13	1
20260905T152443000000Z.json	2026-09-05T15:24:43.000000Z	00d79a63f3b04431bf928abd7c1ba1345547683052fb8fe1b3d1ac3454d09cab	1
20260905T175136000000Z.json	2026-09-05T17:51:36.000000Z	00d79a63f3b04431bf928abd7c1ba1345547683052fb8fe1b3d1ac3454d09cab	0
20260905T192843000000Z.json	2026-09-05T19:28:43.000000Z	00d79a63f3b04431bf928abd7c1ba1345547683052fb8fe1b3d1ac3454d09cab	0
20260906T060157000000Z.json	2026-09-06T06:01:57.000000Z	7abcbce9796fd5869c74cb3eb03fdbeadaa4f61b89a1ea8abadcccc9374d3c05	1
20260906T103009000000Z.json	2026-09-06T10:30:09.000000Z	37963d2fea58fbc0246b1bff49d03e9f572d60fa5eaf2932fa477bc49caeb0fe	1
20260906T133008000000Z.json	2026-09-06T13:30:08.000000Z	e121fb7db6db407022ed61c09fd9e3fdbe9bcee06898154ece3384d7bc10d8f2	1
20260906T170317000000Z.json	2026-09-06T17:03:17.000000Z	d442b1b3e10dcfa18cb63994687a27bdfafeb342420818270a1ad7d960259c20	1
20260906T183318000000Z.json	2026-09-06T18:33:18.000000Z	d442b1b3e10dcfa18cb63994687a27bdfafeb342420818270a1ad7d960259c20	0
20260906T195352000000Z.json	2026-09-06T19:53:52.000000Z	d442b1b3e10dcfa18cb63994687a27bdfafeb342420818270a1ad7d960259c20	0
20260906T205621000000Z.json	2026-09-06T20:56:21.000000Z	fd58233ea66055fe05367c19322753f69af094845fd4413f87ead9576eb48f30	1
20260906T235400000000Z.json	2026-09-06T23:54:00.000000Z	fd58233ea66055fe05367c19322753f69af094845fd4413f87ead9576eb48f30	0
20260907T042613000000Z.json	2026-09-07T04:26:13.000000Z	558757d01c969a0fdd1ec562be66f823e3466c8158addedad2e42c99bb7a2a0c	1
20260907T094653000000Z.json	2026-09-07T09:46:53.000000Z	504a4ef91dd0d15a14a44bde9e7629773d64f9e40bebae5ebdfc69453a1ce46e	1
20260907T162301000000Z.json	2026-09-07T16:23:01.000000Z	e3cd08644aeaea3d5bdf264f11bb51f6d912af5e9ae43754807c7352a2845e96	1
20260907T194934000000Z.json	2026-09-07T19:49:34.000000Z	abf617edabb23d21ff039f007a28ea8714e7aca6427586ef582997a6b937c42b	1
20260907T231620000000Z.json	2026-09-07T23:16:20.000000Z	eedb83c7bd0c9d4f088b9cd571cc068eb5b4eb5661769197e03fbca7d6dceb46	1
20260908T040911000000Z.json	2026-09-08T04:09:11.000000Z	61803f9e1fb9b561c9bd0f02ce7ab02ffe4cf6b22246012bfa552473773c51b7	1
20260908T081634000000Z.json	2026-09-08T08:16:34.000000Z	6e8ddb89a3fb869c11eef248779c0d077009d3b69cf600466a725c3f13ab37ee	1
20260908T140644000000Z.json	2026-09-08T14:06:44.000000Z	915013b293ce3ab88265928f971f8c9642845e1e3fbdc10aeeb5e4c018cf1d8e	1
20260908T181625000000Z.json	2026-09-08T18:16:25.000000Z	bcd85471a38ce73acf9d3978312ec615a3902ebc0fdb93fba0d0e338c581c8f3	1
20260908T213535000000Z.json	2026-09-08T21:35:35.000000Z	17c1194921899a8a8b808333cf0d078376f4d824d642ef71d7a0bb2496db1bb5	1
20260908T233611000000Z.json	2026-09-08T23:36:11.000000Z	f93999cbc2bc8b0bea3c69e67f462db0f197082869e8692a91b1973e4b485336	1
20260909T043938000000Z.json	2026-09-09T04:39:38.000000Z	2d6e78552603c498dd44575d077e44189eb3f11b47a0e1b6a47bebe510856ca3	1
20260909T092244000000Z.json	2026-09-09T09:22:44.000000Z	1651513407e3b8c1fbd0e1aca51c6e207e61aa2694460e001057ae3c3da01733	1
20260909T140220000000Z.json	2026-09-09T14:02:20.000000Z	1651513407e3b8c1fbd0e1aca51c6e207e61aa2694460e001057ae3c3da01733	0
20260909T183343000000Z.json	2026-09-09T18:33:43.000000Z	a4015092fa87d2cdebc3d16175f1bc88af7d164cbe4b2d4b1fed0e5c59993bcb	1
